12/31/1999,7.76E+09
1/3/2000,7.88E+09
1/4/2000,7.88E+09
1/5/2000,7.59E+09
1/6/2000,7.4E+09
1/7/2000,7.27E+09
1/10/2000,7.29E+09
1/11/2000,7.16E+09
1/12/2000,7.21E+09
1/13/2000,7.19E+09
1/14/2000,7.69E+09
1/17/2000,7.98E+09
1/18/2000,7.96E+09
1/19/2000,7.49E+09
1/20/2000,7.48E+09
1/21/2000,7.41E+09
1/24/2000,7.58E+09
1/25/2000,7.58E+09
1/26/2000,7.61E+09
1/27/2000,7.67E+09
1/28/2000,7.5E+09
1/31/2000,7.62E+09
2/1/2000,7.62E+09
2/2/2000,6.93E+09
2/3/2000,6.97E+09
2/4/2000,7.01E+09
2/7/2000,6.71E+09
2/8/2000,6.84E+09
2/9/2000,6.84E+09
2/10/2000,7.2E+09
2/11/2000,6.97E+09
2/14/2000,6.64E+09
2/15/2000,6.55E+09
2/16/2000,7E+09
2/17/2000,7.26E+09
2/18/2000,7.28E+09
2/21/2000,7.14E+09
2/22/2000,7.2E+09
2/23/2000,7.13E+09
2/24/2000,7.05E+09
2/25/2000,7.09E+09
2/28/2000,6.85E+09
2/29/2000,6.77E+09
3/1/2000,6.9E+09
3/2/2000,6.95E+09
3/3/2000,6.95E+09
3/6/2000,6.95E+09
3/7/2000,6.95E+09
3/8/2000,7.25E+09
3/9/2000,6.98E+09
3/10/2000,6.97E+09
3/13/2000,6.79E+09
3/14/2000,6.89E+09
3/15/2000,6.94E+09
3/16/2000,7.12E+09
3/17/2000,7.9E+09
3/20/2000,7.84E+09
3/21/2000,7.56E+09
3/22/2000,7.69E+09
3/23/2000,7.84E+09
3/24/2000,8.31E+09
3/27/2000,8.34E+09
3/28/2000,8.05E+09
3/29/2000,7.97E+09
3/30/2000,7.88E+09
3/31/2000,8.27E+09
4/3/2000,8.21E+09
4/4/2000,7.93E+09
4/5/2000,8.61E+09
4/6/2000,8.84E+09
4/7/2000,9.06E+09
4/10/2000,9.11E+09
4/11/2000,8.88E+09
4/12/2000,8.88E+09
4/13/2000,8.79E+09
4/14/2000,8.31E+09
4/17/2000,7.9E+09
4/18/2000,8.17E+09
4/19/2000,7.81E+09
4/20/2000,8.12E+09
4/21/2000,8.12E+09
4/24/2000,7.95E+09
4/25/2000,7.99E+09
4/26/2000,8.35E+09
4/27/2000,8.34E+09
4/28/2000,8.3E+09
5/1/2000,8.3E+09
5/2/2000,8.48E+09
5/3/2000,8.32E+09
5/4/2000,8.26E+09
5/5/2000,8.17E+09
5/8/2000,8.12E+09
5/9/2000,8.05E+09
5/10/2000,7.79E+09
5/11/2000,7.7E+09
5/12/2000,7.7E+09
5/15/2000,7.72E+09
5/16/2000,7.79E+09
5/17/2000,7.63E+09
5/18/2000,7.51E+09
5/19/2000,7.31E+09
5/22/2000,7.25E+09
5/23/2000,7.54E+09
5/24/2000,7.72E+09
5/25/2000,7.63E+09
5/26/2000,7.87E+09
5/29/2000,8.05E+09
5/30/2000,8.11E+09
5/31/2000,8.32E+09
6/1/2000,8.29E+09
6/2/2000,8.4E+09
6/5/2000,8.43E+09
6/6/2000,8.66E+09
6/7/2000,8.73E+09
6/8/2000,8.56E+09
6/9/2000,8.45E+09
6/12/2000,8.46E+09
6/13/2000,8.54E+09
6/14/2000,8.56E+09
6/15/2000,8.65E+09
6/16/2000,8.78E+09
6/19/2000,8.81E+09
6/20/2000,9E+09
6/21/2000,9.58E+09
6/22/2000,9.58E+09
6/23/2000,9.43E+09
6/26/2000,9.57E+09
6/27/2000,9.48E+09
6/28/2000,9.56E+09
6/29/2000,9.55E+09
6/30/2000,9.84E+09
7/3/2000,9.97E+09
7/4/2000,1.01E+10
7/5/2000,1E+10
7/6/2000,9.9E+09
7/7/2000,1.02E+10
7/10/2000,1.04E+10
7/11/2000,1.07E+10
7/12/2000,1.11E+10
7/13/2000,1.1E+10
7/14/2000,1.08E+10
7/17/2000,1.16E+10
7/18/2000,1.16E+10
7/19/2000,1.17E+10
7/20/2000,1.16E+10
7/21/2000,1.17E+10
7/24/2000,1.16E+10
7/25/2000,1.15E+10
7/26/2000,1.16E+10
7/27/2000,1.18E+10
7/28/2000,1.19E+10
7/31/2000,1.2E+10
8/1/2000,1.19E+10
8/2/2000,1.16E+10
8/3/2000,1.18E+10
8/4/2000,1.21E+10
8/7/2000,1.21E+10
8/8/2000,1.2E+10
8/9/2000,1.19E+10
8/10/2000,1.17E+10
8/11/2000,1.19E+10
8/14/2000,1.19E+10
8/15/2000,1.2E+10
8/16/2000,1.18E+10
8/17/2000,1.17E+10
8/18/2000,1.16E+10
8/21/2000,1.16E+10
8/22/2000,1.17E+10
8/23/2000,1.17E+10
8/24/2000,1.17E+10
8/25/2000,1.21E+10
8/28/2000,1.18E+10
8/29/2000,1.19E+10
8/30/2000,1.19E+10
8/31/2000,1.19E+10
9/1/2000,1.23E+10
9/4/2000,1.19E+10
9/5/2000,1.21E+10
9/6/2000,1.23E+10
9/7/2000,1.23E+10
9/8/2000,1.24E+10
9/11/2000,1.23E+10
9/12/2000,1.23E+10
9/13/2000,1.25E+10
9/14/2000,1.24E+10
9/15/2000,1.35E+10
9/18/2000,1.39E+10
9/19/2000,1.4E+10
9/20/2000,1.37E+10
9/21/2000,1.38E+10
9/22/2000,1.36E+10
9/25/2000,1.36E+10
9/26/2000,1.4E+10
9/27/2000,1.38E+10
9/28/2000,1.4E+10
9/29/2000,1.42E+10
10/2/2000,1.42E+10
10/3/2000,1.47E+10
10/4/2000,1.49E+10
10/5/2000,1.51E+10
10/6/2000,1.5E+10
10/9/2000,1.5E+10
10/10/2000,1.54E+10
10/11/2000,1.54E+10
10/12/2000,1.54E+10
10/13/2000,1.53E+10
10/16/2000,1.52E+10
10/17/2000,1.56E+10
10/18/2000,1.54E+10
10/19/2000,1.55E+10
10/20/2000,1.55E+10
10/23/2000,1.51E+10
10/24/2000,1.44E+10
10/25/2000,1.39E+10
10/26/2000,1.41E+10
10/27/2000,1.45E+10
10/30/2000,1.49E+10
10/31/2000,1.57E+10
11/1/2000,1.59E+10
11/2/2000,1.59E+10
11/3/2000,1.6E+10
11/6/2000,1.61E+10
11/7/2000,1.6E+10
11/8/2000,1.59E+10
11/9/2000,1.56E+10
11/10/2000,1.59E+10
11/13/2000,1.53E+10
11/14/2000,1.53E+10
11/15/2000,1.53E+10
11/16/2000,1.57E+10
11/17/2000,1.57E+10
11/20/2000,1.6E+10
11/21/2000,1.59E+10
11/22/2000,1.57E+10
11/23/2000,1.53E+10
11/24/2000,1.55E+10
11/27/2000,1.58E+10
11/28/2000,1.56E+10
11/29/2000,1.56E+10
11/30/2000,1.56E+10
12/1/2000,1.61E+10
12/4/2000,1.62E+10
12/5/2000,1.62E+10
12/6/2000,1.61E+10
12/7/2000,1.64E+10
12/8/2000,1.64E+10
12/11/2000,1.64E+10
12/12/2000,1.61E+10
12/13/2000,1.61E+10
12/14/2000,1.63E+10
12/15/2000,1.69E+10
12/18/2000,1.68E+10
12/19/2000,1.74E+10
12/20/2000,1.71E+10
12/21/2000,1.74E+10
12/22/2000,1.74E+10
12/25/2000,1.74E+10
12/26/2000,1.7E+10
12/27/2000,1.84E+10
12/28/2000,1.82E+10
12/29/2000,1.82E+10
1/1/2001,1.82E+10
1/2/2001,1.83E+10
1/3/2001,1.85E+10
1/4/2001,1.83E+10
1/5/2001,1.81E+10
1/8/2001,1.75E+10
1/9/2001,1.79E+10
1/10/2001,1.8E+10
1/11/2001,1.78E+10
1/12/2001,1.77E+10
1/15/2001,1.77E+10
1/16/2001,1.78E+10
1/17/2001,1.85E+10
1/18/2001,1.91E+10
1/19/2001,1.96E+10
1/22/2001,1.98E+10
1/23/2001,1.97E+10
1/24/2001,1.91E+10
1/25/2001,1.91E+10
1/26/2001,1.9E+10
1/29/2001,2E+10
1/30/2001,2.04E+10
1/31/2001,2.1E+10
2/1/2001,2.13E+10
2/2/2001,2.06E+10
2/5/2001,2.06E+10
2/6/2001,2.08E+10
2/7/2001,2.05E+10
2/8/2001,2.04E+10
2/9/2001,2E+10
2/12/2001,1.98E+10
2/13/2001,1.93E+10
2/14/2001,1.93E+10
2/15/2001,1.89E+10
2/16/2001,1.87E+10
2/19/2001,1.9E+10
2/20/2001,1.92E+10
2/21/2001,1.9E+10
2/22/2001,1.91E+10
2/23/2001,1.97E+10
2/26/2001,1.97E+10
2/27/2001,1.97E+10
2/28/2001,1.92E+10
3/1/2001,1.95E+10
3/2/2001,1.96E+10
3/5/2001,1.93E+10
3/6/2001,1.91E+10
3/7/2001,1.95E+10
3/8/2001,1.95E+10
3/9/2001,1.94E+10
3/12/2001,1.95E+10
3/13/2001,1.94E+10
3/14/2001,1.96E+10
3/15/2001,1.98E+10
3/16/2001,2.03E+10
3/19/2001,1.99E+10
3/20/2001,1.98E+10
3/21/2001,1.98E+10
3/22/2001,1.94E+10
3/23/2001,1.89E+10
3/26/2001,1.94E+10
3/27/2001,2E+10
3/28/2001,1.95E+10
3/29/2001,1.92E+10
3/30/2001,1.93E+10
4/2/2001,1.94E+10
4/3/2001,1.92E+10
4/4/2001,1.92E+10
4/5/2001,1.91E+10
4/6/2001,1.91E+10
4/9/2001,1.9E+10
4/10/2001,1.96E+10
4/11/2001,1.93E+10
4/12/2001,1.95E+10
4/13/2001,1.95E+10
4/16/2001,1.92E+10
4/17/2001,1.87E+10
4/18/2001,1.98E+10
4/19/2001,1.94E+10
4/20/2001,1.84E+10
4/23/2001,1.86E+10
4/24/2001,1.85E+10
4/25/2001,1.9E+10
4/26/2001,2.01E+10
4/27/2001,2.05E+10
4/30/2001,2.07E+10
5/1/2001,2.07E+10
5/2/2001,2.02E+10
5/3/2001,1.99E+10
5/4/2001,2.02E+10
5/7/2001,2.05E+10
5/8/2001,2.04E+10
5/9/2001,2.03E+10
5/10/2001,2.12E+10
5/11/2001,2.12E+10
5/14/2001,2.13E+10
5/15/2001,2.09E+10
5/16/2001,2.03E+10
5/17/2001,2.09E+10
5/18/2001,2.11E+10
5/21/2001,2.13E+10
5/22/2001,2.17E+10
5/23/2001,2.16E+10
5/24/2001,2.1E+10
5/25/2001,2.04E+10
5/28/2001,2.04E+10
5/29/2001,2.01E+10
5/30/2001,2.02E+10
5/31/2001,2.04E+10
6/1/2001,2.06E+10
6/4/2001,2.11E+10
6/5/2001,2.05E+10
6/6/2001,2.02E+10
6/7/2001,2.03E+10
6/8/2001,1.99E+10
6/11/2001,1.99E+10
6/12/2001,1.96E+10
6/13/2001,1.98E+10
6/14/2001,1.98E+10
6/15/2001,1.93E+10
6/18/2001,1.84E+10
6/19/2001,1.84E+10
6/20/2001,1.91E+10
6/21/2001,1.87E+10
6/22/2001,1.83E+10
6/25/2001,1.94E+10
6/26/2001,1.94E+10
6/27/2001,1.99E+10
6/28/2001,2.04E+10
6/29/2001,2.06E+10
7/2/2001,2.07E+10
7/3/2001,2E+10
7/4/2001,1.99E+10
7/5/2001,1.97E+10
7/6/2001,1.93E+10
7/9/2001,1.93E+10
7/10/2001,1.86E+10
7/11/2001,1.83E+10
7/12/2001,1.96E+10
7/13/2001,1.97E+10
7/16/2001,1.96E+10
7/17/2001,1.97E+10
7/18/2001,1.95E+10
7/19/2001,1.96E+10
7/20/2001,1.93E+10
7/23/2001,1.92E+10
7/24/2001,1.91E+10
7/25/2001,1.92E+10
7/26/2001,1.93E+10
7/27/2001,1.94E+10
7/30/2001,1.93E+10
7/31/2001,1.92E+10
8/1/2001,1.91E+10
8/2/2001,1.94E+10
8/3/2001,1.94E+10
8/6/2001,1.94E+10
8/7/2001,1.94E+10
8/8/2001,1.97E+10
8/9/2001,2.03E+10
8/10/2001,2.02E+10
8/13/2001,1.98E+10
8/14/2001,1.98E+10
8/15/2001,1.96E+10
8/16/2001,1.92E+10
8/17/2001,1.92E+10
8/20/2001,1.92E+10
8/21/2001,1.89E+10
8/22/2001,1.9E+10
8/23/2001,1.89E+10
8/24/2001,1.89E+10
8/27/2001,1.87E+10
8/28/2001,1.86E+10
8/29/2001,1.85E+10
8/30/2001,1.81E+10
8/31/2001,1.82E+10
9/3/2001,1.82E+10
9/4/2001,1.83E+10
9/5/2001,1.85E+10
9/6/2001,1.82E+10
9/7/2001,1.82E+10
9/10/2001,1.81E+10
9/11/2001,1.67E+10
9/12/2001,1.74E+10
9/13/2001,1.58E+10
9/14/2001,1.55E+10
9/17/2001,1.74E+10
9/18/2001,1.74E+10
9/19/2001,1.76E+10
9/20/2001,1.69E+10
9/21/2001,1.6E+10
9/24/2001,1.55E+10
9/25/2001,1.55E+10
9/26/2001,1.44E+10
9/27/2001,1.48E+10
9/28/2001,1.55E+10
10/1/2001,1.57E+10
10/2/2001,1.54E+10
10/3/2001,1.51E+10
10/4/2001,1.51E+10
10/5/2001,1.5E+10
10/8/2001,1.48E+10
10/9/2001,1.48E+10
10/10/2001,1.58E+10
10/11/2001,1.64E+10
10/12/2001,1.64E+10
10/15/2001,1.66E+10
10/16/2001,1.63E+10
10/17/2001,1.64E+10
10/18/2001,1.63E+10
10/19/2001,1.65E+10
10/22/2001,1.63E+10
10/23/2001,1.64E+10
10/24/2001,1.64E+10
10/25/2001,1.63E+10
10/26/2001,1.69E+10
10/29/2001,1.69E+10
10/30/2001,1.66E+10
10/31/2001,1.65E+10
11/1/2001,1.7E+10
11/2/2001,1.7E+10
11/5/2001,1.8E+10
11/6/2001,1.87E+10
11/7/2001,1.88E+10
11/8/2001,1.79E+10
11/9/2001,1.76E+10
11/12/2001,1.76E+10
11/13/2001,1.77E+10
11/14/2001,1.75E+10
11/15/2001,1.75E+10
11/16/2001,1.81E+10
11/19/2001,1.79E+10
11/20/2001,1.79E+10
11/21/2001,1.78E+10
11/22/2001,1.81E+10
11/23/2001,1.84E+10
11/26/2001,1.88E+10
11/27/2001,1.89E+10
11/28/2001,1.81E+10
11/29/2001,1.78E+10
11/30/2001,1.77E+10
12/3/2001,1.76E+10
12/4/2001,1.79E+10
12/5/2001,1.82E+10
12/6/2001,1.84E+10
12/7/2001,1.84E+10
12/10/2001,1.84E+10
12/11/2001,1.83E+10
12/12/2001,1.83E+10
12/13/2001,1.8E+10
12/14/2001,1.78E+10
12/17/2001,1.77E+10
12/18/2001,1.78E+10
12/19/2001,1.75E+10
12/20/2001,1.77E+10
12/21/2001,1.83E+10
12/24/2001,1.83E+10
12/25/2001,1.83E+10
12/26/2001,1.81E+10
12/27/2001,1.83E+10
12/28/2001,1.79E+10
12/31/2001,1.74E+10
1/1/2002,1.74E+10
1/2/2002,1.79E+10
1/3/2002,1.82E+10
1/4/2002,1.82E+10
1/7/2002,1.84E+10
1/8/2002,1.83E+10
1/9/2002,1.81E+10
1/10/2002,1.8E+10
1/11/2002,1.81E+10
1/14/2002,1.76E+10
1/15/2002,1.74E+10
1/16/2002,1.76E+10
1/17/2002,1.77E+10
1/18/2002,1.76E+10
1/21/2002,1.76E+10
1/22/2002,1.76E+10
1/23/2002,1.77E+10
1/24/2002,1.73E+10
1/25/2002,1.73E+10
1/28/2002,1.74E+10
1/29/2002,1.71E+10
1/30/2002,1.7E+10
1/31/2002,1.69E+10
2/1/2002,1.66E+10
2/4/2002,1.66E+10
2/5/2002,1.66E+10
2/6/2002,1.67E+10
2/7/2002,1.68E+10
2/8/2002,1.66E+10
2/11/2002,1.66E+10
2/12/2002,1.66E+10
2/13/2002,1.66E+10
2/14/2002,1.67E+10
2/15/2002,1.71E+10
2/18/2002,1.71E+10
2/19/2002,1.71E+10
2/20/2002,1.7E+10
2/21/2002,1.72E+10
2/22/2002,1.69E+10
2/25/2002,1.63E+10
2/26/2002,1.64E+10
2/27/2002,1.7E+10
2/28/2002,1.74E+10
3/1/2002,1.74E+10
3/4/2002,1.75E+10
3/5/2002,1.66E+10
3/6/2002,1.65E+10
3/7/2002,1.63E+10
3/8/2002,1.65E+10
3/11/2002,1.63E+10
3/12/2002,1.7E+10
3/13/2002,1.68E+10
3/14/2002,1.65E+10
3/15/2002,1.68E+10
3/18/2002,1.69E+10
3/19/2002,1.74E+10
3/20/2002,1.7E+10
3/21/2002,1.68E+10
3/22/2002,1.67E+10
3/25/2002,1.69E+10
3/26/2002,1.67E+10
3/27/2002,1.66E+10
3/28/2002,1.67E+10
3/29/2002,1.67E+10
4/1/2002,1.67E+10
4/2/2002,1.65E+10
4/3/2002,1.64E+10
4/4/2002,1.65E+10
4/5/2002,1.64E+10
4/8/2002,1.63E+10
4/9/2002,1.64E+10
4/10/2002,1.67E+10
4/11/2002,1.68E+10
4/12/2002,1.76E+10
4/15/2002,1.75E+10
4/16/2002,1.75E+10
4/17/2002,1.75E+10
4/18/2002,1.76E+10
4/19/2002,1.7E+10
4/22/2002,1.71E+10
4/23/2002,1.72E+10
4/24/2002,1.72E+10
4/25/2002,1.72E+10
4/26/2002,1.71E+10
4/29/2002,1.73E+10
4/30/2002,1.74E+10
5/1/2002,1.76E+10
5/2/2002,1.78E+10
5/3/2002,1.77E+10
5/6/2002,1.76E+10
5/7/2002,1.76E+10
5/8/2002,1.78E+10
5/9/2002,1.76E+10
5/10/2002,1.74E+10
5/13/2002,1.75E+10
5/14/2002,1.76E+10
5/15/2002,1.74E+10
5/16/2002,1.71E+10
5/17/2002,1.72E+10
5/20/2002,1.71E+10
5/21/2002,1.71E+10
5/22/2002,1.73E+10
5/23/2002,1.72E+10
5/24/2002,1.74E+10
5/27/2002,1.73E+10
5/28/2002,1.74E+10
5/29/2002,1.74E+10
5/30/2002,1.74E+10
5/31/2002,1.71E+10
6/3/2002,1.73E+10
6/4/2002,1.75E+10
6/5/2002,1.73E+10
6/6/2002,1.71E+10
6/7/2002,1.7E+10
6/10/2002,1.72E+10
6/11/2002,1.71E+10
6/12/2002,1.69E+10
6/13/2002,1.67E+10
6/14/2002,1.64E+10
6/17/2002,1.63E+10
6/18/2002,1.63E+10
6/19/2002,1.59E+10
6/20/2002,1.46E+10
6/21/2002,1.48E+10
6/24/2002,1.54E+10
6/25/2002,1.6E+10
6/26/2002,1.59E+10
6/27/2002,1.58E+10
6/28/2002,1.59E+10
7/1/2002,1.59E+10
7/2/2002,1.59E+10
7/3/2002,1.59E+10
7/4/2002,1.59E+10
7/5/2002,1.58E+10
7/8/2002,1.63E+10
7/9/2002,1.63E+10
7/10/2002,1.65E+10
7/11/2002,1.62E+10
7/12/2002,1.62E+10
7/15/2002,1.6E+10
7/16/2002,1.63E+10
7/17/2002,1.65E+10
7/18/2002,1.67E+10
7/19/2002,1.65E+10
7/22/2002,1.6E+10
7/23/2002,1.57E+10
7/24/2002,1.6E+10
7/25/2002,1.55E+10
7/26/2002,1.5E+10
7/29/2002,1.49E+10
7/30/2002,1.46E+10
7/31/2002,1.56E+10
8/1/2002,1.55E+10
8/2/2002,1.58E+10
8/5/2002,1.57E+10
8/6/2002,1.53E+10
8/7/2002,1.53E+10
8/8/2002,1.58E+10
8/9/2002,1.61E+10
8/12/2002,1.65E+10
8/13/2002,1.66E+10
8/14/2002,1.65E+10
8/15/2002,1.61E+10
8/16/2002,1.62E+10
8/19/2002,1.63E+10
8/20/2002,1.63E+10
8/21/2002,1.61E+10
8/22/2002,1.61E+10
8/23/2002,1.59E+10
8/26/2002,1.63E+10
8/27/2002,1.67E+10
8/28/2002,1.64E+10
8/29/2002,1.6E+10
8/30/2002,1.59E+10
9/2/2002,1.6E+10
9/3/2002,1.58E+10
9/4/2002,1.59E+10
9/5/2002,1.56E+10
9/6/2002,1.56E+10
9/9/2002,1.57E+10
9/10/2002,1.57E+10
9/11/2002,1.61E+10
9/12/2002,1.61E+10
9/13/2002,1.58E+10
9/16/2002,1.57E+10
9/17/2002,1.57E+10
9/18/2002,1.53E+10
9/19/2002,1.5E+10
9/20/2002,1.54E+10
9/23/2002,1.54E+10
9/24/2002,1.55E+10
9/25/2002,1.58E+10
9/26/2002,1.59E+10
9/27/2002,1.6E+10
9/30/2002,1.56E+10
10/1/2002,1.6E+10
10/2/2002,1.6E+10
10/3/2002,1.63E+10
10/4/2002,1.63E+10
10/7/2002,1.61E+10
10/8/2002,1.61E+10
10/9/2002,1.58E+10
10/10/2002,1.61E+10
10/11/2002,1.64E+10
10/14/2002,1.6E+10
10/15/2002,1.59E+10
10/16/2002,1.56E+10
10/17/2002,1.65E+10
10/18/2002,1.65E+10
10/21/2002,1.63E+10
10/22/2002,1.64E+10
10/23/2002,1.71E+10
10/24/2002,1.8E+10
10/25/2002,1.85E+10
10/28/2002,1.8E+10
10/29/2002,1.79E+10
10/30/2002,1.89E+10
10/31/2002,1.95E+10
11/1/2002,1.96E+10
11/4/2002,1.87E+10
11/5/2002,1.87E+10
11/6/2002,1.84E+10
11/7/2002,1.87E+10
11/8/2002,1.87E+10
11/11/2002,1.91E+10
11/12/2002,1.9E+10
11/13/2002,1.91E+10
11/14/2002,1.93E+10
11/15/2002,1.93E+10
11/18/2002,1.96E+10
11/19/2002,1.9E+10
11/20/2002,1.87E+10
11/21/2002,1.93E+10
11/22/2002,1.96E+10
11/25/2002,2.01E+10
11/26/2002,1.99E+10
11/27/2002,1.99E+10
11/28/2002,1.98E+10
11/29/2002,2.01E+10
12/2/2002,1.99E+10
12/3/2002,1.95E+10
12/4/2002,1.94E+10
12/5/2002,1.94E+10
12/6/2002,1.95E+10
12/9/2002,1.96E+10
12/10/2002,1.96E+10
12/11/2002,1.98E+10
12/12/2002,2.01E+10
12/13/2002,1.98E+10
12/16/2002,1.97E+10
12/17/2002,2E+10
12/18/2002,1.97E+10
12/19/2002,1.95E+10
12/20/2002,1.96E+10
12/23/2002,1.96E+10
12/24/2002,1.96E+10
12/25/2002,1.96E+10
12/26/2002,1.96E+10
12/27/2002,1.95E+10
12/30/2002,1.98E+10
12/31/2002,1.97E+10
1/1/2003,1.97E+10
1/2/2003,1.97E+10
1/3/2003,1.96E+10
1/6/2003,1.93E+10
1/7/2003,1.89E+10
1/8/2003,1.9E+10
1/9/2003,1.95E+10
1/10/2003,1.92E+10
1/13/2003,1.88E+10
1/14/2003,1.88E+10
1/15/2003,1.9E+10
1/16/2003,1.86E+10
1/17/2003,1.84E+10
1/20/2003,1.87E+10
1/21/2003,1.83E+10
1/22/2003,1.76E+10
1/23/2003,1.73E+10
1/24/2003,1.74E+10
1/27/2003,1.73E+10
1/28/2003,1.75E+10
1/29/2003,1.81E+10
1/30/2003,1.81E+10
1/31/2003,1.84E+10
2/3/2003,1.85E+10
2/4/2003,1.83E+10
2/5/2003,1.79E+10
2/6/2003,1.83E+10
2/7/2003,1.78E+10
2/10/2003,1.77E+10
2/11/2003,1.76E+10
2/12/2003,1.76E+10
2/13/2003,1.79E+10
2/14/2003,1.77E+10
2/17/2003,1.77E+10
2/18/2003,1.81E+10
2/19/2003,1.82E+10
2/20/2003,1.85E+10
2/21/2003,1.86E+10
2/24/2003,1.83E+10
2/25/2003,1.81E+10
2/26/2003,1.81E+10
2/27/2003,1.81E+10
2/28/2003,1.81E+10
3/3/2003,1.81E+10
3/4/2003,1.81E+10
3/5/2003,1.78E+10
3/6/2003,1.8E+10
3/7/2003,1.8E+10
3/10/2003,1.79E+10
3/11/2003,1.78E+10
3/12/2003,1.8E+10
3/13/2003,1.86E+10
3/14/2003,1.94E+10
3/17/2003,1.97E+10
3/18/2003,1.99E+10
3/19/2003,1.98E+10
3/20/2003,1.97E+10
3/21/2003,2.02E+10
3/24/2003,1.99E+10
3/25/2003,1.98E+10
3/26/2003,1.98E+10
3/27/2003,1.99E+10
3/28/2003,2.01E+10
3/31/2003,2.01E+10
4/1/2003,2.05E+10
4/2/2003,2.09E+10
4/3/2003,2.08E+10
4/4/2003,2.06E+10
4/7/2003,2.04E+10
4/8/2003,2.01E+10
4/9/2003,2E+10
4/10/2003,2E+10
4/11/2003,1.99E+10
4/14/2003,1.99E+10
4/15/2003,1.97E+10
4/16/2003,1.97E+10
4/17/2003,1.98E+10
4/18/2003,1.98E+10
4/21/2003,1.98E+10
4/22/2003,1.99E+10
4/23/2003,2.02E+10
4/24/2003,2.03E+10
4/25/2003,2.05E+10
4/28/2003,2.08E+10
4/29/2003,2.1E+10
4/30/2003,2.12E+10
5/1/2003,2.12E+10
5/2/2003,2.18E+10
5/5/2003,2.22E+10
5/6/2003,2.21E+10
5/7/2003,2.21E+10
5/8/2003,2.22E+10
5/9/2003,2.24E+10
5/12/2003,2.2E+10
5/13/2003,2.22E+10
5/14/2003,2.2E+10
5/15/2003,2.22E+10
5/16/2003,2.21E+10
5/19/2003,2.17E+10
5/20/2003,2.14E+10
5/21/2003,2.19E+10
5/22/2003,2.2E+10
5/23/2003,2.21E+10
5/26/2003,2.21E+10
5/27/2003,2.2E+10
5/28/2003,2.21E+10
5/29/2003,2.17E+10
5/30/2003,2.16E+10
6/2/2003,2.15E+10
6/3/2003,2.16E+10
6/4/2003,2.17E+10
6/5/2003,2.15E+10
6/6/2003,2.18E+10
6/9/2003,2.16E+10
6/10/2003,2.17E+10
6/11/2003,2.13E+10
6/12/2003,2.17E+10
6/13/2003,2.15E+10
6/16/2003,2.18E+10
6/17/2003,2.18E+10
6/18/2003,2.15E+10
6/19/2003,2.15E+10
6/20/2003,2.14E+10
6/23/2003,2.12E+10
6/24/2003,2.13E+10
6/25/2003,2.13E+10
6/26/2003,2.12E+10
6/27/2003,2.12E+10
6/30/2003,2.08E+10
7/1/2003,2.11E+10
7/2/2003,2.12E+10
7/3/2003,2.11E+10
7/4/2003,2.14E+10
7/7/2003,2.14E+10
7/8/2003,2.15E+10
7/9/2003,2.15E+10
7/10/2003,2.14E+10
7/11/2003,2.14E+10
7/14/2003,2.16E+10
7/15/2003,2.16E+10
7/16/2003,2.13E+10
7/17/2003,2.11E+10
7/18/2003,2.12E+10
7/21/2003,2.14E+10
7/22/2003,2.15E+10
7/23/2003,2.14E+10
7/24/2003,2.13E+10
7/25/2003,2.12E+10
7/28/2003,2.13E+10
7/29/2003,2.09E+10
7/30/2003,2.12E+10
7/31/2003,2.11E+10
8/1/2003,2.07E+10
8/4/2003,2.02E+10
8/5/2003,2.1E+10
8/6/2003,2.11E+10
8/7/2003,2.12E+10
8/8/2003,2.13E+10
8/11/2003,2.11E+10
8/12/2003,2.11E+10
8/13/2003,2.08E+10
8/14/2003,2.09E+10
8/15/2003,2.11E+10
8/18/2003,2.12E+10
8/19/2003,2.13E+10
8/20/2003,2.12E+10
8/21/2003,2.21E+10
8/22/2003,2.2E+10
8/25/2003,2.18E+10
8/26/2003,2.16E+10
8/27/2003,2.21E+10
8/28/2003,2.27E+10
8/29/2003,2.34E+10
9/1/2003,2.44E+10
9/2/2003,2.45E+10
9/3/2003,2.48E+10
9/4/2003,2.56E+10
9/5/2003,2.54E+10
9/8/2003,2.5E+10
9/9/2003,2.38E+10
9/10/2003,2.41E+10
9/11/2003,2.43E+10
9/12/2003,2.42E+10
9/15/2003,2.4E+10
9/16/2003,2.39E+10
9/17/2003,2.35E+10
9/18/2003,2.39E+10
9/19/2003,2.39E+10
9/22/2003,2.36E+10
9/23/2003,2.33E+10
9/24/2003,2.28E+10
9/25/2003,2.25E+10
9/26/2003,2.29E+10
9/29/2003,2.33E+10
9/30/2003,2.35E+10
10/1/2003,2.43E+10
10/2/2003,2.43E+10
10/3/2003,2.34E+10
10/6/2003,2.38E+10
10/7/2003,2.38E+10
10/8/2003,2.38E+10
10/9/2003,2.36E+10
10/10/2003,2.33E+10
10/13/2003,2.39E+10
10/14/2003,2.39E+10
10/15/2003,2.36E+10
10/16/2003,2.34E+10
10/17/2003,2.33E+10
10/20/2003,2.32E+10
10/21/2003,2.36E+10
10/22/2003,2.36E+10
10/23/2003,2.35E+10
10/24/2003,2.36E+10
10/27/2003,2.37E+10
10/28/2003,2.38E+10
10/29/2003,2.31E+10
10/30/2003,2.3E+10
10/31/2003,2.23E+10
11/3/2003,2.28E+10
11/4/2003,2.3E+10
11/5/2003,2.25E+10
11/6/2003,2.22E+10
11/7/2003,2.27E+10
11/10/2003,2.27E+10
11/11/2003,2.3E+10
11/12/2003,2.37E+10
11/13/2003,2.44E+10
11/14/2003,2.47E+10
11/17/2003,2.43E+10
11/18/2003,2.42E+10
11/19/2003,2.43E+10
11/20/2003,2.47E+10
11/21/2003,2.51E+10
11/24/2003,2.53E+10
11/25/2003,2.52E+10
11/26/2003,2.52E+10
11/27/2003,2.53E+10
11/28/2003,2.52E+10
12/1/2003,2.52E+10
12/2/2003,2.5E+10
12/3/2003,2.48E+10
12/4/2003,2.46E+10
12/5/2003,2.48E+10
12/8/2003,2.43E+10
12/9/2003,2.46E+10
12/10/2003,2.44E+10
12/11/2003,2.45E+10
12/12/2003,2.44E+10
12/15/2003,2.46E+10
12/16/2003,2.4E+10
12/17/2003,2.43E+10
12/18/2003,2.5E+10
12/19/2003,2.53E+10
12/22/2003,2.56E+10
12/23/2003,2.62E+10
12/24/2003,2.62E+10
12/25/2003,2.62E+10
12/26/2003,2.6E+10
12/29/2003,2.6E+10
12/30/2003,2.64E+10
12/31/2003,2.64E+10
1/1/2004,2.64E+10
1/2/2004,2.67E+10
1/5/2004,2.74E+10
1/6/2004,2.77E+10
1/7/2004,2.77E+10
1/8/2004,2.75E+10
1/9/2004,2.73E+10
1/12/2004,2.76E+10
1/13/2004,2.77E+10
1/14/2004,2.74E+10
1/15/2004,2.69E+10
1/16/2004,2.61E+10
1/19/2004,2.65E+10
1/20/2004,2.7E+10
1/21/2004,2.66E+10
1/22/2004,2.65E+10
1/23/2004,2.76E+10
1/26/2004,2.8E+10
1/27/2004,2.76E+10
1/28/2004,2.66E+10
1/29/2004,2.59E+10
1/30/2004,2.58E+10
2/2/2004,2.57E+10
2/3/2004,2.6E+10
2/4/2004,2.57E+10
2/5/2004,2.57E+10
2/6/2004,2.58E+10
2/9/2004,2.59E+10
2/10/2004,2.59E+10
2/11/2004,2.66E+10
2/12/2004,2.7E+10
2/13/2004,2.64E+10
2/16/2004,2.65E+10
2/17/2004,2.63E+10
2/18/2004,2.65E+10
2/19/2004,2.58E+10
2/20/2004,2.58E+10
2/23/2004,2.58E+10
2/24/2004,2.58E+10
2/25/2004,2.62E+10
2/26/2004,2.69E+10
2/27/2004,2.86E+10
3/1/2004,3.12E+10
3/2/2004,3.06E+10
3/3/2004,2.91E+10
3/4/2004,2.89E+10
3/5/2004,2.87E+10
3/8/2004,2.9E+10
3/9/2004,2.81E+10
3/10/2004,2.76E+10
3/11/2004,2.72E+10
3/12/2004,2.71E+10
3/15/2004,2.61E+10
3/16/2004,2.65E+10
3/17/2004,2.73E+10
3/18/2004,2.7E+10
3/19/2004,2.71E+10
3/22/2004,2.72E+10
3/23/2004,2.74E+10
3/24/2004,2.76E+10
3/25/2004,2.76E+10
3/26/2004,2.78E+10
3/29/2004,2.74E+10
3/30/2004,2.76E+10
3/31/2004,2.74E+10
4/1/2004,2.74E+10
4/2/2004,2.75E+10
4/5/2004,2.73E+10
4/6/2004,2.7E+10
4/7/2004,2.67E+10
4/8/2004,2.67E+10
4/9/2004,2.67E+10
4/12/2004,2.65E+10
4/13/2004,2.64E+10
4/14/2004,2.64E+10
4/15/2004,2.65E+10
4/16/2004,2.65E+10
4/19/2004,2.68E+10
4/20/2004,2.65E+10
4/21/2004,2.65E+10
4/22/2004,2.71E+10
4/23/2004,2.69E+10
4/26/2004,2.68E+10
4/27/2004,2.81E+10
4/28/2004,2.81E+10
4/29/2004,2.8E+10
4/30/2004,2.79E+10
5/3/2004,2.83E+10
5/4/2004,2.88E+10
5/5/2004,2.88E+10
5/6/2004,2.89E+10
5/7/2004,2.88E+10
5/10/2004,2.78E+10
5/11/2004,2.83E+10
5/12/2004,2.86E+10
5/13/2004,2.89E+10
5/14/2004,2.9E+10
5/17/2004,2.87E+10
5/18/2004,2.86E+10
5/19/2004,2.89E+10
5/20/2004,2.86E+10
5/21/2004,2.89E+10
5/24/2004,2.93E+10
5/25/2004,2.98E+10
5/26/2004,3.03E+10
5/27/2004,3.06E+10
5/28/2004,3.06E+10
5/31/2004,3.08E+10
6/1/2004,3.07E+10
6/2/2004,3.12E+10
6/3/2004,3.16E+10
6/4/2004,3.21E+10
6/7/2004,3.23E+10
6/8/2004,3.23E+10
6/9/2004,3.19E+10
6/10/2004,3.19E+10
6/11/2004,3.19E+10
6/14/2004,3.16E+10
6/15/2004,3.15E+10
6/16/2004,3.15E+10
6/17/2004,3.15E+10
6/18/2004,3.18E+10
6/21/2004,3.18E+10
6/22/2004,3.16E+10
6/23/2004,3.22E+10
6/24/2004,3.25E+10
6/25/2004,3.26E+10
6/28/2004,3.2E+10
6/29/2004,3.22E+10
6/30/2004,3.17E+10
7/1/2004,3.16E+10
7/2/2004,3.17E+10
7/5/2004,3.13E+10
7/6/2004,3.15E+10
7/7/2004,3.24E+10
7/8/2004,3.26E+10
7/9/2004,3.26E+10
7/12/2004,3.28E+10
7/13/2004,3.21E+10
7/14/2004,3.2E+10
7/15/2004,3.21E+10
7/16/2004,3.21E+10
7/19/2004,3.17E+10
7/20/2004,3.2E+10
7/21/2004,3.16E+10
7/22/2004,3.1E+10
7/23/2004,3.1E+10
7/26/2004,3.1E+10
7/27/2004,3.11E+10
7/28/2004,3.1E+10
7/29/2004,3.11E+10
7/30/2004,3.12E+10
8/2/2004,3.12E+10
8/3/2004,3.1E+10
8/4/2004,3.1E+10
8/5/2004,3.11E+10
8/6/2004,3.12E+10
8/9/2004,3.13E+10
8/10/2004,3.18E+10
8/11/2004,3.22E+10
8/12/2004,3.25E+10
8/13/2004,3.23E+10
8/16/2004,3.26E+10
8/17/2004,3.26E+10
8/18/2004,3.27E+10
8/19/2004,3.32E+10
8/20/2004,3.28E+10
8/23/2004,3.27E+10
8/24/2004,3.22E+10
8/25/2004,3.24E+10
8/26/2004,3.21E+10
8/27/2004,3.21E+10
8/30/2004,4.86E+10
8/31/2004,4.87E+10
9/1/2004,4.85E+10
9/2/2004,4.94E+10
9/3/2004,4.9E+10
9/6/2004,4.88E+10
9/7/2004,4.88E+10
9/8/2004,4.88E+10
9/9/2004,4.83E+10
9/10/2004,4.88E+10
9/13/2004,4.92E+10
9/14/2004,4.91E+10
9/15/2004,4.86E+10
9/16/2004,4.89E+10
9/17/2004,4.9E+10
9/20/2004,4.93E+10
9/21/2004,4.91E+10
9/22/2004,4.87E+10
9/23/2004,4.92E+10
9/24/2004,4.93E+10
9/27/2004,4.91E+10
9/28/2004,4.97E+10
9/29/2004,4.94E+10
9/30/2004,4.91E+10
10/1/2004,4.9E+10
10/4/2004,4.88E+10
10/5/2004,4.86E+10
10/6/2004,4.86E+10
10/7/2004,4.93E+10
10/8/2004,4.95E+10
10/11/2004,4.96E+10
10/12/2004,4.96E+10
10/13/2004,5.04E+10
10/14/2004,5.12E+10
10/15/2004,5.16E+10
10/18/2004,5.22E+10
10/19/2004,5.23E+10
10/20/2004,5.29E+10
10/21/2004,5.3E+10
10/22/2004,5.3E+10
10/25/2004,5.37E+10
10/26/2004,5.37E+10
10/27/2004,5.39E+10
10/28/2004,5.43E+10
10/29/2004,5.48E+10
11/1/2004,5.51E+10
11/2/2004,5.51E+10
11/3/2004,5.53E+10
11/4/2004,5.47E+10
11/5/2004,5.48E+10
11/8/2004,5.39E+10
11/9/2004,5.41E+10
11/10/2004,5.43E+10
11/11/2004,5.39E+10
11/12/2004,5.4E+10
11/15/2004,5.4E+10
11/16/2004,5.4E+10
11/17/2004,5.42E+10
11/18/2004,5.37E+10
11/19/2004,5.35E+10
11/22/2004,5.37E+10
11/23/2004,5.3E+10
11/24/2004,5.37E+10
11/25/2004,5.37E+10
11/26/2004,5.42E+10
11/29/2004,5.43E+10
11/30/2004,5.41E+10
12/1/2004,5.37E+10
12/2/2004,5.38E+10
12/3/2004,5.38E+10
12/6/2004,5.49E+10
12/7/2004,5.52E+10
12/8/2004,5.53E+10
12/9/2004,5.48E+10
12/10/2004,5.51E+10
12/13/2004,5.52E+10
12/14/2004,5.57E+10
12/15/2004,5.53E+10
12/16/2004,5.61E+10
12/17/2004,5.55E+10
12/20/2004,5.54E+10
12/21/2004,5.59E+10
12/22/2004,5.57E+10
12/23/2004,5.65E+10
12/24/2004,5.65E+10
12/27/2004,5.6E+10
12/28/2004,5.66E+10
12/29/2004,5.6E+10
12/30/2004,5.55E+10
12/31/2004,5.52E+10
1/3/2005,5.65E+10
1/4/2005,5.64E+10
1/5/2005,5.61E+10
1/6/2005,5.62E+10
1/7/2005,5.61E+10
1/10/2005,5.51E+10
1/11/2005,5.5E+10
1/12/2005,5.48E+10
1/13/2005,5.43E+10
1/14/2005,5.44E+10
1/17/2005,5.37E+10
1/18/2005,5.3E+10
1/19/2005,5.22E+10
1/20/2005,5.07E+10
1/21/2005,5.12E+10
1/24/2005,5.08E+10
1/25/2005,5.08E+10
1/26/2005,5.07E+10
1/27/2005,5.07E+10
1/28/2005,5.07E+10
1/31/2005,5.07E+10
2/1/2005,5.13E+10
2/2/2005,5.11E+10
2/3/2005,5.1E+10
2/4/2005,5.21E+10
2/7/2005,5.21E+10
2/8/2005,5.21E+10
2/9/2005,5.29E+10
2/10/2005,5.37E+10
2/11/2005,5.42E+10
2/14/2005,5.39E+10
2/15/2005,5.47E+10
2/16/2005,5.44E+10
2/17/2005,5.39E+10
2/18/2005,5.35E+10
2/21/2005,5.37E+10
2/22/2005,5.46E+10
2/23/2005,5.46E+10
2/24/2005,5.56E+10
2/25/2005,5.55E+10
2/28/2005,5.46E+10
3/1/2005,5.57E+10
3/2/2005,5.39E+10
3/3/2005,5.52E+10
3/4/2005,5.51E+10
3/7/2005,5.58E+10
3/8/2005,5.59E+10
3/9/2005,5.54E+10
3/10/2005,5.5E+10
3/11/2005,5.52E+10
3/14/2005,5.52E+10
3/15/2005,5.5E+10
3/16/2005,5.51E+10
3/17/2005,5.46E+10
3/18/2005,5.4E+10
3/21/2005,5.38E+10
3/22/2005,5.36E+10
3/23/2005,5.26E+10
3/24/2005,5.29E+10
3/25/2005,5.29E+10
3/28/2005,5.27E+10
3/29/2005,5.07E+10
3/30/2005,5.12E+10
3/31/2005,4.87E+10
4/1/2005,4.79E+10
4/4/2005,4.56E+10
4/5/2005,4.54E+10
4/6/2005,4.5E+10
4/7/2005,4.51E+10
4/8/2005,4.34E+10
4/11/2005,4.25E+10
4/12/2005,3.88E+10
4/13/2005,3.8E+10
4/14/2005,3.75E+10
4/15/2005,3.72E+10
4/18/2005,3.72E+10
4/19/2005,3.65E+10
4/20/2005,3.65E+10
4/21/2005,3.65E+10
4/22/2005,3.64E+10
4/25/2005,3.68E+10
4/26/2005,3.73E+10
4/27/2005,3.7E+10
4/28/2005,3.67E+10
4/29/2005,3.68E+10
5/2/2005,3.67E+10
5/3/2005,3.66E+10
5/4/2005,3.7E+10
5/5/2005,3.65E+10
5/6/2005,3.66E+10
5/9/2005,3.69E+10
5/10/2005,3.7E+10
5/11/2005,3.67E+10
5/12/2005,3.66E+10
5/13/2005,3.6E+10
5/16/2005,3.71E+10
5/17/2005,3.69E+10
5/18/2005,3.69E+10
5/19/2005,3.7E+10
5/20/2005,3.78E+10
5/23/2005,3.77E+10
5/24/2005,3.75E+10
5/25/2005,3.78E+10
5/26/2005,3.78E+10
5/27/2005,3.78E+10
5/30/2005,3.78E+10
5/31/2005,3.75E+10
6/1/2005,3.93E+10
6/2/2005,3.97E+10
6/3/2005,3.95E+10
6/6/2005,3.91E+10
6/7/2005,3.86E+10
6/8/2005,3.89E+10
6/9/2005,3.89E+10
6/10/2005,4.01E+10
6/13/2005,4.15E+10
6/14/2005,4.23E+10
6/15/2005,4.29E+10
6/16/2005,4.4E+10
6/17/2005,4.35E+10
6/20/2005,4.29E+10
6/21/2005,4.25E+10
6/22/2005,4.29E+10
6/23/2005,4.34E+10
6/24/2005,4.26E+10
6/27/2005,4.33E+10
6/28/2005,4.29E+10
6/29/2005,4.32E+10
6/30/2005,4.3E+10
7/1/2005,4.4E+10
7/4/2005,4.38E+10
7/5/2005,4.35E+10
7/6/2005,4.32E+10
7/7/2005,4.39E+10
7/8/2005,4.36E+10
7/11/2005,4.35E+10
7/12/2005,4.34E+10
7/13/2005,4.31E+10
7/14/2005,4.38E+10
7/15/2005,4.3E+10
7/18/2005,4.3E+10
7/19/2005,4.34E+10
7/20/2005,4.33E+10
7/21/2005,4.35E+10
7/22/2005,4.33E+10
7/25/2005,4.26E+10
7/26/2005,4.31E+10
7/27/2005,4.33E+10
7/28/2005,4.43E+10
7/29/2005,4.36E+10
8/1/2005,4.39E+10
8/2/2005,4.41E+10
8/3/2005,4.42E+10
8/4/2005,4.39E+10
8/5/2005,4.41E+10
8/8/2005,4.36E+10
8/9/2005,4.46E+10
8/10/2005,4.49E+10
8/11/2005,4.5E+10
8/12/2005,4.52E+10
8/15/2005,4.44E+10
8/16/2005,4.49E+10
8/17/2005,4.56E+10
8/18/2005,4.53E+10
8/19/2005,4.51E+10
8/22/2005,4.48E+10
8/23/2005,4.45E+10
8/24/2005,4.45E+10
8/25/2005,4.47E+10
8/26/2005,4.49E+10
8/29/2005,4.44E+10
8/30/2005,4.4E+10
8/31/2005,4.46E+10
9/1/2005,4.53E+10
9/2/2005,4.58E+10
9/5/2005,4.71E+10
9/6/2005,4.79E+10
9/7/2005,4.79E+10
9/8/2005,4.88E+10
9/9/2005,4.88E+10
9/12/2005,4.94E+10
9/13/2005,4.88E+10
9/14/2005,4.9E+10
9/15/2005,4.89E+10
9/16/2005,4.89E+10
9/19/2005,4.84E+10
9/20/2005,4.83E+10
9/21/2005,4.9E+10
9/22/2005,4.83E+10
9/23/2005,4.83E+10
9/26/2005,4.82E+10
9/27/2005,4.83E+10
9/28/2005,4.87E+10
9/29/2005,4.85E+10
9/30/2005,4.91E+10
10/3/2005,5.04E+10
10/4/2005,5.07E+10
10/5/2005,4.86E+10
10/6/2005,4.82E+10
10/7/2005,4.89E+10
10/10/2005,4.88E+10
10/11/2005,4.86E+10
10/12/2005,4.86E+10
10/13/2005,4.74E+10
10/14/2005,4.61E+10
10/17/2005,4.64E+10
10/18/2005,4.55E+10
10/19/2005,4.52E+10
10/20/2005,4.45E+10
10/21/2005,4.56E+10
10/24/2005,4.6E+10
10/25/2005,4.67E+10
10/26/2005,4.68E+10
10/27/2005,4.66E+10
10/28/2005,4.6E+10
10/31/2005,4.69E+10
11/1/2005,4.76E+10
11/2/2005,4.76E+10
11/3/2005,4.8E+10
11/4/2005,4.73E+10
11/7/2005,4.78E+10
11/8/2005,4.8E+10
11/9/2005,4.8E+10
11/10/2005,4.87E+10
11/11/2005,4.87E+10
11/14/2005,4.86E+10
11/15/2005,4.86E+10
11/16/2005,4.92E+10
11/17/2005,5E+10
11/18/2005,5.01E+10
11/21/2005,5.05E+10
11/22/2005,5.07E+10
11/23/2005,5.18E+10
11/24/2005,5.16E+10
11/25/2005,5.2E+10
11/28/2005,5.14E+10
11/29/2005,5.2E+10
11/30/2005,5.23E+10
12/1/2005,5.44E+10
12/2/2005,5.38E+10
12/5/2005,5.34E+10
12/6/2005,5.25E+10
12/7/2005,5.15E+10
12/8/2005,5.13E+10
12/9/2005,5.21E+10
12/12/2005,5.22E+10
12/13/2005,5.24E+10
12/14/2005,5.29E+10
12/15/2005,5.26E+10
12/16/2005,5.3E+10
12/19/2005,5.24E+10
12/20/2005,5.31E+10
12/21/2005,5.39E+10
12/22/2005,5.36E+10
12/23/2005,5.37E+10
12/26/2005,5.33E+10
12/27/2005,5.46E+10
12/28/2005,5.43E+10
12/29/2005,5.39E+10
12/30/2005,5.39E+10
1/2/2006,5.36E+10
1/3/2006,5.4E+10
1/4/2006,5.47E+10
1/5/2006,5.53E+10
1/6/2006,5.63E+10
1/9/2006,5.59E+10
1/10/2006,5.53E+10
1/11/2006,5.6E+10
1/12/2006,5.68E+10
1/13/2006,5.64E+10
1/16/2006,5.64E+10
1/17/2006,5.59E+10
1/18/2006,5.54E+10
1/19/2006,5.67E+10
1/20/2006,5.55E+10
1/23/2006,5.46E+10
1/24/2006,5.52E+10
1/25/2006,5.52E+10
1/26/2006,5.55E+10
1/27/2006,5.57E+10
1/30/2006,5.47E+10
1/31/2006,5.47E+10
2/1/2006,5.47E+10
2/2/2006,5.35E+10
2/3/2006,5.22E+10
2/6/2006,5.27E+10
2/7/2006,5.23E+10
2/8/2006,5.28E+10
2/9/2006,5.32E+10
2/10/2006,5.41E+10
2/13/2006,5.33E+10
2/14/2006,5.35E+10
2/15/2006,5.47E+10
2/16/2006,5.49E+10
2/17/2006,5.57E+10
2/20/2006,5.61E+10
2/21/2006,5.66E+10
2/22/2006,5.64E+10
2/23/2006,5.48E+10
2/24/2006,5.47E+10
2/27/2006,5.47E+10
2/28/2006,5.47E+10
3/1/2006,5.49E+10
3/2/2006,5.5E+10
3/3/2006,5.57E+10
3/6/2006,5.59E+10
3/7/2006,5.48E+10
3/8/2006,5.49E+10
3/9/2006,5.43E+10
3/10/2006,5.52E+10
3/13/2006,5.4E+10
3/14/2006,5.46E+10
3/15/2006,5.66E+10
3/16/2006,5.69E+10
3/17/2006,5.61E+10
3/20/2006,5.63E+10
3/21/2006,5.49E+10
3/22/2006,5.53E+10
3/23/2006,5.49E+10
3/24/2006,5.47E+10
3/27/2006,5.6E+10
3/28/2006,5.47E+10
3/29/2006,5.67E+10
3/30/2006,5.66E+10
3/31/2006,5.65E+10
4/3/2006,5.81E+10
4/4/2006,5.91E+10
4/5/2006,5.88E+10
4/6/2006,5.93E+10
4/7/2006,5.91E+10
4/10/2006,5.87E+10
4/11/2006,5.75E+10
4/12/2006,5.73E+10
4/13/2006,5.75E+10
4/14/2006,5.75E+10
4/17/2006,5.83E+10
4/18/2006,5.93E+10
4/19/2006,6E+10
4/20/2006,6.06E+10
4/21/2006,6.06E+10
4/24/2006,6.06E+10
4/25/2006,6.13E+10
4/26/2006,6.12E+10
4/27/2006,5.91E+10
4/28/2006,5.89E+10
5/1/2006,5.89E+10
5/2/2006,5.96E+10
5/3/2006,5.98E+10
5/4/2006,6E+10
5/5/2006,6.09E+10
5/8/2006,6.14E+10
5/9/2006,6.19E+10
5/10/2006,6.13E+10
5/11/2006,6.06E+10
5/12/2006,6.06E+10
5/15/2006,5.86E+10
5/16/2006,5.82E+10
5/17/2006,5.64E+10
5/18/2006,5.75E+10
5/19/2006,5.77E+10
5/22/2006,5.6E+10
5/23/2006,5.75E+10
5/24/2006,5.72E+10
5/25/2006,5.84E+10
5/26/2006,5.91E+10
5/29/2006,5.83E+10
5/30/2006,5.64E+10
5/31/2006,5.73E+10
6/1/2006,5.85E+10
6/2/2006,5.99E+10
6/5/2006,5.83E+10
6/6/2006,5.67E+10
6/7/2006,5.61E+10
6/8/2006,5.55E+10
6/9/2006,5.44E+10
6/12/2006,5.24E+10
6/13/2006,5.04E+10
6/14/2006,5.01E+10
6/15/2006,5.01E+10
6/16/2006,5.15E+10
6/19/2006,5.14E+10
6/20/2006,5.18E+10
6/21/2006,5.25E+10
6/22/2006,5.27E+10
6/23/2006,5.22E+10
6/26/2006,5.15E+10
6/27/2006,5.14E+10
6/28/2006,5.17E+10
6/29/2006,5.47E+10
6/30/2006,5.5E+10
7/3/2006,5.77E+10
7/4/2006,5.79E+10
7/5/2006,5.61E+10
7/6/2006,5.56E+10
7/7/2006,5.56E+10
7/10/2006,5.49E+10
7/11/2006,5.52E+10
7/12/2006,5.46E+10
7/13/2006,5.44E+10
7/14/2006,5.37E+10
7/17/2006,5.33E+10
7/18/2006,5.33E+10
7/19/2006,5.47E+10
7/20/2006,5.42E+10
7/21/2006,5.36E+10
7/24/2006,5.47E+10
7/25/2006,5.53E+10
7/26/2006,5.45E+10
7/27/2006,5.42E+10
7/28/2006,5.41E+10
7/31/2006,5.36E+10
8/1/2006,5.36E+10
8/2/2006,5.45E+10
8/3/2006,5.44E+10
8/4/2006,5.46E+10
8/7/2006,5.41E+10
8/8/2006,5.41E+10
8/9/2006,5.45E+10
8/10/2006,5.4E+10
8/11/2006,5.43E+10
8/14/2006,5.42E+10
8/15/2006,5.47E+10
8/16/2006,5.52E+10
8/17/2006,5.67E+10
8/18/2006,5.66E+10
8/21/2006,5.69E+10
8/22/2006,5.66E+10
8/23/2006,5.62E+10
8/24/2006,5.65E+10
8/25/2006,5.7E+10
8/28/2006,5.75E+10
8/29/2006,5.85E+10
8/30/2006,5.83E+10
8/31/2006,5.85E+10
9/1/2006,5.98E+10
9/4/2006,5.93E+10
9/5/2006,5.93E+10
9/6/2006,5.85E+10
9/7/2006,5.85E+10
9/8/2006,5.87E+10
9/11/2006,5.83E+10
9/12/2006,5.87E+10
9/13/2006,5.95E+10
9/14/2006,5.92E+10
9/15/2006,5.92E+10
9/18/2006,5.97E+10
9/19/2006,5.92E+10
9/20/2006,5.92E+10
9/21/2006,5.76E+10
9/22/2006,5.94E+10
9/25/2006,5.98E+10
9/26/2006,6.05E+10
9/27/2006,6E+10
9/28/2006,6.06E+10
9/29/2006,6.03E+10
10/2/2006,6E+10
10/3/2006,6.05E+10
10/4/2006,6.06E+10
10/5/2006,6.08E+10
10/6/2006,6.06E+10
10/9/2006,6.09E+10
10/10/2006,6.09E+10
10/11/2006,6.04E+10
10/12/2006,6.04E+10
10/13/2006,6.1E+10
10/16/2006,6.02E+10
10/17/2006,5.99E+10
10/18/2006,5.97E+10
10/19/2006,5.95E+10
10/20/2006,5.8E+10
10/23/2006,5.86E+10
10/24/2006,5.81E+10
10/25/2006,5.71E+10
10/26/2006,5.65E+10
10/27/2006,5.62E+10
10/30/2006,5.6E+10
10/31/2006,5.74E+10
11/1/2006,5.83E+10
11/2/2006,5.83E+10
11/3/2006,5.78E+10
11/6/2006,5.8E+10
11/7/2006,5.91E+10
11/8/2006,5.91E+10
11/9/2006,5.94E+10
11/10/2006,6.03E+10
11/13/2006,6.04E+10
11/14/2006,6.14E+10
11/15/2006,6.14E+10
11/16/2006,6.23E+10
11/17/2006,6.2E+10
11/20/2006,6.2E+10
11/21/2006,6.09E+10
11/22/2006,6.12E+10
11/23/2006,6.21E+10
11/24/2006,6.21E+10
11/27/2006,6.07E+10
11/28/2006,6.04E+10
11/29/2006,6.13E+10
11/30/2006,6.12E+10
12/1/2006,6.08E+10
12/4/2006,6.16E+10
12/5/2006,6.21E+10
12/6/2006,6.22E+10
12/7/2006,6.23E+10
12/8/2006,6.19E+10
12/11/2006,6.29E+10
12/12/2006,6.31E+10
12/13/2006,6.34E+10
12/14/2006,6.35E+10
12/15/2006,6.37E+10
12/18/2006,6.39E+10
12/19/2006,6.39E+10
12/20/2006,6.41E+10
12/21/2006,6.38E+10
12/22/2006,6.39E+10
12/25/2006,6.39E+10
12/26/2006,6.35E+10
12/27/2006,6.39E+10
12/28/2006,6.41E+10
12/29/2006,6.41E+10
1/1/2007,6.33E+10
1/2/2007,6.35E+10
1/3/2007,6.32E+10
1/4/2007,6.33E+10
1/5/2007,6.18E+10
1/8/2007,6.28E+10
1/9/2007,6.23E+10
1/10/2007,6.23E+10
1/11/2007,6.33E+10
1/12/2007,6.48E+10
1/15/2007,6.49E+10
1/16/2007,6.48E+10
1/17/2007,6.53E+10
1/18/2007,6.49E+10
1/19/2007,6.44E+10
1/22/2007,6.56E+10
1/23/2007,6.56E+10
1/24/2007,6.63E+10
1/25/2007,6.63E+10
1/26/2007,6.56E+10
1/29/2007,6.42E+10
1/30/2007,6.5E+10
1/31/2007,6.56E+10
2/1/2007,6.58E+10
2/2/2007,6.58E+10
2/5/2007,6.58E+10
2/6/2007,6.59E+10
2/7/2007,6.56E+10
2/8/2007,6.49E+10
2/9/2007,6.52E+10
2/12/2007,6.54E+10
2/13/2007,6.6E+10
2/14/2007,6.68E+10
2/15/2007,6.8E+10
2/16/2007,6.8E+10
2/19/2007,6.8E+10
2/20/2007,6.8E+10
2/21/2007,6.64E+10
2/22/2007,6.79E+10
2/23/2007,6.74E+10
2/26/2007,6.72E+10
2/27/2007,6.46E+10
2/28/2007,6.39E+10
3/1/2007,6.5E+10
3/2/2007,6.44E+10
3/5/2007,6.42E+10
3/6/2007,6.71E+10
3/7/2007,6.7E+10
3/8/2007,6.71E+10
3/9/2007,6.81E+10
3/12/2007,6.81E+10
3/13/2007,6.74E+10
3/14/2007,6.79E+10
3/15/2007,6.75E+10
3/16/2007,6.69E+10
3/19/2007,6.69E+10
3/20/2007,6.76E+10
3/21/2007,6.87E+10
3/22/2007,6.81E+10
3/23/2007,6.87E+10
3/26/2007,6.91E+10
3/27/2007,6.81E+10
3/28/2007,6.81E+10
3/29/2007,6.88E+10
3/30/2007,7.02E+10
4/2/2007,6.94E+10
4/3/2007,7.07E+10
4/4/2007,6.99E+10
4/5/2007,7.04E+10
4/6/2007,7.04E+10
4/9/2007,7.13E+10
4/10/2007,7.14E+10
4/11/2007,7.11E+10
4/12/2007,7.15E+10
4/13/2007,7.19E+10
4/16/2007,7.3E+10
4/17/2007,7.3E+10
4/18/2007,7.31E+10
4/19/2007,7.38E+10
4/20/2007,7.47E+10
4/23/2007,7.48E+10
4/24/2007,7.53E+10
4/25/2007,7.5E+10
4/26/2007,7.49E+10
4/27/2007,7.48E+10
4/30/2007,7.46E+10
5/1/2007,7.46E+10
5/2/2007,7.61E+10
5/3/2007,7.81E+10
5/4/2007,7.75E+10
5/7/2007,7.6E+10
5/8/2007,7.7E+10
5/9/2007,7.95E+10
5/10/2007,7.74E+10
5/11/2007,7.68E+10
5/14/2007,7.66E+10
5/15/2007,7.73E+10
5/16/2007,7.92E+10
5/17/2007,8.09E+10
5/18/2007,8.28E+10
5/21/2007,8.4E+10
5/22/2007,8.28E+10
5/23/2007,8.21E+10
5/24/2007,8.06E+10
5/25/2007,8.06E+10
5/28/2007,8.12E+10
5/29/2007,8.17E+10
5/30/2007,8.19E+10
5/31/2007,8.24E+10
6/1/2007,8.53E+10
6/4/2007,8.5E+10
6/5/2007,8.58E+10
6/6/2007,8.54E+10
6/7/2007,8.54E+10
6/8/2007,8.48E+10
6/11/2007,8.64E+10
6/12/2007,8.58E+10
6/13/2007,8.75E+10
6/14/2007,8.86E+10
6/15/2007,8.98E+10
6/18/2007,9E+10
6/19/2007,8.94E+10
6/20/2007,8.68E+10
6/21/2007,8.58E+10
6/22/2007,8.56E+10
6/25/2007,8.42E+10
6/26/2007,8.33E+10
6/27/2007,8.45E+10
6/28/2007,8.45E+10
6/29/2007,8.65E+10
7/2/2007,8.41E+10
7/3/2007,8.47E+10
7/4/2007,8.58E+10
7/5/2007,8.61E+10
7/6/2007,8.68E+10
7/9/2007,8.68E+10
7/10/2007,8.62E+10
7/11/2007,8.68E+10
7/12/2007,8.68E+10
7/13/2007,8.71E+10
7/16/2007,8.67E+10
7/17/2007,8.67E+10
7/18/2007,8.63E+10
7/19/2007,8.73E+10
7/20/2007,8.71E+10
7/23/2007,8.82E+10
7/24/2007,8.65E+10
7/25/2007,8.63E+10
7/26/2007,8.34E+10
7/27/2007,8.35E+10
7/30/2007,8.32E+10
7/31/2007,8.15E+10
8/1/2007,8.09E+10
8/2/2007,8.05E+10
8/3/2007,7.91E+10
8/6/2007,7.93E+10
8/7/2007,7.99E+10
8/8/2007,8.32E+10
8/9/2007,8.01E+10
8/10/2007,8.1E+10
8/13/2007,8.19E+10
8/14/2007,8.11E+10
8/15/2007,7.74E+10
8/16/2007,7.3E+10
8/17/2007,7.25E+10
8/20/2007,7.61E+10
8/21/2007,7.71E+10
8/22/2007,7.92E+10
8/23/2007,7.9E+10
8/24/2007,8.08E+10
8/27/2007,8.08E+10
8/28/2007,7.9E+10
8/29/2007,8.09E+10
8/30/2007,8.21E+10
8/31/2007,8.44E+10
9/3/2007,8.45E+10
9/4/2007,8.37E+10
9/5/2007,8.29E+10
9/6/2007,8.26E+10
9/7/2007,8.26E+10
9/10/2007,7.95E+10
9/11/2007,8.05E+10
9/12/2007,8.19E+10
9/13/2007,8.17E+10
9/14/2007,8.05E+10
9/17/2007,8E+10
9/18/2007,7.97E+10
9/19/2007,8.15E+10
9/20/2007,8.22E+10
9/21/2007,8.29E+10
9/24/2007,8.15E+10
9/25/2007,8.06E+10
9/26/2007,7.99E+10
9/27/2007,8.2E+10
9/28/2007,8.27E+10
10/1/2007,8.6E+10
10/2/2007,8.75E+10
10/3/2007,8.75E+10
10/4/2007,8.65E+10
10/5/2007,8.9E+10
10/8/2007,8.88E+10
10/9/2007,8.91E+10
10/10/2007,8.76E+10
10/11/2007,8.83E+10
10/12/2007,8.83E+10
10/15/2007,8.64E+10
10/16/2007,8.4E+10
10/17/2007,8.74E+10
10/18/2007,8.81E+10
10/19/2007,8.59E+10
10/22/2007,8.59E+10
10/23/2007,8.7E+10
10/24/2007,8.66E+10
10/25/2007,8.49E+10
10/26/2007,8.56E+10
10/29/2007,8.64E+10
10/30/2007,8.72E+10
10/31/2007,8.84E+10
11/1/2007,8.86E+10
11/2/2007,8.86E+10
11/5/2007,8.74E+10
11/6/2007,8.7E+10
11/7/2007,8.56E+10
11/8/2007,8.14E+10
11/9/2007,8.1E+10
11/12/2007,7.96E+10
11/13/2007,7.95E+10
11/14/2007,8.19E+10
11/15/2007,8.19E+10
11/16/2007,8.1E+10
11/19/2007,7.86E+10
11/20/2007,7.86E+10
11/21/2007,7.59E+10
11/22/2007,7.7E+10
11/23/2007,7.68E+10
11/26/2007,7.62E+10
11/27/2007,7.7E+10
11/28/2007,7.97E+10
11/29/2007,8.04E+10
11/30/2007,8.15E+10
12/3/2007,8.36E+10
12/4/2007,8.17E+10
12/5/2007,8.17E+10
12/6/2007,8.21E+10
12/7/2007,8.15E+10
12/10/2007,8.23E+10
12/11/2007,8.17E+10
12/12/2007,8.08E+10
12/13/2007,7.95E+10
12/14/2007,7.92E+10
12/17/2007,7.77E+10
12/18/2007,7.79E+10
12/19/2007,7.78E+10
12/20/2007,7.83E+10
12/21/2007,7.81E+10
12/24/2007,7.81E+10
12/25/2007,7.81E+10
12/26/2007,7.87E+10
12/27/2007,7.82E+10
12/28/2007,7.86E+10
12/31/2007,7.79E+10
1/1/2008,7.79E+10
1/2/2008,7.71E+10
1/3/2008,7.8E+10
1/4/2008,7.67E+10
1/7/2008,7.57E+10
1/8/2008,7.61E+10
1/9/2008,7.54E+10
1/10/2008,7.82E+10
1/11/2008,7.74E+10
1/14/2008,7.63E+10
1/15/2008,7.46E+10
1/16/2008,7.37E+10
1/17/2008,7.09E+10
1/18/2008,7.23E+10
1/21/2008,6.96E+10
1/22/2008,7.15E+10
1/23/2008,6.87E+10
1/24/2008,7.28E+10
1/25/2008,7.28E+10
1/28/2008,7.47E+10
1/29/2008,7.36E+10
1/30/2008,7.34E+10
1/31/2008,7.31E+10
2/1/2008,7.7E+10
2/4/2008,7.7E+10
2/5/2008,7.7E+10
2/6/2008,7.47E+10
2/7/2008,7.81E+10
2/8/2008,7.71E+10
2/11/2008,7.94E+10
2/12/2008,8.05E+10
2/13/2008,8.1E+10
2/14/2008,7.78E+10
2/15/2008,7.72E+10
2/18/2008,7.92E+10
2/19/2008,7.87E+10
2/20/2008,7.92E+10
2/21/2008,7.92E+10
2/22/2008,8.03E+10
2/25/2008,8.09E+10
2/26/2008,8.24E+10
2/27/2008,8.36E+10
2/28/2008,8.56E+10
2/29/2008,8.19E+10
3/3/2008,8.35E+10
3/4/2008,8.3E+10
3/5/2008,8.24E+10
3/6/2008,7.83E+10
3/7/2008,7.67E+10
3/10/2008,7.63E+10
3/11/2008,7.77E+10
3/12/2008,7.66E+10
3/13/2008,7.8E+10
3/14/2008,7.89E+10
3/17/2008,7.76E+10
3/18/2008,7.88E+10
3/19/2008,7.55E+10
3/20/2008,7.64E+10
3/21/2008,7.64E+10
3/24/2008,7.89E+10
3/25/2008,7.95E+10
3/26/2008,7.91E+10
3/27/2008,7.69E+10
3/28/2008,7.61E+10
3/31/2008,7.54E+10
4/1/2008,7.76E+10
4/2/2008,7.74E+10
4/3/2008,7.85E+10
4/4/2008,7.77E+10
4/7/2008,7.59E+10
4/8/2008,7.57E+10
4/9/2008,7.5E+10
4/10/2008,7.69E+10
4/11/2008,7.41E+10
4/14/2008,7.41E+10
4/15/2008,7.38E+10
4/16/2008,7.47E+10
4/17/2008,7.24E+10
4/18/2008,7.3E+10
4/21/2008,7.3E+10
4/22/2008,7.08E+10
4/23/2008,6.99E+10
4/24/2008,7.03E+10
4/25/2008,7.1E+10
4/28/2008,7.16E+10
4/29/2008,6.92E+10
4/30/2008,7.17E+10
5/1/2008,7.17E+10
5/2/2008,7.47E+10
5/5/2008,7.53E+10
5/6/2008,7.43E+10
5/7/2008,7.36E+10
5/8/2008,7.29E+10
5/9/2008,7.12E+10
5/12/2008,7.27E+10
5/13/2008,7.35E+10
5/14/2008,7.36E+10
5/15/2008,7.43E+10
5/16/2008,7.39E+10
5/19/2008,7.27E+10
5/20/2008,7.25E+10
5/21/2008,7.1E+10
5/22/2008,7.1E+10
5/23/2008,7.04E+10
5/26/2008,7.09E+10
5/27/2008,6.98E+10
5/28/2008,6.82E+10
5/29/2008,6.69E+10
5/30/2008,6.67E+10
6/2/2008,6.54E+10
6/3/2008,6.4E+10
6/4/2008,6.41E+10
6/5/2008,6.57E+10
6/6/2008,6.45E+10
6/9/2008,6.43E+10
6/10/2008,6.35E+10
6/11/2008,6.32E+10
6/12/2008,6.75E+10
6/13/2008,6.61E+10
6/16/2008,6.61E+10
6/17/2008,6.45E+10
6/18/2008,6.28E+10
6/19/2008,6.41E+10
6/20/2008,6.28E+10
6/23/2008,6.26E+10
6/24/2008,6.22E+10
6/25/2008,6.2E+10
6/26/2008,6.08E+10
6/27/2008,5.99E+10
6/30/2008,6.05E+10
7/1/2008,5.84E+10
7/2/2008,5.71E+10
7/3/2008,5.56E+10
7/4/2008,5.45E+10
7/7/2008,5.49E+10
7/8/2008,5.57E+10
7/9/2008,5.57E+10
7/10/2008,5.51E+10
7/11/2008,5.52E+10
7/14/2008,5.73E+10
7/15/2008,5.69E+10
7/16/2008,5.66E+10
7/17/2008,5.48E+10
7/18/2008,5.33E+10
7/21/2008,5.34E+10
7/22/2008,5.25E+10
7/23/2008,5.39E+10
7/24/2008,5.29E+10
7/25/2008,5.22E+10
7/28/2008,5.15E+10
7/29/2008,5.23E+10
7/30/2008,5.35E+10
7/31/2008,5.36E+10
8/1/2008,5.29E+10
8/4/2008,5.37E+10
8/5/2008,5.67E+10
8/6/2008,5.83E+10
8/7/2008,5.77E+10
8/8/2008,5.82E+10
8/11/2008,5.8E+10
8/12/2008,5.67E+10
8/13/2008,5.65E+10
8/14/2008,5.7E+10
8/15/2008,5.71E+10
8/18/2008,5.62E+10
8/19/2008,5.61E+10
8/20/2008,5.66E+10
8/21/2008,5.68E+10
8/22/2008,5.75E+10
8/25/2008,5.72E+10
8/26/2008,5.64E+10
8/27/2008,5.63E+10
8/28/2008,5.8E+10
8/29/2008,5.73E+10
9/1/2008,5.71E+10
9/2/2008,5.74E+10
9/3/2008,5.75E+10
9/4/2008,5.62E+10
9/5/2008,5.7E+10
9/8/2008,5.73E+10
9/9/2008,5.78E+10
9/10/2008,5.98E+10
9/11/2008,6.09E+10
9/12/2008,6.01E+10
9/15/2008,5.91E+10
9/16/2008,5.7E+10
9/17/2008,5.59E+10
9/18/2008,5.73E+10
9/19/2008,6.09E+10
9/22/2008,5.99E+10
9/23/2008,5.81E+10
9/24/2008,5.87E+10
9/25/2008,5.99E+10
9/26/2008,5.91E+10
9/29/2008,5.61E+10
9/30/2008,5.99E+10
10/1/2008,5.98E+10
10/2/2008,5.82E+10
10/3/2008,5.77E+10
10/6/2008,5.71E+10
10/7/2008,5.63E+10
10/8/2008,5.35E+10
10/9/2008,5.07E+10
10/10/2008,5.15E+10
10/13/2008,5.45E+10
10/14/2008,5.61E+10
10/15/2008,5.15E+10
10/16/2008,5.21E+10
10/17/2008,5.55E+10
10/20/2008,5.87E+10
10/21/2008,5.79E+10
10/22/2008,5.08E+10
10/23/2008,5.11E+10
10/24/2008,4.96E+10
10/27/2008,4.8E+10
10/28/2008,5.32E+10
10/29/2008,5.26E+10
10/30/2008,5.08E+10
10/31/2008,5.2E+10
11/3/2008,5.25E+10
11/4/2008,5.23E+10
11/5/2008,5.22E+10
11/6/2008,5.41E+10
11/7/2008,5.68E+10
11/10/2008,5.64E+10
11/11/2008,5.63E+10
11/12/2008,5.43E+10
11/13/2008,6.04E+10
11/14/2008,5.87E+10
11/17/2008,5.8E+10
11/18/2008,5.81E+10
11/19/2008,5.54E+10
11/20/2008,5.54E+10
11/21/2008,5.77E+10
11/24/2008,5.7E+10
11/25/2008,5.46E+10
11/26/2008,5.3E+10
11/27/2008,5.43E+10
11/28/2008,5.43E+10
12/1/2008,5.25E+10
12/2/2008,5.31E+10
12/3/2008,5.39E+10
12/4/2008,5.32E+10
12/5/2008,5.34E+10
12/8/2008,5.67E+10
12/9/2008,5.63E+10
12/10/2008,5.79E+10
12/11/2008,5.8E+10
12/12/2008,5.96E+10
12/15/2008,5.81E+10
12/16/2008,6.09E+10
12/17/2008,5.88E+10
12/18/2008,5.97E+10
12/19/2008,5.7E+10
12/22/2008,5.64E+10
12/23/2008,5.5E+10
12/24/2008,5.5E+10
12/25/2008,5.5E+10
12/26/2008,5.46E+10
12/29/2008,5.5E+10
12/30/2008,5.65E+10
12/31/2008,5.65E+10
1/1/2009,5.65E+10
1/2/2009,5.93E+10
1/5/2009,5.72E+10
1/6/2009,5.67E+10
1/7/2009,5.7E+10
1/8/2009,5.68E+10
1/9/2009,5.65E+10
1/12/2009,5.58E+10
1/13/2009,5.62E+10
1/14/2009,5.58E+10
1/15/2009,5.57E+10
1/16/2009,5.51E+10
1/19/2009,5.41E+10
1/20/2009,5.23E+10
1/21/2009,5.34E+10
1/22/2009,5.35E+10
1/23/2009,5.33E+10
1/26/2009,5.25E+10
1/27/2009,5.29E+10
1/28/2009,5.25E+10
1/29/2009,5.26E+10
1/30/2009,5.33E+10
2/2/2009,5.24E+10
2/3/2009,5.5E+10
2/4/2009,5.5E+10
2/5/2009,5.49E+10
2/6/2009,5.66E+10
2/9/2009,5.58E+10
2/10/2009,5.65E+10
2/11/2009,5.67E+10
2/12/2009,5.67E+10
2/13/2009,5.61E+10
2/16/2009,5.69E+10
2/17/2009,5.45E+10
2/18/2009,5.64E+10
2/19/2009,5.59E+10
2/20/2009,5.57E+10
2/23/2009,5.57E+10
2/24/2009,5.57E+10
2/25/2009,5.61E+10
2/26/2009,5.57E+10
2/27/2009,5.48E+10
3/2/2009,5.06E+10
3/3/2009,5.05E+10
3/4/2009,5.14E+10
3/5/2009,5.31E+10
3/6/2009,5.4E+10
3/9/2009,5.35E+10
3/10/2009,5.52E+10
3/11/2009,5.55E+10
3/12/2009,5.59E+10
3/13/2009,5.7E+10
3/16/2009,5.57E+10
3/17/2009,5.64E+10
3/18/2009,5.76E+10
3/19/2009,5.77E+10
3/20/2009,5.81E+10
3/23/2009,6.09E+10
3/24/2009,6.01E+10
3/25/2009,6.02E+10
3/26/2009,6.11E+10
3/27/2009,6.18E+10
3/30/2009,6.02E+10
3/31/2009,6.14E+10
4/1/2009,6.24E+10
4/2/2009,6.31E+10
4/3/2009,6.42E+10
4/6/2009,6.58E+10
4/7/2009,6.36E+10
4/8/2009,6.05E+10
4/9/2009,6.3E+10
4/10/2009,6.3E+10
4/13/2009,6.36E+10
4/14/2009,6.36E+10
4/15/2009,6.33E+10
4/16/2009,6.42E+10
4/17/2009,6.43E+10
4/20/2009,6.31E+10
4/21/2009,6.31E+10
4/22/2009,6.46E+10
4/23/2009,6.57E+10
4/24/2009,6.56E+10
4/27/2009,6.47E+10
4/28/2009,6.59E+10
4/29/2009,6.7E+10
4/30/2009,6.76E+10
5/1/2009,6.76E+10
5/4/2009,6.93E+10
5/5/2009,6.9E+10
5/6/2009,6.83E+10
5/7/2009,6.86E+10
5/8/2009,7.01E+10
5/11/2009,6.92E+10
5/12/2009,6.8E+10
5/13/2009,6.68E+10
5/14/2009,6.71E+10
5/15/2009,6.72E+10
5/18/2009,6.92E+10
5/19/2009,7.01E+10
5/20/2009,7.06E+10
5/21/2009,7.11E+10
5/22/2009,7.1E+10
5/25/2009,7.05E+10
5/26/2009,7.18E+10
5/27/2009,7.18E+10
5/28/2009,7.29E+10
5/29/2009,7.23E+10
6/1/2009,7.4E+10
6/2/2009,7.22E+10
6/3/2009,7.11E+10
6/4/2009,7.14E+10
6/5/2009,7.12E+10
6/8/2009,7.09E+10
6/9/2009,7.07E+10
6/10/2009,7.14E+10
6/11/2009,7.14E+10
6/12/2009,7.14E+10
6/15/2009,7.05E+10
6/16/2009,7E+10
6/17/2009,7.13E+10
6/18/2009,7.18E+10
6/19/2009,7.19E+10
6/22/2009,6.96E+10
6/23/2009,6.96E+10
6/24/2009,6.98E+10
6/25/2009,7.17E+10
6/26/2009,7.18E+10
6/29/2009,7.03E+10
6/30/2009,7.1E+10
7/1/2009,7.02E+10
7/2/2009,7.05E+10
7/3/2009,7.08E+10
7/6/2009,7.15E+10
7/7/2009,7.14E+10
7/8/2009,7.16E+10
7/9/2009,7.16E+10
7/10/2009,7.11E+10
7/13/2009,7.13E+10
7/14/2009,7.07E+10
7/15/2009,7.36E+10
7/16/2009,7.4E+10
7/17/2009,7.44E+10
7/20/2009,7.51E+10
7/21/2009,7.43E+10
7/22/2009,7.21E+10
7/23/2009,7.45E+10
7/24/2009,7.33E+10
7/27/2009,7.34E+10
7/28/2009,7.29E+10
7/29/2009,7.27E+10
7/30/2009,7.33E+10
7/31/2009,7.29E+10
8/3/2009,7.47E+10
8/4/2009,7.52E+10
8/5/2009,7.49E+10
8/6/2009,7.47E+10
8/7/2009,7.48E+10
8/10/2009,7.52E+10
8/11/2009,7.49E+10
8/12/2009,7.62E+10
8/13/2009,7.65E+10
8/14/2009,7.8E+10
8/17/2009,7.77E+10
8/18/2009,7.66E+10
8/19/2009,7.73E+10
8/20/2009,7.8E+10
8/21/2009,7.95E+10
8/24/2009,7.92E+10
8/25/2009,7.93E+10
8/26/2009,7.96E+10
8/27/2009,7.96E+10
8/28/2009,8.05E+10
8/31/2009,7.99E+10
9/1/2009,7.85E+10
9/2/2009,7.77E+10
9/3/2009,7.81E+10
9/4/2009,7.77E+10
9/7/2009,7.77E+10
9/8/2009,7.86E+10
9/9/2009,7.91E+10
9/10/2009,7.89E+10
9/11/2009,7.86E+10
9/14/2009,7.95E+10
9/15/2009,8.08E+10
9/16/2009,8.14E+10
9/17/2009,8.14E+10
9/18/2009,8.18E+10
9/21/2009,8.2E+10
9/22/2009,8.18E+10
9/23/2009,8.18E+10
9/24/2009,8.18E+10
9/25/2009,8.09E+10
9/28/2009,8.21E+10
9/29/2009,8.22E+10
9/30/2009,8.33E+10
10/1/2009,8.51E+10
10/2/2009,8.51E+10
10/5/2009,8.67E+10
10/6/2009,8.93E+10
10/7/2009,8.81E+10
10/8/2009,8.92E+10
10/9/2009,9E+10
10/12/2009,9E+10
10/13/2009,9.06E+10
10/14/2009,9.15E+10
10/15/2009,9.2E+10
10/16/2009,9.17E+10
10/19/2009,9.37E+10
10/20/2009,9.25E+10
10/21/2009,9.15E+10
10/22/2009,9.3E+10
10/23/2009,9.24E+10
10/26/2009,9.22E+10
10/27/2009,9.06E+10
10/28/2009,8.78E+10
10/29/2009,9.29E+10
10/30/2009,8.96E+10
11/2/2009,8.96E+10
11/3/2009,8.95E+10
11/4/2009,9.05E+10
11/5/2009,9.24E+10
11/6/2009,9.22E+10
11/9/2009,9.4E+10
11/10/2009,9.56E+10
11/11/2009,9.84E+10
11/12/2009,9.36E+10
11/13/2009,9.35E+10
11/16/2009,9.65E+10
11/17/2009,9.71E+10
11/18/2009,9.71E+10
11/19/2009,9.5E+10
11/20/2009,9.5E+10
11/23/2009,9.5E+10
11/24/2009,9.53E+10
11/25/2009,9.47E+10
11/26/2009,9.41E+10
11/27/2009,9.49E+10
11/30/2009,9.48E+10
12/1/2009,9.51E+10
12/2/2009,9.55E+10
12/3/2009,9.39E+10
12/4/2009,9.25E+10
12/7/2009,9.54E+10
12/8/2009,9.46E+10
12/9/2009,9.48E+10
12/10/2009,9.33E+10
12/11/2009,9.43E+10
12/14/2009,9.51E+10
12/15/2009,9.58E+10
12/16/2009,9.5E+10
12/17/2009,9.56E+10
12/18/2009,9.53E+10
12/21/2009,9.42E+10
12/22/2009,9.72E+10
12/23/2009,9.58E+10
12/24/2009,9.58E+10
12/25/2009,9.58E+10
12/28/2009,9.64E+10
12/29/2009,9.92E+10
12/30/2009,9.82E+10
12/31/2009,9.82E+10
1/1/2010,9.82E+10
1/4/2010,1.01E+11
1/5/2010,1.01E+11
1/6/2010,1.02E+11
1/7/2010,1.02E+11
1/8/2010,1.02E+11
1/11/2010,1.01E+11
1/12/2010,1.02E+11
1/13/2010,1.04E+11
1/14/2010,1.05E+11
1/15/2010,1.04E+11
1/18/2010,1.04E+11
1/19/2010,1.05E+11
1/20/2010,1.02E+11
1/21/2010,1.02E+11
1/22/2010,1.03E+11
1/25/2010,1.03E+11
1/26/2010,1.01E+11
1/27/2010,1.01E+11
1/28/2010,1.01E+11
1/29/2010,9.87E+10
2/1/2010,9.92E+10
2/2/2010,1.02E+11
2/3/2010,1.03E+11
2/4/2010,9.91E+10
2/5/2010,9.55E+10
2/8/2010,9.46E+10
2/9/2010,9.47E+10
2/10/2010,9.54E+10
2/11/2010,9.77E+10
2/12/2010,9.66E+10
2/15/2010,9.66E+10
2/16/2010,9.66E+10
2/17/2010,1.02E+11
2/18/2010,1.01E+11
2/19/2010,1.02E+11
2/22/2010,1.01E+11
2/23/2010,9.89E+10
2/24/2010,9.88E+10
2/25/2010,9.95E+10
2/26/2010,9.86E+10
3/1/2010,9.94E+10
3/2/2010,9.98E+10
3/3/2010,1E+11
3/4/2010,9.89E+10
3/5/2010,9.74E+10
3/8/2010,9.75E+10
3/9/2010,9.67E+10
3/10/2010,9.73E+10
3/11/2010,9.7E+10
3/12/2010,9.67E+10
3/15/2010,9.62E+10
3/16/2010,9.67E+10
3/17/2010,9.73E+10
3/18/2010,9.74E+10
3/19/2010,9.43E+10
3/22/2010,9.42E+10
3/23/2010,9.39E+10
3/24/2010,9.3E+10
3/25/2010,9.38E+10
3/26/2010,9.41E+10
3/29/2010,9.34E+10
3/30/2010,9.4E+10
3/31/2010,9.18E+10
4/1/2010,9.18E+10
4/2/2010,9.18E+10
4/5/2010,9.32E+10
4/6/2010,9.31E+10
4/7/2010,9.34E+10
4/8/2010,9.34E+10
4/9/2010,9.42E+10
4/12/2010,9.45E+10
4/13/2010,9.55E+10
4/14/2010,9.65E+10
4/15/2010,9.79E+10
4/16/2010,9.67E+10
4/19/2010,9.61E+10
4/20/2010,9.64E+10
4/21/2010,9.64E+10
4/22/2010,9.73E+10
4/23/2010,9.91E+10
4/26/2010,1E+11
4/27/2010,9.63E+10
4/28/2010,9.44E+10
4/29/2010,9.68E+10
4/30/2010,9.73E+10
5/3/2010,9.71E+10
5/4/2010,9.75E+10
5/5/2010,9.74E+10
5/6/2010,9.79E+10
5/7/2010,9.87E+10
5/10/2010,9.94E+10
5/11/2010,9.99E+10
5/12/2010,1.01E+11
5/13/2010,1E+11
5/14/2010,9.96E+10
5/17/2010,1.01E+11
5/18/2010,1E+11
5/19/2010,9.89E+10
5/20/2010,9.62E+10
5/21/2010,9.74E+10
5/24/2010,9.88E+10
5/25/2010,9.86E+10
5/26/2010,9.5E+10
5/27/2010,9.9E+10
5/28/2010,9.91E+10
5/31/2010,9.85E+10
6/1/2010,9.88E+10
6/2/2010,1.01E+11
6/3/2010,1.01E+11
6/4/2010,1.01E+11
6/7/2010,1.02E+11
6/8/2010,1.02E+11
6/9/2010,1.02E+11
6/10/2010,1.03E+11
6/11/2010,1.03E+11
6/14/2010,1.03E+11
6/15/2010,1.05E+11
6/16/2010,1.06E+11
6/17/2010,1.06E+11
6/18/2010,1.06E+11
6/21/2010,1.07E+11
6/22/2010,1.09E+11
6/23/2010,1.08E+11
6/24/2010,1.06E+11
6/25/2010,1.07E+11
6/28/2010,1.09E+11
6/29/2010,1.06E+11
6/30/2010,1.03E+11
7/1/2010,1.02E+11
7/2/2010,1.03E+11
7/5/2010,1.01E+11
7/6/2010,1.04E+11
7/7/2010,1.05E+11
7/8/2010,1.05E+11
7/9/2010,1.05E+11
7/12/2010,1.04E+11
7/13/2010,1.05E+11
7/14/2010,1.05E+11
7/15/2010,1.06E+11
7/16/2010,1.07E+11
7/19/2010,1.08E+11
7/20/2010,1.08E+11
7/21/2010,1.07E+11
7/22/2010,1.09E+11
7/23/2010,1.08E+11
7/26/2010,1.07E+11
7/27/2010,1.07E+11
7/28/2010,1.08E+11
7/29/2010,1.08E+11
7/30/2010,1.08E+11
8/2/2010,1.09E+11
8/3/2010,1.08E+11
8/4/2010,1.07E+11
8/5/2010,1.07E+11
8/6/2010,1.05E+11
8/9/2010,1.05E+11
8/10/2010,1.05E+11
8/11/2010,1.04E+11
8/12/2010,1.04E+11
8/13/2010,1.04E+11
8/16/2010,1.06E+11
8/17/2010,1.08E+11
8/18/2010,1.09E+11
8/19/2010,1.09E+11
8/20/2010,1.09E+11
8/23/2010,1.08E+11
8/24/2010,1.08E+11
8/25/2010,1.06E+11
8/26/2010,1.06E+11
8/27/2010,1.08E+11
8/30/2010,1.07E+11
8/31/2010,1.11E+11
9/1/2010,1.11E+11
9/2/2010,1.1E+11
9/3/2010,1.1E+11
9/6/2010,1.09E+11
9/7/2010,1.09E+11
9/8/2010,1.11E+11
9/9/2010,1.11E+11
9/10/2010,1.11E+11
9/13/2010,1.13E+11
9/14/2010,1.14E+11
9/15/2010,1.17E+11
9/16/2010,1.17E+11
9/17/2010,1.15E+11
9/20/2010,1.17E+11
9/21/2010,1.15E+11
9/22/2010,1.16E+11
9/23/2010,1.16E+11
9/24/2010,1.15E+11
9/27/2010,1.17E+11
9/28/2010,1.18E+11
9/29/2010,1.19E+11
9/30/2010,1.16E+11
10/1/2010,1.19E+11
10/4/2010,1.2E+11
10/5/2010,1.22E+11
10/6/2010,1.23E+11
10/7/2010,1.23E+11
10/8/2010,1.26E+11
10/11/2010,1.25E+11
10/12/2010,1.25E+11
10/13/2010,1.3E+11
10/14/2010,1.3E+11
10/15/2010,1.31E+11
10/18/2010,1.32E+11
10/19/2010,1.3E+11
10/20/2010,1.31E+11
10/21/2010,1.32E+11
10/22/2010,1.35E+11
10/25/2010,1.35E+11
10/26/2010,1.31E+11
10/27/2010,1.28E+11
10/28/2010,1.28E+11
10/29/2010,1.32E+11
11/1/2010,1.33E+11
11/2/2010,1.33E+11
11/3/2010,1.31E+11
11/4/2010,1.32E+11
11/5/2010,1.34E+11
11/8/2010,1.35E+11
11/9/2010,1.31E+11
11/10/2010,1.31E+11
11/11/2010,1.3E+11
11/12/2010,1.3E+11
11/15/2010,1.3E+11
11/16/2010,1.3E+11
11/17/2010,1.33E+11
11/18/2010,1.36E+11
11/19/2010,1.38E+11
11/22/2010,1.4E+11
11/23/2010,1.36E+11
11/24/2010,1.36E+11
11/25/2010,1.36E+11
11/26/2010,1.36E+11
11/29/2010,1.33E+11
11/30/2010,1.32E+11
12/1/2010,1.32E+11
12/2/2010,1.32E+11
12/3/2010,1.36E+11
12/6/2010,1.35E+11
12/7/2010,1.34E+11
12/8/2010,1.35E+11
12/9/2010,1.34E+11
12/10/2010,1.35E+11
12/13/2010,1.36E+11
12/14/2010,1.36E+11
12/15/2010,1.38E+11
12/16/2010,1.38E+11
12/17/2010,1.39E+11
12/20/2010,1.4E+11
12/21/2010,1.43E+11
12/22/2010,1.43E+11
12/23/2010,1.44E+11
12/24/2010,1.44E+11
12/27/2010,1.44E+11
12/28/2010,1.43E+11
12/29/2010,1.43E+11
12/30/2010,1.44E+11
12/31/2010,1.44E+11
1/3/2011,1.45E+11
1/4/2011,1.45E+11
1/5/2011,1.43E+11
1/6/2011,1.42E+11
1/7/2011,1.41E+11
1/10/2011,1.41E+11
1/11/2011,1.41E+11
1/12/2011,1.37E+11
1/13/2011,1.35E+11
1/14/2011,1.33E+11
1/17/2011,1.36E+11
1/18/2011,1.31E+11
1/19/2011,1.31E+11
1/20/2011,1.3E+11
1/21/2011,1.27E+11
1/24/2011,1.3E+11
1/25/2011,1.3E+11
1/26/2011,1.32E+11
1/27/2011,1.32E+11
1/28/2011,1.28E+11
1/31/2011,1.27E+11
2/1/2011,1.26E+11
2/2/2011,1.26E+11
2/3/2011,1.25E+11
2/4/2011,1.23E+11
2/7/2011,1.24E+11
2/8/2011,1.25E+11
2/9/2011,1.22E+11
2/10/2011,1.2E+11
2/11/2011,1.25E+11
2/14/2011,1.25E+11
2/15/2011,1.26E+11
2/16/2011,1.29E+11
2/17/2011,1.3E+11
2/18/2011,1.31E+11
2/21/2011,1.31E+11
2/22/2011,1.27E+11
2/23/2011,1.24E+11
2/24/2011,1.24E+11
2/25/2011,1.23E+11
2/28/2011,1.25E+11
3/1/2011,1.28E+11
3/2/2011,1.33E+11
3/3/2011,1.3E+11
3/4/2011,1.26E+11
3/7/2011,1.26E+11
3/8/2011,1.26E+11
3/9/2011,1.26E+11
3/10/2011,1.26E+11
3/11/2011,1.28E+11
3/14/2011,1.27E+11
3/15/2011,1.27E+11
3/16/2011,1.25E+11
3/17/2011,1.24E+11
3/18/2011,1.26E+11
3/21/2011,1.26E+11
3/22/2011,1.27E+11
3/23/2011,1.29E+11
3/24/2011,1.28E+11
3/25/2011,1.27E+11
3/28/2011,1.25E+11
3/29/2011,1.26E+11
3/30/2011,1.29E+11
3/31/2011,1.29E+11
4/1/2011,1.33E+11
4/4/2011,1.31E+11
4/5/2011,1.32E+11
4/6/2011,1.31E+11
4/7/2011,1.3E+11
4/8/2011,1.3E+11
4/11/2011,1.3E+11
4/12/2011,1.29E+11
4/13/2011,1.28E+11
4/14/2011,1.32E+11
4/15/2011,1.33E+11
4/18/2011,1.33E+11
4/19/2011,1.36E+11
4/20/2011,1.36E+11
4/21/2011,1.36E+11
4/22/2011,1.36E+11
4/25/2011,1.38E+11
4/26/2011,1.4E+11
4/27/2011,1.4E+11
4/28/2011,1.4E+11
4/29/2011,1.42E+11
5/2/2011,1.44E+11
5/3/2011,1.42E+11
5/4/2011,1.41E+11
5/5/2011,1.45E+11
5/6/2011,1.48E+11
5/9/2011,1.45E+11
5/10/2011,1.44E+11
5/11/2011,1.43E+11
5/12/2011,1.43E+11
5/13/2011,1.41E+11
5/16/2011,1.41E+11
5/17/2011,1.43E+11
5/18/2011,1.41E+11
5/19/2011,1.41E+11
5/20/2011,1.4E+11
5/23/2011,1.4E+11
5/24/2011,1.39E+11
5/25/2011,1.39E+11
5/26/2011,1.39E+11
5/27/2011,1.39E+11
5/30/2011,1.38E+11
5/31/2011,1.39E+11
6/1/2011,1.37E+11
6/2/2011,1.37E+11
6/3/2011,1.4E+11
6/6/2011,1.39E+11
6/7/2011,1.4E+11
6/8/2011,1.41E+11
6/9/2011,1.42E+11
6/10/2011,1.4E+11
6/13/2011,1.38E+11
6/14/2011,1.41E+11
6/15/2011,1.4E+11
6/16/2011,1.38E+11
6/17/2011,1.38E+11
6/20/2011,1.41E+11
6/21/2011,1.43E+11
6/22/2011,1.42E+11
6/23/2011,1.42E+11
6/24/2011,1.42E+11
6/27/2011,1.43E+11
6/28/2011,1.44E+11
6/29/2011,1.46E+11
6/30/2011,1.45E+11
7/1/2011,1.46E+11
7/4/2011,1.46E+11
7/5/2011,1.47E+11
7/6/2011,1.47E+11
7/7/2011,1.46E+11
7/8/2011,1.43E+11
7/11/2011,1.41E+11
7/12/2011,1.38E+11
7/13/2011,1.39E+11
7/14/2011,1.39E+11
7/15/2011,1.36E+11
7/18/2011,1.38E+11
7/19/2011,1.39E+11
7/20/2011,1.37E+11
7/21/2011,1.37E+11
7/22/2011,1.37E+11
7/25/2011,1.35E+11
7/26/2011,1.31E+11
7/27/2011,1.29E+11
7/28/2011,1.32E+11
7/29/2011,1.29E+11
8/1/2011,1.28E+11
8/2/2011,1.3E+11
8/3/2011,1.3E+11
8/4/2011,1.26E+11
8/5/2011,1.29E+11
8/8/2011,1.24E+11
8/9/2011,1.28E+11
8/10/2011,1.28E+11
8/11/2011,1.34E+11
8/12/2011,1.37E+11
8/15/2011,1.41E+11
8/16/2011,1.43E+11
8/17/2011,1.43E+11
8/18/2011,1.42E+11
8/19/2011,1.44E+11
8/22/2011,1.44E+11
8/23/2011,1.48E+11
8/24/2011,1.48E+11
8/25/2011,1.47E+11
8/26/2011,1.45E+11
8/29/2011,1.48E+11
8/30/2011,1.5E+11
8/31/2011,1.55E+11
9/1/2011,1.54E+11
9/2/2011,1.53E+11
9/5/2011,1.51E+11
9/6/2011,1.51E+11
9/7/2011,1.51E+11
9/8/2011,1.51E+11
9/9/2011,1.5E+11
9/12/2011,1.51E+11
9/13/2011,1.52E+11
9/14/2011,1.53E+11
9/15/2011,1.54E+11
9/16/2011,1.55E+11
9/19/2011,1.57E+11
9/20/2011,1.58E+11
9/21/2011,1.58E+11
9/22/2011,1.55E+11
9/23/2011,1.55E+11
9/26/2011,1.54E+11
9/27/2011,1.53E+11
9/28/2011,1.55E+11
9/29/2011,1.56E+11
9/30/2011,1.58E+11
10/3/2011,1.54E+11
10/4/2011,1.54E+11
10/5/2011,1.56E+11
10/6/2011,1.55E+11
10/7/2011,1.56E+11
10/10/2011,1.57E+11
10/11/2011,1.57E+11
10/12/2011,1.57E+11
10/13/2011,1.58E+11
10/14/2011,1.57E+11
10/17/2011,1.58E+11
10/18/2011,1.61E+11
10/19/2011,1.63E+11
10/20/2011,1.63E+11
10/21/2011,1.63E+11
10/24/2011,1.63E+11
10/25/2011,1.62E+11
10/26/2011,1.62E+11
10/27/2011,1.59E+11
10/28/2011,1.59E+11
10/31/2011,1.6E+11
11/1/2011,1.61E+11
11/2/2011,1.61E+11
11/3/2011,1.61E+11
11/4/2011,1.61E+11
11/7/2011,1.61E+11
11/8/2011,1.59E+11
11/9/2011,1.61E+11
11/10/2011,1.61E+11
11/11/2011,1.62E+11
11/14/2011,1.62E+11
11/15/2011,1.62E+11
11/16/2011,1.64E+11
11/17/2011,1.62E+11
11/18/2011,1.61E+11
11/21/2011,1.61E+11
11/22/2011,1.61E+11
11/23/2011,1.63E+11
11/24/2011,1.64E+11
11/25/2011,1.63E+11
11/28/2011,1.64E+11
11/29/2011,1.66E+11
11/30/2011,1.69E+11
12/1/2011,1.73E+11
12/2/2011,1.72E+11
12/5/2011,1.72E+11
12/6/2011,1.75E+11
12/7/2011,1.77E+11
12/8/2011,1.78E+11
12/9/2011,1.79E+11
12/12/2011,1.79E+11
12/13/2011,1.81E+11
12/14/2011,1.81E+11
12/15/2011,1.83E+11
12/16/2011,1.83E+11
12/19/2011,1.85E+11
12/20/2011,1.86E+11
12/21/2011,1.84E+11
12/22/2011,1.83E+11
12/23/2011,1.85E+11
12/26/2011,1.84E+11
12/27/2011,1.86E+11
12/28/2011,1.85E+11
12/29/2011,1.88E+11
12/30/2011,1.88E+11
1/2/2012,1.88E+11
1/3/2012,1.85E+11
1/4/2012,1.8E+11
1/5/2012,1.77E+11
1/6/2012,1.77E+11
1/9/2012,1.77E+11
1/10/2012,1.76E+11
1/11/2012,1.77E+11
1/12/2012,1.77E+11
1/13/2012,1.77E+11
1/16/2012,1.79E+11
1/17/2012,1.81E+11
1/18/2012,1.82E+11
1/19/2012,1.82E+11
1/20/2012,1.81E+11
1/23/2012,1.79E+11
1/24/2012,1.81E+11
1/25/2012,1.81E+11
1/26/2012,1.81E+11
1/27/2012,1.78E+11
1/30/2012,1.78E+11
1/31/2012,1.78E+11
2/1/2012,1.81E+11
2/2/2012,1.81E+11
2/3/2012,1.83E+11
2/6/2012,1.81E+11
2/7/2012,1.79E+11
2/8/2012,1.78E+11
2/9/2012,1.79E+11
2/10/2012,1.79E+11
2/13/2012,1.82E+11
2/14/2012,1.82E+11
2/15/2012,1.81E+11
2/16/2012,1.85E+11
2/17/2012,1.89E+11
2/20/2012,1.89E+11
2/21/2012,1.89E+11
2/22/2012,1.87E+11
2/23/2012,1.87E+11
2/24/2012,1.92E+11
2/27/2012,1.93E+11
2/28/2012,1.94E+11
2/29/2012,1.96E+11
3/1/2012,1.94E+11
3/2/2012,1.97E+11
3/5/2012,1.96E+11
3/6/2012,1.95E+11
3/7/2012,2.01E+11
3/8/2012,2.04E+11
3/9/2012,2.09E+11
3/12/2012,2.11E+11
3/13/2012,2.14E+11
3/14/2012,2.13E+11
3/15/2012,2.11E+11
3/16/2012,2.08E+11
3/19/2012,2.12E+11
3/20/2012,2.14E+11
3/21/2012,2.14E+11
3/22/2012,2.17E+11
3/23/2012,2.18E+11
3/26/2012,2.27E+11
3/27/2012,2.23E+11
3/28/2012,2.14E+11
3/29/2012,2.15E+11
3/30/2012,2.13E+11
4/2/2012,2.18E+11
4/3/2012,2.17E+11
4/4/2012,2.13E+11
4/5/2012,2.12E+11
4/6/2012,2.12E+11
4/9/2012,2.11E+11
4/10/2012,2.13E+11
4/11/2012,2.19E+11
4/12/2012,2.21E+11
4/13/2012,2.22E+11
4/16/2012,2.21E+11
4/17/2012,2.24E+11
4/18/2012,2.3E+11
4/19/2012,2.3E+11
4/20/2012,2.34E+11
4/23/2012,2.31E+11
4/24/2012,2.3E+11
4/25/2012,2.32E+11
4/26/2012,2.31E+11
4/27/2012,2.31E+11
4/30/2012,2.28E+11
5/1/2012,2.28E+11
5/2/2012,2.27E+11
5/3/2012,2.28E+11
5/4/2012,2.22E+11
5/7/2012,2.27E+11
5/8/2012,2.25E+11
5/9/2012,2.22E+11
5/10/2012,2.21E+11
5/11/2012,2.19E+11
5/14/2012,2.18E+11
5/15/2012,2.19E+11
5/16/2012,2.18E+11
5/17/2012,2.18E+11
5/18/2012,2.17E+11
5/21/2012,2.17E+11
5/22/2012,2.18E+11
5/23/2012,2.12E+11
5/24/2012,2.12E+11
5/25/2012,2.11E+11
5/28/2012,2.12E+11
5/29/2012,2.12E+11
5/30/2012,2.13E+11
5/31/2012,2.15E+11
6/1/2012,2.05E+11
6/4/2012,2.03E+11
6/5/2012,2.02E+11
6/6/2012,2.1E+11
6/7/2012,2.1E+11
6/8/2012,2.08E+11
6/11/2012,2.05E+11
6/12/2012,2.08E+11
6/13/2012,2.08E+11
6/14/2012,2.08E+11
6/15/2012,2.09E+11
6/18/2012,2.15E+11
6/19/2012,2.2E+11
6/20/2012,2.2E+11
6/21/2012,2.15E+11
6/22/2012,2.12E+11
6/25/2012,2.13E+11
6/26/2012,2.14E+11
6/27/2012,2.11E+11
6/28/2012,2.12E+11
6/29/2012,2.17E+11
7/2/2012,2.12E+11
7/3/2012,2.16E+11
7/4/2012,2.19E+11
7/5/2012,2.17E+11
7/6/2012,2.14E+11
7/9/2012,2.14E+11
7/10/2012,2.11E+11
7/11/2012,2.11E+11
7/12/2012,2.09E+11
7/13/2012,2.09E+11
7/16/2012,2.08E+11
7/17/2012,2.07E+11
7/18/2012,2.1E+11
7/19/2012,2.11E+11
7/20/2012,2.09E+11
7/23/2012,2.11E+11
7/24/2012,2.07E+11
7/25/2012,2.07E+11
7/26/2012,2.15E+11
7/27/2012,2.22E+11
7/30/2012,2.24E+11
7/31/2012,2.2E+11
8/1/2012,2.21E+11
8/2/2012,2.16E+11
8/3/2012,2.17E+11
8/6/2012,2.21E+11
8/7/2012,2.19E+11
8/8/2012,2.18E+11
8/9/2012,2.17E+11
8/10/2012,2.15E+11
8/13/2012,2.14E+11
8/14/2012,2.16E+11
8/15/2012,2.15E+11
8/16/2012,2.16E+11
8/17/2012,2.13E+11
8/20/2012,2.13E+11
8/21/2012,2.07E+11
8/22/2012,2.11E+11
8/23/2012,2.12E+11
8/24/2012,2.13E+11
8/27/2012,2.13E+11
8/28/2012,2.11E+11
8/29/2012,2.11E+11
8/30/2012,2.1E+11
8/31/2012,2.17E+11
9/3/2012,2.16E+11
9/4/2012,2.13E+11
9/5/2012,2.13E+11
9/6/2012,2.18E+11
9/7/2012,2.18E+11
9/10/2012,2.13E+11
9/11/2012,2.14E+11
9/12/2012,2.13E+11
9/13/2012,2.17E+11
9/14/2012,2.17E+11
9/17/2012,2.17E+11
9/18/2012,2.14E+11
9/19/2012,2.13E+11
9/20/2012,2.15E+11
9/21/2012,2.18E+11
9/24/2012,2.19E+11
9/25/2012,2.18E+11
9/26/2012,2.18E+11
9/27/2012,2.19E+11
9/28/2012,2.19E+11
10/1/2012,2.22E+11
10/2/2012,2.26E+11
10/3/2012,2.25E+11
10/4/2012,2.28E+11
10/5/2012,2.3E+11
10/8/2012,2.36E+11
10/9/2012,2.29E+11
10/10/2012,2.3E+11
10/11/2012,2.31E+11
10/12/2012,2.31E+11
10/15/2012,2.35E+11
10/16/2012,2.36E+11
10/17/2012,2.38E+11
10/18/2012,2.41E+11
10/19/2012,2.36E+11
10/22/2012,2.35E+11
10/23/2012,2.34E+11
10/24/2012,2.32E+11
10/25/2012,2.33E+11
10/26/2012,2.33E+11
10/29/2012,2.36E+11
10/30/2012,2.35E+11
10/31/2012,2.34E+11
11/1/2012,2.35E+11
11/2/2012,2.35E+11
11/5/2012,2.36E+11
11/6/2012,2.36E+11
11/7/2012,2.35E+11
11/8/2012,2.33E+11
11/9/2012,2.29E+11
11/12/2012,2.29E+11
11/13/2012,2.32E+11
11/14/2012,2.31E+11
11/15/2012,2.31E+11
11/16/2012,2.43E+11
11/19/2012,2.45E+11
11/20/2012,2.45E+11
11/21/2012,2.49E+11
11/22/2012,2.48E+11
11/23/2012,2.51E+11
11/26/2012,2.5E+11
11/27/2012,2.49E+11
11/28/2012,2.5E+11
11/29/2012,2.48E+11
11/30/2012,2.58E+11
12/3/2012,2.63E+11
12/4/2012,2.57E+11
12/5/2012,2.57E+11
12/6/2012,2.58E+11
12/7/2012,2.55E+11
12/10/2012,2.7E+11
12/11/2012,2.73E+11
12/12/2012,2.73E+11
12/13/2012,2.74E+11
12/14/2012,2.72E+11
12/17/2012,2.72E+11
12/18/2012,2.74E+11
12/19/2012,2.75E+11
12/20/2012,2.67E+11
12/21/2012,2.67E+11
12/24/2012,2.67E+11
12/25/2012,2.67E+11
12/26/2012,2.64E+11
12/27/2012,2.65E+11
12/28/2012,2.64E+11
12/31/2012,2.64E+11
1/1/2013,2.64E+11
1/2/2013,2.65E+11
1/3/2013,2.69E+11
1/4/2013,2.66E+11
1/7/2013,2.68E+11
1/8/2013,2.68E+11
1/9/2013,2.72E+11
1/10/2013,2.71E+11
1/11/2013,2.69E+11
1/14/2013,2.69E+11
1/15/2013,2.72E+11
1/16/2013,2.78E+11
1/17/2013,2.81E+11
1/18/2013,2.83E+11
1/21/2013,2.83E+11
1/22/2013,2.84E+11
1/23/2013,2.84E+11
1/24/2013,2.87E+11
1/25/2013,2.87E+11
1/28/2013,2.8E+11
1/29/2013,2.84E+11
1/30/2013,2.87E+11
1/31/2013,2.87E+11
2/1/2013,2.84E+11
2/4/2013,2.88E+11
2/5/2013,2.86E+11
2/6/2013,2.85E+11
2/7/2013,2.82E+11
2/8/2013,2.87E+11
2/11/2013,2.87E+11
2/12/2013,2.87E+11
2/13/2013,2.85E+11
2/14/2013,2.84E+11
2/15/2013,2.82E+11
2/18/2013,2.82E+11
2/19/2013,2.84E+11
2/20/2013,2.85E+11
2/21/2013,2.79E+11
2/22/2013,2.83E+11
2/25/2013,2.73E+11
2/26/2013,2.76E+11
2/27/2013,2.69E+11
2/28/2013,2.74E+11
3/1/2013,2.75E+11
3/4/2013,2.73E+11
3/5/2013,2.73E+11
3/6/2013,2.8E+11
3/7/2013,2.76E+11
3/8/2013,2.76E+11
3/11/2013,2.75E+11
3/12/2013,2.72E+11
3/13/2013,2.68E+11
3/14/2013,2.71E+11
3/15/2013,2.65E+11
3/18/2013,2.67E+11
3/19/2013,2.65E+11
3/20/2013,2.66E+11
3/21/2013,2.65E+11
3/22/2013,2.63E+11
3/25/2013,2.57E+11
3/26/2013,2.59E+11
3/27/2013,2.59E+11
3/28/2013,2.61E+11
3/29/2013,2.61E+11
4/1/2013,2.62E+11
4/2/2013,2.6E+11
4/3/2013,2.54E+11
4/4/2013,2.56E+11
4/5/2013,2.55E+11
4/8/2013,2.53E+11
4/9/2013,2.54E+11
4/10/2013,2.55E+11
4/11/2013,2.51E+11
4/12/2013,2.48E+11
4/15/2013,2.4E+11
4/16/2013,2.46E+11
4/17/2013,2.45E+11
4/18/2013,2.47E+11
4/19/2013,2.49E+11
4/22/2013,2.47E+11
4/23/2013,2.53E+11
4/24/2013,2.47E+11
4/25/2013,2.45E+11
4/26/2013,2.42E+11
4/29/2013,2.43E+11
4/30/2013,2.58E+11
5/1/2013,2.58E+11
5/2/2013,2.52E+11
5/3/2013,2.58E+11
5/6/2013,2.58E+11
5/7/2013,2.58E+11
5/8/2013,2.57E+11
5/9/2013,2.64E+11
5/10/2013,2.66E+11
5/13/2013,2.67E+11
5/14/2013,2.72E+11
5/15/2013,2.74E+11
5/16/2013,2.7E+11
5/17/2013,2.72E+11
5/20/2013,2.7E+11
5/21/2013,2.69E+11
5/22/2013,2.66E+11
5/23/2013,2.66E+11
5/24/2013,2.65E+11
5/27/2013,2.64E+11
5/28/2013,2.67E+11
5/29/2013,2.62E+11
5/30/2013,2.62E+11
5/31/2013,2.57E+11
6/3/2013,2.52E+11
6/4/2013,2.49E+11
6/5/2013,2.47E+11
6/6/2013,2.49E+11
6/7/2013,2.46E+11
6/10/2013,2.46E+11
6/11/2013,2.4E+11
6/12/2013,2.4E+11
6/13/2013,2.38E+11
6/14/2013,2.42E+11
6/17/2013,2.45E+11
6/18/2013,2.44E+11
6/19/2013,2.42E+11
6/20/2013,2.4E+11
6/21/2013,2.44E+11
6/24/2013,2.39E+11
6/25/2013,2.41E+11
6/26/2013,2.46E+11
6/27/2013,2.5E+11
6/28/2013,2.6E+11
7/1/2013,2.61E+11
7/2/2013,2.55E+11
7/3/2013,2.53E+11
7/4/2013,2.52E+11
7/5/2013,2.56E+11
7/8/2013,2.56E+11
7/9/2013,2.56E+11
7/10/2013,2.58E+11
7/11/2013,2.57E+11
7/12/2013,2.57E+11
7/15/2013,2.61E+11
7/16/2013,2.57E+11
7/17/2013,2.55E+11
7/18/2013,2.52E+11
7/19/2013,2.51E+11
7/22/2013,2.55E+11
7/23/2013,2.57E+11
7/24/2013,2.54E+11
7/25/2013,2.55E+11
7/26/2013,2.56E+11
7/29/2013,2.54E+11
7/30/2013,2.57E+11
7/31/2013,2.69E+11
8/1/2013,2.75E+11
8/2/2013,2.73E+11
8/5/2013,2.71E+11
8/6/2013,2.68E+11
8/7/2013,2.67E+11
8/8/2013,2.69E+11
8/9/2013,2.66E+11
8/12/2013,2.66E+11
8/13/2013,2.7E+11
8/14/2013,2.69E+11
8/15/2013,2.71E+11
8/16/2013,2.74E+11
8/19/2013,2.72E+11
8/20/2013,2.6E+11
8/21/2013,2.58E+11
8/22/2013,2.6E+11
8/23/2013,2.58E+11
8/26/2013,2.55E+11
8/27/2013,2.54E+11
8/28/2013,2.52E+11
8/29/2013,2.59E+11
8/30/2013,2.61E+11
9/2/2013,2.63E+11
9/3/2013,2.55E+11
9/4/2013,2.54E+11
9/5/2013,2.57E+11
9/6/2013,2.56E+11
9/9/2013,2.59E+11
9/10/2013,2.64E+11
9/11/2013,2.66E+11
9/12/2013,2.64E+11
9/13/2013,2.65E+11
9/16/2013,2.66E+11
9/17/2013,2.66E+11
9/18/2013,2.68E+11
9/19/2013,2.73E+11
9/20/2013,2.72E+11
9/23/2013,2.71E+11
9/24/2013,2.7E+11
9/25/2013,2.7E+11
9/26/2013,2.75E+11
9/27/2013,2.74E+11
9/30/2013,2.66E+11
10/1/2013,2.68E+11
10/2/2013,2.66E+11
10/3/2013,2.65E+11
10/4/2013,2.68E+11
10/7/2013,2.66E+11
10/8/2013,2.62E+11
10/9/2013,2.62E+11
10/10/2013,2.64E+11
10/11/2013,2.65E+11
10/14/2013,2.67E+11
10/15/2013,2.68E+11
10/16/2013,2.65E+11
10/17/2013,2.69E+11
10/18/2013,2.7E+11
10/21/2013,2.7E+11
10/22/2013,2.72E+11
10/23/2013,2.65E+11
10/24/2013,2.66E+11
10/25/2013,2.68E+11
10/28/2013,2.68E+11
10/29/2013,2.65E+11
10/30/2013,2.64E+11
10/31/2013,2.62E+11
11/1/2013,2.64E+11
11/4/2013,2.62E+11
11/5/2013,2.58E+11
11/6/2013,2.63E+11
11/7/2013,2.66E+11
11/8/2013,2.72E+11
11/11/2013,2.73E+11
11/12/2013,2.67E+11
11/13/2013,2.67E+11
11/14/2013,2.74E+11
11/15/2013,2.74E+11
11/18/2013,2.76E+11
11/19/2013,2.72E+11
11/20/2013,2.72E+11
11/21/2013,2.7E+11
11/22/2013,2.73E+11
11/25/2013,2.72E+11
11/26/2013,2.76E+11
11/27/2013,2.75E+11
11/28/2013,2.73E+11
11/29/2013,2.75E+11
12/2/2013,2.74E+11
12/3/2013,2.69E+11
12/4/2013,2.6E+11
12/5/2013,2.64E+11
12/6/2013,2.62E+11
12/9/2013,2.66E+11
12/10/2013,2.63E+11
12/11/2013,2.64E+11
12/12/2013,2.6E+11
12/13/2013,2.57E+11
12/16/2013,2.59E+11
12/17/2013,2.58E+11
12/18/2013,2.62E+11
12/19/2013,2.67E+11
12/20/2013,2.65E+11
12/23/2013,2.67E+11
12/24/2013,2.67E+11
12/25/2013,2.67E+11
12/26/2013,2.65E+11
12/27/2013,2.68E+11
12/30/2013,2.71E+11
12/31/2013,2.71E+11
1/1/2014,2.71E+11
1/2/2014,2.72E+11
1/3/2014,2.64E+11
1/6/2014,2.63E+11
1/7/2014,2.71E+11
1/8/2014,2.74E+11
1/9/2014,2.67E+11
1/10/2014,2.69E+11
1/13/2014,2.67E+11
1/14/2014,2.7E+11
1/15/2014,2.66E+11
1/16/2014,2.62E+11
1/17/2014,2.6E+11
1/20/2014,2.61E+11
1/21/2014,2.64E+11
1/22/2014,2.68E+11
1/23/2014,2.59E+11
1/24/2014,2.57E+11
1/27/2014,2.51E+11
1/28/2014,2.52E+11
1/29/2014,2.51E+11
1/30/2014,2.48E+11
1/31/2014,2.52E+11
2/3/2014,2.42E+11
2/4/2014,2.44E+11
2/5/2014,2.42E+11
2/6/2014,2.53E+11
2/7/2014,2.56E+11
2/10/2014,2.52E+11
2/11/2014,2.6E+11
2/12/2014,2.53E+11
2/13/2014,2.55E+11
2/14/2014,2.61E+11
2/17/2014,2.59E+11
2/18/2014,2.53E+11
2/19/2014,2.56E+11
2/20/2014,2.59E+11
2/21/2014,2.59E+11
2/24/2014,2.6E+11
2/25/2014,2.6E+11
2/26/2014,2.62E+11
2/27/2014,2.64E+11
2/28/2014,2.64E+11
3/3/2014,2.64E+11
3/4/2014,2.64E+11
3/5/2014,2.63E+11
3/6/2014,2.64E+11
3/7/2014,2.62E+11
3/10/2014,2.61E+11
3/11/2014,2.61E+11
3/12/2014,2.62E+11
3/13/2014,2.6E+11
3/14/2014,2.56E+11
3/17/2014,2.61E+11
3/18/2014,2.63E+11
3/19/2014,2.62E+11
3/20/2014,2.62E+11
3/21/2014,2.61E+11
3/24/2014,2.62E+11
3/25/2014,2.62E+11
3/26/2014,2.6E+11
3/27/2014,2.67E+11
3/28/2014,2.65E+11
3/31/2014,2.66E+11
4/1/2014,2.68E+11
4/2/2014,2.71E+11
4/3/2014,2.69E+11
4/4/2014,2.65E+11
4/7/2014,2.65E+11
4/8/2014,2.64E+11
4/9/2014,2.63E+11
4/10/2014,2.66E+11
4/11/2014,2.73E+11
4/14/2014,2.72E+11
4/15/2014,2.72E+11
4/16/2014,2.74E+11
4/17/2014,2.72E+11
4/18/2014,2.72E+11
4/21/2014,2.72E+11
4/22/2014,2.79E+11
4/23/2014,2.76E+11
4/24/2014,2.73E+11
4/25/2014,2.71E+11
4/28/2014,2.7E+11
4/29/2014,2.69E+11
4/30/2014,2.56E+11
5/1/2014,2.56E+11
5/2/2014,2.51E+11
5/5/2014,2.59E+11
5/6/2014,2.61E+11
5/7/2014,2.56E+11
5/8/2014,2.56E+11
5/9/2014,2.59E+11
5/12/2014,2.62E+11
5/13/2014,2.6E+11
5/14/2014,2.62E+11
5/15/2014,2.59E+11
5/16/2014,2.6E+11
5/19/2014,2.59E+11
5/20/2014,2.56E+11
5/21/2014,2.59E+11
5/22/2014,2.62E+11
5/23/2014,2.6E+11
5/26/2014,2.61E+11
5/27/2014,2.53E+11
5/28/2014,2.53E+11
5/29/2014,2.53E+11
5/30/2014,2.49E+11
6/2/2014,2.56E+11
6/3/2014,2.56E+11
6/4/2014,2.54E+11
6/5/2014,2.52E+11
6/6/2014,2.56E+11
6/9/2014,2.57E+11
6/10/2014,2.56E+11
6/11/2014,2.52E+11
6/12/2014,2.52E+11
6/13/2014,2.49E+11
6/16/2014,2.46E+11
6/17/2014,2.44E+11
6/18/2014,2.5E+11
6/19/2014,2.5E+11
6/20/2014,2.51E+11
6/23/2014,2.46E+11
6/24/2014,2.44E+11
6/25/2014,2.43E+11
6/26/2014,2.46E+11
6/27/2014,2.44E+11
6/30/2014,2.47E+11
7/1/2014,2.51E+11
7/2/2014,2.51E+11
7/3/2014,2.55E+11
7/4/2014,2.56E+11
7/7/2014,2.52E+11
7/8/2014,2.52E+11
7/9/2014,2.52E+11
7/10/2014,2.46E+11
7/11/2014,2.46E+11
7/14/2014,2.44E+11
7/15/2014,2.46E+11
7/16/2014,2.51E+11
7/17/2014,2.54E+11
7/18/2014,2.61E+11
7/21/2014,2.63E+11
7/22/2014,2.61E+11
7/23/2014,2.58E+11
7/24/2014,2.62E+11
7/25/2014,2.6E+11
7/28/2014,2.58E+11
7/29/2014,2.57E+11
7/30/2014,2.57E+11
7/31/2014,2.46E+11
8/1/2014,2.45E+11
8/4/2014,2.46E+11
8/5/2014,2.4E+11
8/6/2014,2.42E+11
8/7/2014,2.44E+11
8/8/2014,2.46E+11
8/11/2014,2.49E+11
8/12/2014,2.48E+11
8/13/2014,2.46E+11
8/14/2014,2.46E+11
8/15/2014,2.49E+11
8/18/2014,2.53E+11
8/19/2014,2.55E+11
8/20/2014,2.57E+11
8/21/2014,2.56E+11
8/22/2014,2.55E+11
8/25/2014,2.6E+11
8/26/2014,2.59E+11
8/27/2014,2.59E+11
8/28/2014,2.56E+11
8/29/2014,2.55E+11
9/1/2014,2.5E+11
9/2/2014,2.5E+11
9/3/2014,2.54E+11
9/4/2014,2.56E+11
9/5/2014,2.51E+11
9/8/2014,2.47E+11
9/9/2014,2.46E+11
9/10/2014,2.5E+11
9/11/2014,2.48E+11
9/12/2014,2.42E+11
9/15/2014,2.52E+11
9/16/2014,2.54E+11
9/17/2014,2.5E+11
9/18/2014,2.54E+11
9/19/2014,2.57E+11
9/22/2014,2.58E+11
9/23/2014,2.57E+11
9/24/2014,2.59E+11
9/25/2014,2.56E+11
9/26/2014,2.57E+11
9/29/2014,2.53E+11
9/30/2014,2.52E+11
10/1/2014,2.45E+11
10/2/2014,2.51E+11
10/3/2014,2.54E+11
10/6/2014,2.61E+11
10/7/2014,2.58E+11
10/8/2014,2.53E+11
10/9/2014,2.53E+11
10/10/2014,2.47E+11
10/13/2014,2.52E+11
10/14/2014,2.53E+11
10/15/2014,2.48E+11
10/16/2014,2.44E+11
10/17/2014,2.52E+11
10/20/2014,2.5E+11
10/21/2014,2.45E+11
10/22/2014,2.44E+11
10/23/2014,2.39E+11
10/24/2014,2.47E+11
10/27/2014,2.46E+11
10/28/2014,2.45E+11
10/29/2014,2.45E+11
10/30/2014,2.47E+11
10/31/2014,2.57E+11
11/3/2014,2.54E+11
11/4/2014,2.57E+11
11/5/2014,2.57E+11
11/6/2014,2.56E+11
11/7/2014,2.58E+11
11/10/2014,2.56E+11
11/11/2014,2.51E+11
11/12/2014,2.57E+11
11/13/2014,2.51E+11
11/14/2014,2.48E+11
11/17/2014,2.49E+11
11/18/2014,2.54E+11
11/19/2014,2.6E+11
11/20/2014,2.6E+11
11/21/2014,2.69E+11
11/24/2014,2.65E+11
11/25/2014,2.64E+11
11/26/2014,2.61E+11
11/27/2014,2.6E+11
11/28/2014,2.65E+11
12/1/2014,2.51E+11
12/2/2014,2.46E+11
12/3/2014,2.47E+11
12/4/2014,2.47E+11
12/5/2014,2.51E+11
12/8/2014,2.47E+11
12/9/2014,2.46E+11
12/10/2014,2.48E+11
12/11/2014,2.51E+11
12/12/2014,2.43E+11
12/15/2014,2.42E+11
12/16/2014,2.43E+11
12/17/2014,2.48E+11
12/18/2014,2.48E+11
12/19/2014,2.5E+11
12/22/2014,2.57E+11
12/23/2014,2.57E+11
12/24/2014,2.57E+11
12/25/2014,2.57E+11
12/26/2014,2.55E+11
12/29/2014,2.57E+11
12/30/2014,2.57E+11
12/31/2014,2.55E+11
1/1/2015,2.55E+11
1/2/2015,2.52E+11
1/5/2015,2.46E+11
1/6/2015,2.53E+11
1/7/2015,2.59E+11
1/8/2015,2.59E+11
1/9/2015,2.59E+11
1/12/2015,2.64E+11
1/13/2015,2.63E+11
1/14/2015,2.62E+11
1/15/2015,2.62E+11
1/16/2015,2.66E+11
1/19/2015,2.61E+11
1/20/2015,2.65E+11
1/21/2015,2.69E+11
1/22/2015,2.71E+11
1/23/2015,2.69E+11
1/26/2015,2.67E+11
1/27/2015,2.66E+11
1/28/2015,2.69E+11
1/29/2015,2.78E+11
1/30/2015,2.77E+11
2/2/2015,2.73E+11
2/3/2015,2.75E+11
2/4/2015,2.72E+11
2/5/2015,2.77E+11
2/6/2015,2.8E+11
2/9/2015,2.85E+11
2/10/2015,2.83E+11
2/11/2015,2.8E+11
2/12/2015,2.84E+11
2/13/2015,2.82E+11
2/16/2015,2.82E+11
2/17/2015,2.82E+11
2/18/2015,2.87E+11
2/19/2015,2.87E+11
2/20/2015,2.86E+11
2/23/2015,2.89E+11
2/24/2015,2.91E+11
2/25/2015,2.88E+11
2/26/2015,2.88E+11
2/27/2015,2.88E+11
3/2/2015,2.84E+11
3/3/2015,2.9E+11
3/4/2015,2.86E+11
3/5/2015,2.88E+11
3/6/2015,2.86E+11
3/9/2015,2.87E+11
3/10/2015,2.78E+11
3/11/2015,2.85E+11
3/12/2015,2.84E+11
3/13/2015,2.84E+11
3/16/2015,2.83E+11
3/17/2015,2.86E+11
3/18/2015,2.9E+11
3/19/2015,2.91E+11
3/20/2015,2.93E+11
3/23/2015,2.95E+11
3/24/2015,2.91E+11
3/25/2015,2.9E+11
3/26/2015,2.84E+11
3/27/2015,2.87E+11
3/30/2015,2.93E+11
3/31/2015,2.9E+11
4/1/2015,2.97E+11
4/2/2015,2.96E+11
4/3/2015,2.96E+11
4/6/2015,3.02E+11
4/7/2015,3.05E+11
4/8/2015,3.06E+11
4/9/2015,3.04E+11
4/10/2015,3.06E+11
4/13/2015,3.06E+11
4/14/2015,3E+11
4/15/2015,3E+11
4/16/2015,3E+11
4/17/2015,2.98E+11
4/20/2015,2.97E+11
4/21/2015,2.97E+11
4/22/2015,2.98E+11
4/23/2015,2.97E+11
4/24/2015,2.97E+11
4/27/2015,2.95E+11
4/28/2015,2.97E+11
4/29/2015,2.96E+11
4/30/2015,2.98E+11
5/1/2015,2.98E+11
5/4/2015,3.04E+11
5/5/2015,3.08E+11
5/6/2015,3.1E+11
5/7/2015,3.08E+11
5/8/2015,3.12E+11
5/11/2015,3.11E+11
5/12/2015,3.07E+11
5/13/2015,3.05E+11
5/14/2015,3.05E+11
5/15/2015,3.08E+11
5/18/2015,3.04E+11
5/19/2015,3.03E+11
5/20/2015,2.94E+11
5/21/2015,2.95E+11
5/22/2015,2.95E+11
5/25/2015,2.96E+11
5/26/2015,2.91E+11
5/27/2015,2.9E+11
5/28/2015,2.9E+11
5/29/2015,2.89E+11
6/1/2015,2.91E+11
6/2/2015,2.92E+11
6/3/2015,2.89E+11
6/4/2015,2.89E+11
6/5/2015,2.93E+11
6/8/2015,2.91E+11
6/9/2015,2.9E+11
6/10/2015,2.95E+11
6/11/2015,2.95E+11
6/12/2015,2.94E+11
6/15/2015,2.89E+11
6/16/2015,2.94E+11
6/17/2015,2.94E+11
6/18/2015,2.95E+11
6/19/2015,2.97E+11
6/22/2015,2.98E+11
6/23/2015,2.98E+11
6/24/2015,2.98E+11
6/25/2015,2.98E+11
6/26/2015,3.01E+11
6/29/2015,2.99E+11
6/30/2015,3E+11
7/1/2015,3E+11
7/2/2015,3E+11
7/3/2015,3.01E+11
7/6/2015,3.01E+11
7/7/2015,3.02E+11
7/8/2015,3E+11
7/9/2015,3E+11
7/10/2015,3.06E+11
7/13/2015,3.07E+11
7/14/2015,3.08E+11
7/15/2015,3.09E+11
7/16/2015,3.09E+11
7/17/2015,3.1E+11
7/20/2015,3.09E+11
7/21/2015,3.08E+11
7/22/2015,3.06E+11
7/23/2015,3.03E+11
7/24/2015,2.99E+11
7/27/2015,2.94E+11
7/28/2015,2.95E+11
7/29/2015,2.94E+11
7/30/2015,2.97E+11
7/31/2015,3.05E+11
8/3/2015,3.07E+11
8/4/2015,3.1E+11
8/5/2015,3.13E+11
8/6/2015,3.12E+11
8/7/2015,3.06E+11
8/10/2015,3.07E+11
8/11/2015,3.07E+11
8/12/2015,2.96E+11
8/13/2015,2.94E+11
8/14/2015,2.92E+11
8/17/2015,2.91E+11
8/18/2015,2.95E+11
8/19/2015,2.86E+11
8/20/2015,2.89E+11
8/21/2015,2.85E+11
8/24/2015,2.82E+11
8/25/2015,2.89E+11
8/26/2015,2.96E+11
8/27/2015,3E+11
8/28/2015,3.01E+11
8/31/2015,3E+11
9/1/2015,2.94E+11
9/2/2015,3E+11
9/3/2015,3.08E+11
9/4/2015,3.12E+11
9/7/2015,3.12E+11
9/8/2015,3.08E+11
9/9/2015,3.02E+11
9/10/2015,3.01E+11
9/11/2015,2.96E+11
9/14/2015,2.96E+11
9/15/2015,2.99E+11
9/16/2015,3.05E+11
9/17/2015,3.06E+11
9/18/2015,3.06E+11
9/21/2015,3.03E+11
9/22/2015,3.05E+11
9/23/2015,3.01E+11
9/24/2015,3E+11
9/25/2015,3.03E+11
9/28/2015,3.03E+11
9/29/2015,3.04E+11
9/30/2015,3.05E+11
10/1/2015,3.09E+11
10/2/2015,3.15E+11
10/5/2015,3.19E+11
10/6/2015,3.12E+11
10/7/2015,3.14E+11
10/8/2015,3.09E+11
10/9/2015,3.1E+11
10/12/2015,3.1E+11
10/13/2015,2.93E+11
10/14/2015,2.89E+11
10/15/2015,3E+11
10/16/2015,3.02E+11
10/19/2015,3.05E+11
10/20/2015,3.07E+11
10/21/2015,3.09E+11
10/22/2015,3.08E+11
10/23/2015,3.1E+11
10/26/2015,3.09E+11
10/27/2015,3.11E+11
10/28/2015,3.05E+11
10/29/2015,2.98E+11
10/30/2015,2.99E+11
11/2/2015,2.99E+11
11/3/2015,3.07E+11
11/4/2015,3.07E+11
11/5/2015,3.05E+11
11/6/2015,2.97E+11
11/9/2015,2.93E+11
11/10/2015,2.92E+11
11/11/2015,2.99E+11
11/12/2015,2.96E+11
11/13/2015,2.99E+11
11/16/2015,2.99E+11
11/17/2015,3E+11
11/18/2015,3.01E+11
11/19/2015,3.03E+11
11/20/2015,3.03E+11
11/23/2015,2.99E+11
11/24/2015,2.97E+11
11/25/2015,2.92E+11
11/26/2015,2.95E+11
11/27/2015,2.91E+11
11/30/2015,2.92E+11
12/1/2015,2.94E+11
12/2/2015,2.89E+11
12/3/2015,2.94E+11
12/4/2015,2.91E+11
12/7/2015,2.92E+11
12/8/2015,2.84E+11
12/9/2015,2.9E+11
12/10/2015,2.87E+11
12/11/2015,2.87E+11
12/14/2015,2.83E+11
12/15/2015,2.8E+11
12/16/2015,2.84E+11
12/17/2015,2.85E+11
12/18/2015,2.79E+11
12/21/2015,2.82E+11
12/22/2015,2.81E+11
12/23/2015,2.85E+11
12/24/2015,2.85E+11
12/25/2015,2.85E+11
12/28/2015,2.84E+11
12/29/2015,2.85E+11
12/30/2015,2.8E+11
12/31/2015,2.8E+11
1/1/2016,2.8E+11
1/4/2016,2.7E+11
1/5/2016,2.74E+11
1/6/2016,2.71E+11
1/7/2016,2.64E+11
1/8/2016,2.68E+11
1/11/2016,2.63E+11
1/12/2016,2.66E+11
1/13/2016,2.64E+11
1/14/2016,2.64E+11
1/15/2016,2.6E+11
1/18/2016,2.55E+11
1/19/2016,2.63E+11
1/20/2016,2.59E+11
1/21/2016,2.56E+11
1/22/2016,2.64E+11
1/25/2016,2.64E+11
1/26/2016,2.64E+11
1/27/2016,2.79E+11
1/28/2016,2.81E+11
1/29/2016,2.93E+11
2/1/2016,2.89E+11
2/2/2016,2.82E+11
2/3/2016,2.84E+11
2/4/2016,2.88E+11
2/5/2016,2.84E+11
2/8/2016,2.84E+11
2/9/2016,2.84E+11
2/10/2016,2.81E+11
2/11/2016,2.8E+11
2/12/2016,2.81E+11
2/15/2016,2.81E+11
2/16/2016,2.82E+11
