12/31/1999,4.62E+10
1/3/2000,4.61E+10
1/4/2000,4.35E+10
1/5/2000,4.36E+10
1/6/2000,4.34E+10
1/7/2000,4.37E+10
1/10/2000,4.48E+10
1/11/2000,4.35E+10
1/12/2000,4.23E+10
1/13/2000,4.21E+10
1/14/2000,4.25E+10
1/17/2000,4.21E+10
1/18/2000,4.22E+10
1/19/2000,4.14E+10
1/20/2000,4.09E+10
1/21/2000,4E+10
1/24/2000,4E+10
1/25/2000,4E+10
1/26/2000,4.01E+10
1/27/2000,4.03E+10
1/28/2000,3.98E+10
1/31/2000,4E+10
2/1/2000,4.1E+10
2/2/2000,4.19E+10
2/3/2000,4.39E+10
2/4/2000,4.49E+10
2/7/2000,4.51E+10
2/8/2000,4.62E+10
2/9/2000,4.51E+10
2/10/2000,4.38E+10
2/11/2000,4.2E+10
2/14/2000,4.2E+10
2/15/2000,4.41E+10
2/16/2000,4.63E+10
2/17/2000,4.53E+10
2/18/2000,4.48E+10
2/21/2000,4.5E+10
2/22/2000,4.46E+10
2/23/2000,4.56E+10
2/24/2000,4.74E+10
2/25/2000,4.85E+10
2/28/2000,4.79E+10
2/29/2000,4.81E+10
3/1/2000,4.89E+10
3/2/2000,4.86E+10
3/3/2000,4.97E+10
3/6/2000,4.97E+10
3/7/2000,4.97E+10
3/8/2000,5.04E+10
3/9/2000,5.21E+10
3/10/2000,5.1E+10
3/13/2000,4.96E+10
3/14/2000,4.88E+10
3/15/2000,4.91E+10
3/16/2000,4.89E+10
3/17/2000,4.83E+10
3/20/2000,4.73E+10
3/21/2000,4.79E+10
3/22/2000,4.81E+10
3/23/2000,4.82E+10
3/24/2000,4.82E+10
3/27/2000,5.08E+10
3/28/2000,4.94E+10
3/29/2000,4.88E+10
3/30/2000,4.9E+10
3/31/2000,4.92E+10
4/3/2000,4.87E+10
4/4/2000,4.82E+10
4/5/2000,4.98E+10
4/6/2000,5.03E+10
4/7/2000,5.06E+10
4/10/2000,4.94E+10
4/11/2000,4.83E+10
4/12/2000,5E+10
4/13/2000,4.82E+10
4/14/2000,4.55E+10
4/17/2000,4.48E+10
4/18/2000,4.4E+10
4/19/2000,4.22E+10
4/20/2000,4.24E+10
4/21/2000,4.24E+10
4/24/2000,4.16E+10
4/25/2000,4.48E+10
4/26/2000,4.42E+10
4/27/2000,4.42E+10
4/28/2000,4.48E+10
5/1/2000,4.48E+10
5/2/2000,4.55E+10
5/3/2000,4.51E+10
5/4/2000,4.49E+10
5/5/2000,4.48E+10
5/8/2000,4.43E+10
5/9/2000,4.39E+10
5/10/2000,4.34E+10
5/11/2000,4.2E+10
5/12/2000,4.17E+10
5/15/2000,4.36E+10
5/16/2000,4.48E+10
5/17/2000,4.39E+10
5/18/2000,4.4E+10
5/19/2000,4.3E+10
5/22/2000,4.15E+10
5/23/2000,4.31E+10
5/24/2000,4.32E+10
5/25/2000,4.36E+10
5/26/2000,4.31E+10
5/29/2000,4.33E+10
5/30/2000,4.45E+10
5/31/2000,4.46E+10
6/1/2000,4.65E+10
6/2/2000,4.96E+10
6/5/2000,5.01E+10
6/6/2000,5.03E+10
6/7/2000,5.21E+10
6/8/2000,5.26E+10
6/9/2000,5.29E+10
6/12/2000,5.2E+10
6/13/2000,5.19E+10
6/14/2000,5.11E+10
6/15/2000,5.11E+10
6/16/2000,5.24E+10
6/19/2000,5.27E+10
6/20/2000,5.34E+10
6/21/2000,5.46E+10
6/22/2000,5.46E+10
6/23/2000,5.41E+10
6/26/2000,5.4E+10
6/27/2000,5.67E+10
6/28/2000,5.73E+10
6/29/2000,5.62E+10
6/30/2000,5.82E+10
7/3/2000,5.88E+10
7/4/2000,6.03E+10
7/5/2000,6.01E+10
7/6/2000,5.92E+10
7/7/2000,5.71E+10
7/10/2000,5.73E+10
7/11/2000,5.4E+10
7/12/2000,5.33E+10
7/13/2000,5.2E+10
7/14/2000,5.36E+10
7/17/2000,5.3E+10
7/18/2000,5.21E+10
7/19/2000,5.26E+10
7/20/2000,5.51E+10
7/21/2000,5.51E+10
7/24/2000,5.38E+10
7/25/2000,5.21E+10
7/26/2000,5.25E+10
7/27/2000,5.22E+10
7/28/2000,5.05E+10
7/31/2000,5.06E+10
8/1/2000,4.97E+10
8/2/2000,5.07E+10
8/3/2000,5.15E+10
8/4/2000,5E+10
8/7/2000,5.16E+10
8/8/2000,4.96E+10
8/9/2000,4.88E+10
8/10/2000,5.52E+10
8/11/2000,5.52E+10
8/14/2000,5.5E+10
8/15/2000,5.54E+10
8/16/2000,5.68E+10
8/17/2000,5.91E+10
8/18/2000,5.69E+10
8/21/2000,5.6E+10
8/22/2000,5.71E+10
8/23/2000,5.86E+10
8/24/2000,5.77E+10
8/25/2000,5.9E+10
8/28/2000,5.88E+10
8/29/2000,6.04E+10
8/30/2000,6.27E+10
8/31/2000,6.15E+10
9/1/2000,6.1E+10
9/4/2000,6.09E+10
9/5/2000,6.1E+10
9/6/2000,6.37E+10
9/7/2000,6.37E+10
9/8/2000,6.34E+10
9/11/2000,6.44E+10
9/12/2000,6.3E+10
9/13/2000,6.1E+10
9/14/2000,5.96E+10
9/15/2000,5.97E+10
9/18/2000,5.87E+10
9/19/2000,5.83E+10
9/20/2000,5.96E+10
9/21/2000,5.82E+10
9/22/2000,5.74E+10
9/25/2000,5.77E+10
9/26/2000,5.92E+10
9/27/2000,5.94E+10
9/28/2000,5.89E+10
9/29/2000,5.88E+10
10/2/2000,5.88E+10
10/3/2000,5.92E+10
10/4/2000,5.94E+10
10/5/2000,5.96E+10
10/6/2000,5.83E+10
10/9/2000,5.81E+10
10/10/2000,5.97E+10
10/11/2000,5.98E+10
10/12/2000,5.98E+10
10/13/2000,6.08E+10
10/16/2000,5.9E+10
10/17/2000,5.66E+10
10/18/2000,5.7E+10
10/19/2000,5.83E+10
10/20/2000,5.72E+10
10/23/2000,5.53E+10
10/24/2000,5.31E+10
10/25/2000,5.27E+10
10/26/2000,5.63E+10
10/27/2000,5.66E+10
10/30/2000,5.83E+10
10/31/2000,5.79E+10
11/1/2000,5.86E+10
11/2/2000,5.86E+10
11/3/2000,5.74E+10
11/6/2000,5.83E+10
11/7/2000,5.96E+10
11/8/2000,5.88E+10
11/9/2000,5.76E+10
11/10/2000,5.74E+10
11/13/2000,5.77E+10
11/14/2000,5.79E+10
11/15/2000,5.79E+10
11/16/2000,5.85E+10
11/17/2000,5.86E+10
11/20/2000,5.8E+10
11/21/2000,5.87E+10
11/22/2000,5.86E+10
11/23/2000,5.73E+10
11/24/2000,5.69E+10
11/27/2000,5.55E+10
11/28/2000,5.5E+10
11/29/2000,5.47E+10
11/30/2000,5.38E+10
12/1/2000,5.35E+10
12/4/2000,5.34E+10
12/5/2000,5.43E+10
12/6/2000,5.06E+10
12/7/2000,5.09E+10
12/8/2000,5.1E+10
12/11/2000,5.08E+10
12/12/2000,5.07E+10
12/13/2000,5.26E+10
12/14/2000,5.34E+10
12/15/2000,5.34E+10
12/18/2000,5.27E+10
12/19/2000,5.21E+10
12/20/2000,5.14E+10
12/21/2000,5.03E+10
12/22/2000,5.1E+10
12/25/2000,5.1E+10
12/26/2000,5.03E+10
12/27/2000,5.06E+10
12/28/2000,5.14E+10
12/29/2000,5.14E+10
1/1/2001,5.14E+10
1/2/2001,5.27E+10
1/3/2001,5.61E+10
1/4/2001,5.62E+10
1/5/2001,5.56E+10
1/8/2001,5.53E+10
1/9/2001,5.66E+10
1/10/2001,5.6E+10
1/11/2001,5.63E+10
1/12/2001,5.75E+10
1/15/2001,5.73E+10
1/16/2001,5.93E+10
1/17/2001,6.05E+10
1/18/2001,6.12E+10
1/19/2001,6.13E+10
1/22/2001,6.04E+10
1/23/2001,6.12E+10
1/24/2001,6.03E+10
1/25/2001,6.03E+10
1/26/2001,5.93E+10
1/29/2001,5.94E+10
1/30/2001,5.97E+10
1/31/2001,5.94E+10
2/1/2001,5.91E+10
2/2/2001,5.89E+10
2/5/2001,5.9E+10
2/6/2001,5.97E+10
2/7/2001,5.95E+10
2/8/2001,6.09E+10
2/9/2001,6.14E+10
2/12/2001,6.11E+10
2/13/2001,6.27E+10
2/14/2001,6.38E+10
2/15/2001,6.35E+10
2/16/2001,6.23E+10
2/19/2001,6.11E+10
2/20/2001,6.23E+10
2/21/2001,6.12E+10
2/22/2001,6.16E+10
2/23/2001,6.13E+10
2/26/2001,6.13E+10
2/27/2001,6.13E+10
2/28/2001,6.13E+10
3/1/2001,6.2E+10
3/2/2001,6.26E+10
3/5/2001,6.28E+10
3/6/2001,6.3E+10
3/7/2001,6.33E+10
3/8/2001,6.36E+10
3/9/2001,6.33E+10
3/12/2001,6.1E+10
3/13/2001,6.1E+10
3/14/2001,6.01E+10
3/15/2001,5.68E+10
3/16/2001,5.81E+10
3/19/2001,5.77E+10
3/20/2001,5.69E+10
3/21/2001,5.77E+10
3/22/2001,5.48E+10
3/23/2001,5.51E+10
3/26/2001,5.38E+10
3/27/2001,5.54E+10
3/28/2001,5.48E+10
3/29/2001,5.33E+10
3/30/2001,5.39E+10
4/2/2001,5.16E+10
4/3/2001,5.17E+10
4/4/2001,5.3E+10
4/5/2001,5.62E+10
4/6/2001,5.8E+10
4/9/2001,5.83E+10
4/10/2001,5.85E+10
4/11/2001,5.75E+10
4/12/2001,5.6E+10
4/13/2001,5.6E+10
4/16/2001,5.53E+10
4/17/2001,5.62E+10
4/18/2001,5.89E+10
4/19/2001,5.69E+10
4/20/2001,5.51E+10
4/23/2001,5.8E+10
4/24/2001,5.99E+10
4/25/2001,6.14E+10
4/26/2001,6.17E+10
4/27/2001,6.14E+10
4/30/2001,6.15E+10
5/1/2001,6.15E+10
5/2/2001,6.21E+10
5/3/2001,6.38E+10
5/4/2001,6.36E+10
5/7/2001,6.17E+10
5/8/2001,6.16E+10
5/9/2001,6.33E+10
5/10/2001,6.51E+10
5/11/2001,6.42E+10
5/14/2001,6.42E+10
5/15/2001,6.32E+10
5/16/2001,6.45E+10
5/17/2001,6.53E+10
5/18/2001,6.67E+10
5/21/2001,6.72E+10
5/22/2001,6.8E+10
5/23/2001,6.85E+10
5/24/2001,6.78E+10
5/25/2001,6.62E+10
5/28/2001,6.58E+10
5/29/2001,6.69E+10
5/30/2001,6.74E+10
5/31/2001,6.95E+10
6/1/2001,6.98E+10
6/4/2001,7.27E+10
6/5/2001,7.09E+10
6/6/2001,6.86E+10
6/7/2001,6.73E+10
6/8/2001,6.64E+10
6/11/2001,6.72E+10
6/12/2001,6.67E+10
6/13/2001,6.75E+10
6/14/2001,6.75E+10
6/15/2001,6.61E+10
6/18/2001,6.58E+10
6/19/2001,6.66E+10
6/20/2001,6.85E+10
6/21/2001,6.84E+10
6/22/2001,6.61E+10
6/25/2001,6.45E+10
6/26/2001,6.47E+10
6/27/2001,6.23E+10
6/28/2001,6.17E+10
6/29/2001,6.25E+10
7/2/2001,6.07E+10
7/3/2001,5.94E+10
7/4/2001,5.89E+10
7/5/2001,5.96E+10
7/6/2001,6.05E+10
7/9/2001,6.05E+10
7/10/2001,6.14E+10
7/11/2001,6.32E+10
7/12/2001,6.26E+10
7/13/2001,6.2E+10
7/16/2001,5.99E+10
7/17/2001,5.93E+10
7/18/2001,5.72E+10
7/19/2001,5.79E+10
7/20/2001,5.97E+10
7/23/2001,6.1E+10
7/24/2001,6.06E+10
7/25/2001,6.14E+10
7/26/2001,6.12E+10
7/27/2001,6.13E+10
7/30/2001,6.13E+10
7/31/2001,6.16E+10
8/1/2001,6.05E+10
8/2/2001,5.91E+10
8/3/2001,6.07E+10
8/6/2001,6.06E+10
8/7/2001,6.06E+10
8/8/2001,6.04E+10
8/9/2001,5.99E+10
8/10/2001,6.03E+10
8/13/2001,5.99E+10
8/14/2001,6.08E+10
8/15/2001,6.12E+10
8/16/2001,6.08E+10
8/17/2001,5.8E+10
8/20/2001,5.79E+10
8/21/2001,5.8E+10
8/22/2001,5.88E+10
8/23/2001,5.91E+10
8/24/2001,6.18E+10
8/27/2001,6.24E+10
8/28/2001,6.21E+10
8/29/2001,6.22E+10
8/30/2001,6.18E+10
8/31/2001,6.14E+10
9/3/2001,6.11E+10
9/4/2001,6.31E+10
9/5/2001,6.46E+10
9/6/2001,6.18E+10
9/7/2001,6.18E+10
9/10/2001,6.1E+10
9/11/2001,5.96E+10
9/12/2001,6.09E+10
9/13/2001,5.71E+10
9/14/2001,5.65E+10
9/17/2001,6.16E+10
9/18/2001,6.28E+10
9/19/2001,6.16E+10
9/20/2001,5.88E+10
9/21/2001,5.88E+10
9/24/2001,5.54E+10
9/25/2001,5.43E+10
9/26/2001,5.36E+10
9/27/2001,5.52E+10
9/28/2001,5.67E+10
10/1/2001,5.47E+10
10/2/2001,5.41E+10
10/3/2001,5.48E+10
10/4/2001,5.57E+10
10/5/2001,5.57E+10
10/8/2001,5.55E+10
10/9/2001,5.63E+10
10/10/2001,5.83E+10
10/11/2001,5.92E+10
10/12/2001,5.92E+10
10/15/2001,6.1E+10
10/16/2001,5.97E+10
10/17/2001,5.98E+10
10/18/2001,5.79E+10
10/19/2001,5.76E+10
10/22/2001,5.89E+10
10/23/2001,5.9E+10
10/24/2001,5.88E+10
10/25/2001,5.84E+10
10/26/2001,5.83E+10
10/29/2001,5.7E+10
10/30/2001,5.58E+10
10/31/2001,5.73E+10
11/1/2001,5.68E+10
11/2/2001,5.68E+10
11/5/2001,5.64E+10
11/6/2001,5.51E+10
11/7/2001,5.58E+10
11/8/2001,5.71E+10
11/9/2001,6E+10
11/12/2001,5.74E+10
11/13/2001,5.76E+10
11/14/2001,5.5E+10
11/15/2001,5.5E+10
11/16/2001,5.08E+10
11/19/2001,5.15E+10
11/20/2001,5.27E+10
11/21/2001,5.4E+10
11/22/2001,5.63E+10
11/23/2001,5.53E+10
11/26/2001,5.45E+10
11/27/2001,5.47E+10
11/28/2001,5.35E+10
11/29/2001,5.36E+10
11/30/2001,5.45E+10
12/3/2001,5.64E+10
12/4/2001,5.64E+10
12/5/2001,5.78E+10
12/6/2001,5.65E+10
12/7/2001,5.47E+10
12/10/2001,5.41E+10
12/11/2001,5.37E+10
12/12/2001,5.34E+10
12/13/2001,5.22E+10
12/14/2001,5.24E+10
12/17/2001,5.2E+10
12/18/2001,5.34E+10
12/19/2001,5.44E+10
12/20/2001,5.28E+10
12/21/2001,5.35E+10
12/24/2001,5.35E+10
12/25/2001,5.35E+10
12/26/2001,5.43E+10
12/27/2001,5.58E+10
12/28/2001,5.64E+10
12/31/2001,5.64E+10
1/1/2002,5.64E+10
1/2/2002,5.68E+10
1/3/2002,5.74E+10
1/4/2002,5.66E+10
1/7/2002,5.78E+10
1/8/2002,5.74E+10
1/9/2002,5.67E+10
1/10/2002,5.65E+10
1/11/2002,5.54E+10
1/14/2002,5.32E+10
1/15/2002,5.28E+10
1/16/2002,5.3E+10
1/17/2002,5.38E+10
1/18/2002,5.39E+10
1/21/2002,5.3E+10
1/22/2002,5.28E+10
1/23/2002,5.25E+10
1/24/2002,5.19E+10
1/25/2002,5.19E+10
1/28/2002,5.38E+10
1/29/2002,5.26E+10
1/30/2002,5.29E+10
1/31/2002,5.32E+10
2/1/2002,5.32E+10
2/4/2002,5.3E+10
2/5/2002,5.29E+10
2/6/2002,5.36E+10
2/7/2002,5.32E+10
2/8/2002,5.25E+10
2/11/2002,5.25E+10
2/12/2002,5.25E+10
2/13/2002,5.44E+10
2/14/2002,5.49E+10
2/15/2002,5.54E+10
2/18/2002,5.46E+10
2/19/2002,5.48E+10
2/20/2002,5.51E+10
2/21/2002,5.62E+10
2/22/2002,5.74E+10
2/25/2002,5.88E+10
2/26/2002,5.96E+10
2/27/2002,6.13E+10
2/28/2002,6.23E+10
3/1/2002,6.44E+10
3/4/2002,6.51E+10
3/5/2002,6.37E+10
3/6/2002,6.28E+10
3/7/2002,6.32E+10
3/8/2002,6.25E+10
3/11/2002,6.33E+10
3/12/2002,6.39E+10
3/13/2002,6.43E+10
3/14/2002,6.54E+10
3/15/2002,6.71E+10
3/18/2002,6.72E+10
3/19/2002,6.73E+10
3/20/2002,6.65E+10
3/21/2002,6.55E+10
3/22/2002,6.5E+10
3/25/2002,6.32E+10
3/26/2002,6.42E+10
3/27/2002,6.5E+10
3/28/2002,6.5E+10
3/29/2002,6.5E+10
4/1/2002,6.62E+10
4/2/2002,6.55E+10
4/3/2002,6.47E+10
4/4/2002,6.49E+10
4/5/2002,6.4E+10
4/8/2002,6.46E+10
4/9/2002,6.26E+10
4/10/2002,6.27E+10
4/11/2002,6.23E+10
4/12/2002,6.16E+10
4/15/2002,6.25E+10
4/16/2002,6.29E+10
4/17/2002,6.38E+10
4/18/2002,6.32E+10
4/19/2002,6.28E+10
4/22/2002,6.27E+10
4/23/2002,6.32E+10
4/24/2002,6.34E+10
4/25/2002,6.23E+10
4/26/2002,6.1E+10
4/29/2002,6.16E+10
4/30/2002,6.17E+10
5/1/2002,6.17E+10
5/2/2002,5.99E+10
5/3/2002,6.07E+10
5/6/2002,5.95E+10
5/7/2002,5.95E+10
5/8/2002,6.12E+10
5/9/2002,6E+10
5/10/2002,5.91E+10
5/13/2002,5.79E+10
5/14/2002,5.86E+10
5/15/2002,5.81E+10
5/16/2002,6.04E+10
5/17/2002,6.05E+10
5/20/2002,6.16E+10
5/21/2002,6.21E+10
5/22/2002,6.24E+10
5/23/2002,6.34E+10
5/24/2002,6.34E+10
5/27/2002,6.33E+10
5/28/2002,6.31E+10
5/29/2002,6.25E+10
5/30/2002,6.25E+10
5/31/2002,6.16E+10
6/3/2002,6.2E+10
6/4/2002,6.31E+10
6/5/2002,6.3E+10
6/6/2002,6.15E+10
6/7/2002,6.05E+10
6/10/2002,6.1E+10
6/11/2002,6.01E+10
6/12/2002,5.95E+10
6/13/2002,5.81E+10
6/14/2002,5.63E+10
6/17/2002,5.66E+10
6/18/2002,5.64E+10
6/19/2002,5.52E+10
6/20/2002,5.24E+10
6/21/2002,4.84E+10
6/24/2002,5.02E+10
6/25/2002,5.36E+10
6/26/2002,5.64E+10
6/27/2002,5.66E+10
6/28/2002,5.58E+10
7/1/2002,5.51E+10
7/2/2002,5.41E+10
7/3/2002,5.36E+10
7/4/2002,5.36E+10
7/5/2002,5.28E+10
7/8/2002,5.2E+10
7/9/2002,5.2E+10
7/10/2002,5.18E+10
7/11/2002,5.13E+10
7/12/2002,5.16E+10
7/15/2002,5.06E+10
7/16/2002,5.14E+10
7/17/2002,5.24E+10
7/18/2002,5.11E+10
7/19/2002,4.98E+10
7/22/2002,4.58E+10
7/23/2002,4.47E+10
7/24/2002,4.7E+10
7/25/2002,4.6E+10
7/26/2002,4.39E+10
7/29/2002,4.28E+10
7/30/2002,4.44E+10
7/31/2002,4.7E+10
8/1/2002,4.75E+10
8/2/2002,4.93E+10
8/5/2002,4.78E+10
8/6/2002,4.73E+10
8/7/2002,4.68E+10
8/8/2002,5.09E+10
8/9/2002,5.24E+10
8/12/2002,5.02E+10
8/13/2002,4.7E+10
8/14/2002,4.64E+10
8/15/2002,4.72E+10
8/16/2002,4.69E+10
8/19/2002,4.59E+10
8/20/2002,4.51E+10
8/21/2002,4.62E+10
8/22/2002,4.73E+10
8/23/2002,4.73E+10
8/26/2002,4.84E+10
8/27/2002,5.03E+10
8/28/2002,4.98E+10
8/29/2002,5.01E+10
8/30/2002,5.05E+10
9/2/2002,5.05E+10
9/3/2002,5.14E+10
9/4/2002,5.26E+10
9/5/2002,5.22E+10
9/6/2002,5.27E+10
9/9/2002,5.32E+10
9/10/2002,5.44E+10
9/11/2002,5.5E+10
9/12/2002,5.48E+10
9/13/2002,5.58E+10
9/16/2002,5.49E+10
9/17/2002,5.19E+10
9/18/2002,5.17E+10
9/19/2002,4.94E+10
9/20/2002,5.05E+10
9/23/2002,4.91E+10
9/24/2002,4.74E+10
9/25/2002,4.58E+10
9/26/2002,4.55E+10
9/27/2002,4.14E+10
9/30/2002,4.22E+10
10/1/2002,4.6E+10
10/2/2002,4.56E+10
10/3/2002,4.72E+10
10/4/2002,4.72E+10
10/7/2002,4.51E+10
10/8/2002,4.55E+10
10/9/2002,4.51E+10
10/10/2002,4.41E+10
10/11/2002,4.27E+10
10/14/2002,4E+10
10/15/2002,4E+10
10/16/2002,3.99E+10
10/17/2002,4.36E+10
10/18/2002,4.45E+10
10/21/2002,4.49E+10
10/22/2002,4.54E+10
10/23/2002,4.84E+10
10/24/2002,4.96E+10
10/25/2002,4.99E+10
10/28/2002,4.87E+10
10/29/2002,4.76E+10
10/30/2002,4.99E+10
10/31/2002,5.08E+10
11/1/2002,5.03E+10
11/4/2002,4.88E+10
11/5/2002,4.8E+10
11/6/2002,4.74E+10
11/7/2002,4.88E+10
11/8/2002,4.92E+10
11/11/2002,5.01E+10
11/12/2002,4.93E+10
11/13/2002,4.86E+10
11/14/2002,4.98E+10
11/15/2002,4.98E+10
11/18/2002,5.1E+10
11/19/2002,5.05E+10
11/20/2002,5.14E+10
11/21/2002,5.25E+10
11/22/2002,5.19E+10
11/25/2002,5.03E+10
11/26/2002,4.92E+10
11/27/2002,4.92E+10
11/28/2002,4.88E+10
11/29/2002,5.05E+10
12/2/2002,5.13E+10
12/3/2002,5.15E+10
12/4/2002,5.13E+10
12/5/2002,5.09E+10
12/6/2002,5.1E+10
12/9/2002,5.05E+10
12/10/2002,5E+10
12/11/2002,5.12E+10
12/12/2002,5.21E+10
12/13/2002,5.19E+10
12/16/2002,5.21E+10
12/17/2002,5.2E+10
12/18/2002,5.21E+10
12/19/2002,5.47E+10
12/20/2002,5.7E+10
12/23/2002,5.64E+10
12/24/2002,5.64E+10
12/25/2002,5.64E+10
12/26/2002,5.56E+10
12/27/2002,5.41E+10
12/30/2002,5.45E+10
12/31/2002,5.45E+10
1/1/2003,5.45E+10
1/2/2003,5.46E+10
1/3/2003,5.42E+10
1/6/2003,5.66E+10
1/7/2003,5.59E+10
1/8/2003,5.54E+10
1/9/2003,5.82E+10
1/10/2003,6.05E+10
1/13/2003,6.03E+10
1/14/2003,6.07E+10
1/15/2003,6.07E+10
1/16/2003,6.07E+10
1/17/2003,5.79E+10
1/20/2003,5.76E+10
1/21/2003,5.7E+10
1/22/2003,5.45E+10
1/23/2003,5.46E+10
1/24/2003,5.19E+10
1/27/2003,5.19E+10
1/28/2003,5.17E+10
1/29/2003,5.42E+10
1/30/2003,5.47E+10
1/31/2003,5.48E+10
2/3/2003,5.56E+10
2/4/2003,5.43E+10
2/5/2003,5.44E+10
2/6/2003,5.25E+10
2/7/2003,5.2E+10
2/10/2003,5.42E+10
2/11/2003,5.36E+10
2/12/2003,5.44E+10
2/13/2003,5.32E+10
2/14/2003,5.29E+10
2/17/2003,5.31E+10
2/18/2003,5.35E+10
2/19/2003,5.29E+10
2/20/2003,5.2E+10
2/21/2003,5.26E+10
2/24/2003,5.09E+10
2/25/2003,4.96E+10
2/26/2003,4.85E+10
2/27/2003,4.87E+10
2/28/2003,5E+10
3/3/2003,5E+10
3/4/2003,5E+10
3/5/2003,4.84E+10
3/6/2003,4.95E+10
3/7/2003,5.11E+10
3/10/2003,4.98E+10
3/11/2003,5.2E+10
3/12/2003,5.36E+10
3/13/2003,5.33E+10
3/14/2003,5.37E+10
3/17/2003,5.34E+10
3/18/2003,5.53E+10
3/19/2003,5.57E+10
3/20/2003,5.64E+10
3/21/2003,5.59E+10
3/24/2003,5.44E+10
3/25/2003,5.56E+10
3/26/2003,5.46E+10
3/27/2003,5.47E+10
3/28/2003,5.4E+10
3/31/2003,5.36E+10
4/1/2003,5.51E+10
4/2/2003,5.61E+10
4/3/2003,5.66E+10
4/4/2003,5.67E+10
4/7/2003,5.54E+10
4/8/2003,5.3E+10
4/9/2003,5.32E+10
4/10/2003,5.34E+10
4/11/2003,5.36E+10
4/14/2003,5.35E+10
4/15/2003,5.4E+10
4/16/2003,5.36E+10
4/17/2003,5.48E+10
4/18/2003,5.48E+10
4/21/2003,5.48E+10
4/22/2003,5.56E+10
4/23/2003,5.61E+10
4/24/2003,5.53E+10
4/25/2003,5.47E+10
4/28/2003,5.52E+10
4/29/2003,5.63E+10
4/30/2003,5.74E+10
5/1/2003,5.74E+10
5/2/2003,5.83E+10
5/5/2003,5.95E+10
5/6/2003,5.94E+10
5/7/2003,5.98E+10
5/8/2003,5.86E+10
5/9/2003,6.04E+10
5/12/2003,6.15E+10
5/13/2003,6.25E+10
5/14/2003,6.22E+10
5/15/2003,6.26E+10
5/16/2003,6.24E+10
5/19/2003,6.04E+10
5/20/2003,6.1E+10
5/21/2003,6.15E+10
5/22/2003,6.19E+10
5/23/2003,6.09E+10
5/26/2003,5.97E+10
5/27/2003,6.11E+10
5/28/2003,6.17E+10
5/29/2003,6.05E+10
5/30/2003,6.12E+10
6/2/2003,6.05E+10
6/3/2003,6.02E+10
6/4/2003,6.21E+10
6/5/2003,6.19E+10
6/6/2003,6.26E+10
6/9/2003,6.17E+10
6/10/2003,6.07E+10
6/11/2003,6.15E+10
6/12/2003,6.24E+10
6/13/2003,6.23E+10
6/16/2003,6.25E+10
6/17/2003,6.25E+10
6/18/2003,6.15E+10
6/19/2003,6.15E+10
6/20/2003,5.86E+10
6/23/2003,5.73E+10
6/24/2003,5.82E+10
6/25/2003,5.82E+10
6/26/2003,5.79E+10
6/27/2003,5.86E+10
6/30/2003,5.88E+10
7/1/2003,5.96E+10
7/2/2003,5.97E+10
7/3/2003,5.98E+10
7/4/2003,6.13E+10
7/7/2003,6.26E+10
7/8/2003,6.32E+10
7/9/2003,6.32E+10
7/10/2003,6.33E+10
7/11/2003,6.25E+10
7/14/2003,6.32E+10
7/15/2003,6.44E+10
7/16/2003,6.42E+10
7/17/2003,6.42E+10
7/18/2003,6.52E+10
7/21/2003,6.53E+10
7/22/2003,6.57E+10
7/23/2003,6.53E+10
7/24/2003,6.43E+10
7/25/2003,6.38E+10
7/28/2003,6.43E+10
7/29/2003,6.5E+10
7/30/2003,6.46E+10
7/31/2003,6.46E+10
8/1/2003,6.17E+10
8/4/2003,6.11E+10
8/5/2003,6.24E+10
8/6/2003,6.19E+10
8/7/2003,6.41E+10
8/8/2003,6.6E+10
8/11/2003,6.6E+10
8/12/2003,6.64E+10
8/13/2003,6.62E+10
8/14/2003,6.79E+10
8/15/2003,6.65E+10
8/18/2003,6.75E+10
8/19/2003,6.58E+10
8/20/2003,6.61E+10
8/21/2003,6.64E+10
8/22/2003,6.63E+10
8/25/2003,6.55E+10
8/26/2003,6.6E+10
8/27/2003,6.78E+10
8/28/2003,6.83E+10
8/29/2003,6.98E+10
9/1/2003,6.89E+10
9/2/2003,6.88E+10
9/3/2003,7.09E+10
9/4/2003,7.33E+10
9/5/2003,7.44E+10
9/8/2003,7.43E+10
9/9/2003,7.23E+10
9/10/2003,7.34E+10
9/11/2003,7.42E+10
9/12/2003,7.34E+10
9/15/2003,7.16E+10
9/16/2003,7.19E+10
9/17/2003,7.16E+10
9/18/2003,7.15E+10
9/19/2003,7.12E+10
9/22/2003,7.01E+10
9/23/2003,6.91E+10
9/24/2003,6.99E+10
9/25/2003,6.91E+10
9/26/2003,6.92E+10
9/29/2003,7.01E+10
9/30/2003,6.98E+10
10/1/2003,7.15E+10
10/2/2003,7.44E+10
10/3/2003,7.55E+10
10/6/2003,7.59E+10
10/7/2003,7.52E+10
10/8/2003,7.63E+10
10/9/2003,7.66E+10
10/10/2003,7.61E+10
10/13/2003,7.81E+10
10/14/2003,7.67E+10
10/15/2003,7.56E+10
10/16/2003,7.47E+10
10/17/2003,7.43E+10
10/20/2003,7.43E+10
10/21/2003,7.41E+10
10/22/2003,7.27E+10
10/23/2003,7.17E+10
10/24/2003,7.26E+10
10/27/2003,7.28E+10
10/28/2003,7.39E+10
10/29/2003,7.32E+10
10/30/2003,7.25E+10
10/31/2003,7.17E+10
11/3/2003,7.37E+10
11/4/2003,7.33E+10
11/5/2003,7.2E+10
11/6/2003,7.42E+10
11/7/2003,7.45E+10
11/10/2003,7.38E+10
11/11/2003,7.43E+10
11/12/2003,7.55E+10
11/13/2003,7.64E+10
11/14/2003,7.79E+10
11/17/2003,7.65E+10
11/18/2003,7.74E+10
11/19/2003,7.81E+10
11/20/2003,7.81E+10
11/21/2003,7.78E+10
11/24/2003,7.83E+10
11/25/2003,7.9E+10
11/26/2003,7.52E+10
11/27/2003,7.58E+10
11/28/2003,7.61E+10
12/1/2003,7.78E+10
12/2/2003,7.85E+10
12/3/2003,7.8E+10
12/4/2003,7.83E+10
12/5/2003,7.87E+10
12/8/2003,7.88E+10
12/9/2003,8.26E+10
12/10/2003,8.23E+10
12/11/2003,8.44E+10
12/12/2003,8.34E+10
12/15/2003,8.24E+10
12/16/2003,8.32E+10
12/17/2003,8.53E+10
12/18/2003,8.72E+10
12/19/2003,8.73E+10
12/22/2003,8.94E+10
12/23/2003,8.73E+10
12/24/2003,8.73E+10
12/25/2003,8.73E+10
12/26/2003,8.6E+10
12/29/2003,8.81E+10
12/30/2003,8.87E+10
12/31/2003,8.87E+10
1/1/2004,8.87E+10
1/2/2004,9.2E+10
1/5/2004,9.71E+10
1/6/2004,1.02E+11
1/7/2004,1E+11
1/8/2004,9.96E+10
1/9/2004,9.87E+10
1/12/2004,9.98E+10
1/13/2004,1E+11
1/14/2004,9.73E+10
1/15/2004,9.54E+10
1/16/2004,9.65E+10
1/19/2004,9.89E+10
1/20/2004,1.02E+11
1/21/2004,9.99E+10
1/22/2004,9.82E+10
1/23/2004,9.83E+10
1/26/2004,1E+11
1/27/2004,9.95E+10
1/28/2004,9.93E+10
1/29/2004,9.38E+10
1/30/2004,9.01E+10
2/2/2004,9.08E+10
2/3/2004,9.28E+10
2/4/2004,9.12E+10
2/5/2004,8.99E+10
2/6/2004,9.38E+10
2/9/2004,9.45E+10
2/10/2004,9.68E+10
2/11/2004,1E+11
2/12/2004,1.01E+11
2/13/2004,9.95E+10
2/16/2004,9.79E+10
2/17/2004,9.87E+10
2/18/2004,9.74E+10
2/19/2004,9.4E+10
2/20/2004,9.38E+10
2/23/2004,9.38E+10
2/24/2004,9.38E+10
2/25/2004,9.55E+10
2/26/2004,9.4E+10
2/27/2004,9.52E+10
3/1/2004,9.95E+10
3/2/2004,9.95E+10
3/3/2004,1.01E+11
3/4/2004,9.91E+10
3/5/2004,9.93E+10
3/8/2004,1E+11
3/9/2004,1.01E+11
3/10/2004,9.71E+10
3/11/2004,9.47E+10
3/12/2004,9.77E+10
3/15/2004,9.52E+10
3/16/2004,9.51E+10
3/17/2004,9.76E+10
3/18/2004,1.01E+11
3/19/2004,9.88E+10
3/22/2004,9.75E+10
3/23/2004,9.64E+10
3/24/2004,9.66E+10
3/25/2004,9.66E+10
3/26/2004,9.71E+10
3/29/2004,9.69E+10
3/30/2004,9.78E+10
3/31/2004,1.01E+11
4/1/2004,1E+11
4/2/2004,1.02E+11
4/5/2004,1.01E+11
4/6/2004,1.01E+11
4/7/2004,1.01E+11
4/8/2004,1.03E+11
4/9/2004,1.03E+11
4/12/2004,1.05E+11
4/13/2004,1.04E+11
4/14/2004,1.02E+11
4/15/2004,1E+11
4/16/2004,9.95E+10
4/19/2004,9.88E+10
4/20/2004,9.58E+10
4/21/2004,9.58E+10
4/22/2004,9.6E+10
4/23/2004,9.65E+10
4/26/2004,9.47E+10
4/27/2004,9.57E+10
4/28/2004,9.33E+10
4/29/2004,8.86E+10
4/30/2004,8.81E+10
5/3/2004,8.97E+10
5/4/2004,9.24E+10
5/5/2004,9.49E+10
5/6/2004,8.87E+10
5/7/2004,8.56E+10
5/10/2004,8.23E+10
5/11/2004,8.86E+10
5/12/2004,8.85E+10
5/13/2004,8.96E+10
5/14/2004,8.59E+10
5/17/2004,8.33E+10
5/18/2004,8.37E+10
5/19/2004,8.37E+10
5/20/2004,8.22E+10
5/21/2004,7.96E+10
5/24/2004,8.52E+10
5/25/2004,8.4E+10
5/26/2004,8.36E+10
5/27/2004,8.53E+10
5/28/2004,8.36E+10
5/31/2004,8.42E+10
6/1/2004,8.68E+10
6/2/2004,8.64E+10
6/3/2004,8.56E+10
6/4/2004,8.53E+10
6/7/2004,8.75E+10
6/8/2004,8.59E+10
6/9/2004,8.45E+10
6/10/2004,8.45E+10
6/11/2004,8.45E+10
6/14/2004,8.49E+10
6/15/2004,8.8E+10
6/16/2004,8.84E+10
6/17/2004,8.85E+10
6/18/2004,8.81E+10
6/21/2004,8.71E+10
6/22/2004,8.74E+10
6/23/2004,9.14E+10
6/24/2004,9.11E+10
6/25/2004,8.94E+10
6/28/2004,8.82E+10
6/29/2004,8.92E+10
6/30/2004,9.01E+10
7/1/2004,8.97E+10
7/2/2004,8.94E+10
7/5/2004,8.88E+10
7/6/2004,8.75E+10
7/7/2004,8.67E+10
7/8/2004,8.63E+10
7/9/2004,8.63E+10
7/12/2004,8.68E+10
7/13/2004,8.69E+10
7/14/2004,8.65E+10
7/15/2004,8.99E+10
7/16/2004,9.15E+10
7/19/2004,9.03E+10
7/20/2004,8.96E+10
7/21/2004,8.93E+10
7/22/2004,8.69E+10
7/23/2004,8.7E+10
7/26/2004,8.62E+10
7/27/2004,8.85E+10
7/28/2004,8.97E+10
7/29/2004,9.1E+10
7/30/2004,9.05E+10
8/2/2004,9.02E+10
8/3/2004,9E+10
8/4/2004,9.11E+10
8/5/2004,9.02E+10
8/6/2004,9.12E+10
8/9/2004,9.16E+10
8/10/2004,9.27E+10
8/11/2004,9.25E+10
8/12/2004,9.3E+10
8/13/2004,9.22E+10
8/16/2004,9.35E+10
8/17/2004,9.37E+10
8/18/2004,9.44E+10
8/19/2004,9.54E+10
8/20/2004,9.85E+10
8/23/2004,9.75E+10
8/24/2004,9.69E+10
8/25/2004,9.75E+10
8/26/2004,9.53E+10
8/27/2004,9.58E+10
8/30/2004,9.53E+10
8/31/2004,9.52E+10
9/1/2004,9.57E+10
9/2/2004,9.72E+10
9/3/2004,9.65E+10
9/6/2004,9.72E+10
9/7/2004,9.72E+10
9/8/2004,9.8E+10
9/9/2004,9.9E+10
9/10/2004,9.82E+10
9/13/2004,9.85E+10
9/14/2004,1E+11
9/15/2004,9.97E+10
9/16/2004,1.01E+11
9/17/2004,1.02E+11
9/20/2004,1.02E+11
9/21/2004,1.04E+11
9/22/2004,1.03E+11
9/23/2004,1.06E+11
9/24/2004,1.07E+11
9/27/2004,1.09E+11
9/28/2004,1.09E+11
9/29/2004,1.09E+11
9/30/2004,1.09E+11
10/1/2004,1.1E+11
10/4/2004,1.1E+11
10/5/2004,1.12E+11
10/6/2004,1.12E+11
10/7/2004,1.13E+11
10/8/2004,1.12E+11
10/11/2004,1.11E+11
10/12/2004,1.11E+11
10/13/2004,1.06E+11
10/14/2004,1.05E+11
10/15/2004,1.07E+11
10/18/2004,1.09E+11
10/19/2004,1.07E+11
10/20/2004,1.06E+11
10/21/2004,1.09E+11
10/22/2004,1.09E+11
10/25/2004,1.09E+11
10/26/2004,1.08E+11
10/27/2004,1.09E+11
10/28/2004,1.07E+11
10/29/2004,1.08E+11
11/1/2004,1.08E+11
11/2/2004,1.08E+11
11/3/2004,1.08E+11
11/4/2004,1.09E+11
11/5/2004,1.11E+11
11/8/2004,1.09E+11
11/9/2004,1.09E+11
11/10/2004,1.1E+11
11/11/2004,1.1E+11
11/12/2004,1.1E+11
11/15/2004,1.1E+11
11/16/2004,1.05E+11
11/17/2004,1.06E+11
11/18/2004,1.05E+11
11/19/2004,1.05E+11
11/22/2004,1.06E+11
11/23/2004,1.04E+11
11/24/2004,1.04E+11
11/25/2004,1.09E+11
11/26/2004,1.08E+11
11/29/2004,1.07E+11
11/30/2004,1.08E+11
12/1/2004,1.11E+11
12/2/2004,1.08E+11
12/3/2004,1.08E+11
12/6/2004,1.09E+11
12/7/2004,1.07E+11
12/8/2004,1.07E+11
12/9/2004,1.05E+11
12/10/2004,1.06E+11
12/13/2004,1.06E+11
12/14/2004,1.08E+11
12/15/2004,1.08E+11
12/16/2004,1.1E+11
12/17/2004,1.09E+11
12/20/2004,1.09E+11
12/21/2004,1.12E+11
12/22/2004,1.11E+11
12/23/2004,1.12E+11
12/24/2004,1.12E+11
12/27/2004,1.12E+11
12/28/2004,1.13E+11
12/29/2004,1.14E+11
12/30/2004,1.12E+11
12/31/2004,1.12E+11
1/3/2005,1.09E+11
1/4/2005,1.08E+11
1/5/2005,1.07E+11
1/6/2005,1.08E+11
1/7/2005,1.09E+11
1/10/2005,1.08E+11
1/11/2005,1.09E+11
1/12/2005,1.08E+11
1/13/2005,1.1E+11
1/14/2005,1.1E+11
1/17/2005,1.09E+11
1/18/2005,1.09E+11
1/19/2005,1.09E+11
1/20/2005,1.07E+11
1/21/2005,1.08E+11
1/24/2005,1.09E+11
1/25/2005,1.09E+11
1/26/2005,1.11E+11
1/27/2005,1.11E+11
1/28/2005,1.09E+11
1/31/2005,1.12E+11
2/1/2005,1.11E+11
2/2/2005,1.12E+11
2/3/2005,1.14E+11
2/4/2005,1.15E+11
2/7/2005,1.15E+11
2/8/2005,1.15E+11
2/9/2005,1.22E+11
2/10/2005,1.2E+11
2/11/2005,1.21E+11
2/14/2005,1.2E+11
2/15/2005,1.19E+11
2/16/2005,1.2E+11
2/17/2005,1.21E+11
2/18/2005,1.21E+11
2/21/2005,1.22E+11
2/22/2005,1.25E+11
2/23/2005,1.27E+11
2/24/2005,1.31E+11
2/25/2005,1.35E+11
2/28/2005,1.32E+11
3/1/2005,1.26E+11
3/2/2005,1.3E+11
3/3/2005,1.34E+11
3/4/2005,1.36E+11
3/7/2005,1.37E+11
3/8/2005,1.36E+11
3/9/2005,1.33E+11
3/10/2005,1.3E+11
3/11/2005,1.28E+11
3/14/2005,1.27E+11
3/15/2005,1.24E+11
3/16/2005,1.26E+11
3/17/2005,1.28E+11
3/18/2005,1.26E+11
3/21/2005,1.26E+11
3/22/2005,1.22E+11
3/23/2005,1.2E+11
3/24/2005,1.21E+11
3/25/2005,1.21E+11
3/28/2005,1.2E+11
3/29/2005,1.17E+11
3/30/2005,1.2E+11
3/31/2005,1.22E+11
4/1/2005,1.24E+11
4/4/2005,1.23E+11
4/5/2005,1.2E+11
4/6/2005,1.2E+11
4/7/2005,1.2E+11
4/8/2005,1.19E+11
4/11/2005,1.19E+11
4/12/2005,1.18E+11
4/13/2005,1.16E+11
4/14/2005,1.13E+11
4/15/2005,1.12E+11
4/18/2005,1.1E+11
4/19/2005,1.14E+11
4/20/2005,1.12E+11
4/21/2005,1.12E+11
4/22/2005,1.11E+11
4/25/2005,1.14E+11
4/26/2005,1.15E+11
4/27/2005,1.12E+11
4/28/2005,1.09E+11
4/29/2005,1.12E+11
5/2/2005,1.11E+11
5/3/2005,1.11E+11
5/4/2005,1.13E+11
5/5/2005,1.14E+11
5/6/2005,1.17E+11
5/9/2005,1.17E+11
5/10/2005,1.15E+11
5/11/2005,1.15E+11
5/12/2005,1.12E+11
5/13/2005,1.09E+11
5/16/2005,1.1E+11
5/17/2005,1.13E+11
5/18/2005,1.14E+11
5/19/2005,1.16E+11
5/20/2005,1.16E+11
5/23/2005,1.14E+11
5/24/2005,1.15E+11
5/25/2005,1.16E+11
5/26/2005,1.16E+11
5/27/2005,1.19E+11
5/30/2005,1.19E+11
5/31/2005,1.18E+11
6/1/2005,1.22E+11
6/2/2005,1.23E+11
6/3/2005,1.22E+11
6/6/2005,1.22E+11
6/7/2005,1.19E+11
6/8/2005,1.19E+11
6/9/2005,1.2E+11
6/10/2005,1.2E+11
6/13/2005,1.2E+11
6/14/2005,1.22E+11
6/15/2005,1.23E+11
6/16/2005,1.24E+11
6/17/2005,1.27E+11
6/20/2005,1.3E+11
6/21/2005,1.29E+11
6/22/2005,1.3E+11
6/23/2005,1.28E+11
6/24/2005,1.26E+11
6/27/2005,1.31E+11
6/28/2005,1.3E+11
6/29/2005,1.28E+11
6/30/2005,1.27E+11
7/1/2005,1.28E+11
7/4/2005,1.28E+11
7/5/2005,1.3E+11
7/6/2005,1.3E+11
7/7/2005,1.27E+11
7/8/2005,1.3E+11
7/11/2005,1.28E+11
7/12/2005,1.3E+11
7/13/2005,1.3E+11
7/14/2005,1.27E+11
7/15/2005,1.24E+11
7/18/2005,1.23E+11
7/19/2005,1.23E+11
7/20/2005,1.24E+11
7/21/2005,1.26E+11
7/22/2005,1.28E+11
7/25/2005,1.27E+11
7/26/2005,1.26E+11
7/27/2005,1.29E+11
7/28/2005,1.32E+11
7/29/2005,1.3E+11
8/1/2005,1.33E+11
8/2/2005,1.36E+11
8/3/2005,1.36E+11
8/4/2005,1.35E+11
8/5/2005,1.36E+11
8/8/2005,1.38E+11
8/9/2005,1.4E+11
8/10/2005,1.41E+11
8/11/2005,1.44E+11
8/12/2005,1.46E+11
8/15/2005,1.46E+11
8/16/2005,1.43E+11
8/17/2005,1.4E+11
8/18/2005,1.41E+11
8/19/2005,1.43E+11
8/22/2005,1.45E+11
8/23/2005,1.43E+11
8/24/2005,1.47E+11
8/25/2005,1.47E+11
8/26/2005,1.44E+11
8/29/2005,1.47E+11
8/30/2005,1.51E+11
8/31/2005,1.54E+11
9/1/2005,1.53E+11
9/2/2005,1.52E+11
9/5/2005,1.53E+11
9/6/2005,1.55E+11
9/7/2005,1.55E+11
9/8/2005,1.55E+11
9/9/2005,1.6E+11
9/12/2005,1.61E+11
9/13/2005,1.59E+11
9/14/2005,1.61E+11
9/15/2005,1.62E+11
9/16/2005,1.65E+11
9/19/2005,1.68E+11
9/20/2005,1.69E+11
9/21/2005,1.74E+11
9/22/2005,1.7E+11
9/23/2005,1.68E+11
9/26/2005,1.66E+11
9/27/2005,1.69E+11
9/28/2005,1.71E+11
9/29/2005,1.67E+11
9/30/2005,1.68E+11
10/3/2005,1.69E+11
10/4/2005,1.62E+11
10/5/2005,1.54E+11
10/6/2005,1.48E+11
10/7/2005,1.49E+11
10/10/2005,1.48E+11
10/11/2005,1.51E+11
10/12/2005,1.51E+11
10/13/2005,1.48E+11
10/14/2005,1.46E+11
10/17/2005,1.51E+11
10/18/2005,1.43E+11
10/19/2005,1.42E+11
10/20/2005,1.39E+11
10/21/2005,1.44E+11
10/24/2005,1.52E+11
10/25/2005,1.51E+11
10/26/2005,1.51E+11
10/27/2005,1.46E+11
10/28/2005,1.47E+11
10/31/2005,1.5E+11
11/1/2005,1.52E+11
11/2/2005,1.52E+11
11/3/2005,1.57E+11
11/4/2005,1.51E+11
11/7/2005,1.5E+11
11/8/2005,1.53E+11
11/9/2005,1.52E+11
11/10/2005,1.47E+11
11/11/2005,1.43E+11
11/14/2005,1.45E+11
11/15/2005,1.45E+11
11/16/2005,1.49E+11
11/17/2005,1.51E+11
11/18/2005,1.52E+11
11/21/2005,1.53E+11
11/22/2005,1.59E+11
11/23/2005,1.61E+11
11/24/2005,1.59E+11
11/25/2005,1.59E+11
11/28/2005,1.53E+11
11/29/2005,1.56E+11
11/30/2005,1.59E+11
12/1/2005,1.63E+11
12/2/2005,1.66E+11
12/5/2005,1.66E+11
12/6/2005,1.68E+11
12/7/2005,1.65E+11
12/8/2005,1.67E+11
12/9/2005,1.68E+11
12/12/2005,1.69E+11
12/13/2005,1.7E+11
12/14/2005,1.72E+11
12/15/2005,1.69E+11
12/16/2005,1.69E+11
12/19/2005,1.69E+11
12/20/2005,1.69E+11
12/21/2005,1.71E+11
12/22/2005,1.72E+11
12/23/2005,1.71E+11
12/26/2005,1.71E+11
12/27/2005,1.69E+11
12/28/2005,1.72E+11
12/29/2005,1.74E+11
12/30/2005,1.71E+11
1/2/2006,1.78E+11
1/3/2006,1.82E+11
1/4/2006,1.84E+11
1/5/2006,1.83E+11
1/6/2006,1.9E+11
1/9/2006,1.89E+11
1/10/2006,1.9E+11
1/11/2006,1.98E+11
1/12/2006,1.99E+11
1/13/2006,1.99E+11
1/16/2006,2.04E+11
1/17/2006,2.01E+11
1/18/2006,1.99E+11
1/19/2006,2.05E+11
1/20/2006,2.07E+11
1/23/2006,2.09E+11
1/24/2006,2.12E+11
1/25/2006,2.12E+11
1/26/2006,2.12E+11
1/27/2006,2.1E+11
1/30/2006,2.15E+11
1/31/2006,2.18E+11
2/1/2006,2.17E+11
2/2/2006,2.08E+11
2/3/2006,2.06E+11
2/6/2006,2.1E+11
2/7/2006,2.02E+11
2/8/2006,1.98E+11
2/9/2006,1.97E+11
2/10/2006,1.92E+11
2/13/2006,1.89E+11
2/14/2006,1.89E+11
2/15/2006,1.9E+11
2/16/2006,1.99E+11
2/17/2006,2.03E+11
2/20/2006,2.07E+11
2/21/2006,2.05E+11
2/22/2006,2.01E+11
2/23/2006,2.04E+11
2/24/2006,2.06E+11
2/27/2006,2.06E+11
2/28/2006,2.06E+11
3/1/2006,2.08E+11
3/2/2006,2.08E+11
3/3/2006,2.09E+11
3/6/2006,2.04E+11
3/7/2006,1.96E+11
3/8/2006,1.95E+11
3/9/2006,1.9E+11
3/10/2006,1.9E+11
3/13/2006,1.93E+11
3/14/2006,2E+11
3/15/2006,2.03E+11
3/16/2006,2.02E+11
3/17/2006,1.99E+11
3/20/2006,2.01E+11
3/21/2006,1.98E+11
3/22/2006,1.95E+11
3/23/2006,1.95E+11
3/24/2006,1.96E+11
3/27/2006,1.97E+11
3/28/2006,1.94E+11
3/29/2006,1.98E+11
3/30/2006,2E+11
3/31/2006,1.98E+11
4/3/2006,2.04E+11
4/4/2006,2E+11
4/5/2006,2.04E+11
4/6/2006,2.05E+11
4/7/2006,2.04E+11
4/10/2006,2.03E+11
4/11/2006,2.01E+11
4/12/2006,2.01E+11
4/13/2006,2E+11
4/14/2006,2E+11
4/17/2006,2.04E+11
4/18/2006,2.15E+11
4/19/2006,2.18E+11
4/20/2006,2.17E+11
4/21/2006,2.17E+11
4/24/2006,2.14E+11
4/25/2006,2.14E+11
4/26/2006,2.16E+11
4/27/2006,2.12E+11
4/28/2006,2.15E+11
5/1/2006,2.15E+11
5/2/2006,2.21E+11
5/3/2006,2.21E+11
5/4/2006,2.19E+11
5/5/2006,2.26E+11
5/8/2006,2.25E+11
5/9/2006,2.3E+11
5/10/2006,2.28E+11
5/11/2006,2.26E+11
5/12/2006,2.24E+11
5/15/2006,2.19E+11
5/16/2006,2.19E+11
5/17/2006,2.13E+11
5/18/2006,2.07E+11
5/19/2006,2.05E+11
5/22/2006,2.06E+11
5/23/2006,2.02E+11
5/24/2006,2.04E+11
5/25/2006,2.05E+11
5/26/2006,2.13E+11
5/29/2006,2.12E+11
5/30/2006,2.06E+11
5/31/2006,2.07E+11
6/1/2006,2.07E+11
6/2/2006,2.11E+11
6/5/2006,2.04E+11
6/6/2006,2E+11
6/7/2006,1.9E+11
6/8/2006,1.9E+11
6/9/2006,1.86E+11
6/12/2006,1.78E+11
6/13/2006,1.71E+11
6/14/2006,1.76E+11
6/15/2006,1.76E+11
6/16/2006,1.87E+11
6/19/2006,1.82E+11
6/20/2006,1.82E+11
6/21/2006,1.88E+11
6/22/2006,1.87E+11
6/23/2006,1.92E+11
6/26/2006,1.92E+11
6/27/2006,1.9E+11
6/28/2006,1.94E+11
6/29/2006,2E+11
6/30/2006,2.03E+11
7/3/2006,2.05E+11
7/4/2006,2.03E+11
7/5/2006,2.02E+11
7/6/2006,2.02E+11
7/7/2006,2.01E+11
7/10/2006,2E+11
7/11/2006,2.05E+11
7/12/2006,2.05E+11
7/13/2006,2.04E+11
7/14/2006,2.07E+11
7/17/2006,1.98E+11
7/18/2006,1.98E+11
7/19/2006,2.04E+11
7/20/2006,1.98E+11
7/21/2006,1.96E+11
7/24/2006,2.04E+11
7/25/2006,2.05E+11
7/26/2006,2.07E+11
7/27/2006,2.1E+11
7/28/2006,2.11E+11
7/31/2006,2.1E+11
8/1/2006,2.1E+11
8/2/2006,2.14E+11
8/3/2006,2.15E+11
8/4/2006,2.15E+11
8/7/2006,2.17E+11
8/8/2006,2.16E+11
8/9/2006,2.15E+11
8/10/2006,2.15E+11
8/11/2006,2.13E+11
8/14/2006,2.08E+11
8/15/2006,2.11E+11
8/16/2006,2.11E+11
8/17/2006,2.06E+11
8/18/2006,2.09E+11
8/21/2006,2.07E+11
8/22/2006,2.07E+11
8/23/2006,2E+11
8/24/2006,2.03E+11
8/25/2006,2.06E+11
8/28/2006,2.04E+11
8/29/2006,2.02E+11
8/30/2006,2.02E+11
8/31/2006,2E+11
9/1/2006,2.04E+11
9/4/2006,2.06E+11
9/5/2006,2.03E+11
9/6/2006,1.96E+11
9/7/2006,1.96E+11
9/8/2006,1.91E+11
9/11/2006,1.84E+11
9/12/2006,1.83E+11
9/13/2006,1.89E+11
9/14/2006,1.83E+11
9/15/2006,1.81E+11
9/18/2006,1.88E+11
9/19/2006,1.84E+11
9/20/2006,1.78E+11
9/21/2006,1.8E+11
9/22/2006,1.78E+11
9/25/2006,1.79E+11
9/26/2006,1.82E+11
9/27/2006,1.88E+11
9/28/2006,1.9E+11
9/29/2006,1.9E+11
10/2/2006,1.89E+11
10/3/2006,1.8E+11
10/4/2006,1.86E+11
10/5/2006,1.85E+11
10/6/2006,1.86E+11
10/9/2006,1.89E+11
10/10/2006,1.89E+11
10/11/2006,1.88E+11
10/12/2006,1.88E+11
10/13/2006,1.94E+11
10/16/2006,1.96E+11
10/17/2006,1.92E+11
10/18/2006,1.91E+11
10/19/2006,1.95E+11
10/20/2006,1.92E+11
10/23/2006,1.91E+11
10/24/2006,1.96E+11
10/25/2006,2.03E+11
10/26/2006,2.02E+11
10/27/2006,2.01E+11
10/30/2006,1.97E+11
10/31/2006,2E+11
11/1/2006,1.97E+11
11/2/2006,1.97E+11
11/3/2006,2.01E+11
11/6/2006,2.05E+11
11/7/2006,2.03E+11
11/8/2006,2.08E+11
11/9/2006,2.08E+11
11/10/2006,2.11E+11
11/13/2006,2.04E+11
11/14/2006,2.07E+11
11/15/2006,2.07E+11
11/16/2006,2.03E+11
11/17/2006,2.03E+11
11/20/2006,2.03E+11
11/21/2006,2.07E+11
11/22/2006,2.08E+11
11/23/2006,2.07E+11
11/24/2006,2.07E+11
11/27/2006,2.06E+11
11/28/2006,2.07E+11
11/29/2006,2.13E+11
11/30/2006,2.14E+11
12/1/2006,2.12E+11
12/4/2006,2.16E+11
12/5/2006,2.19E+11
12/6/2006,2.18E+11
12/7/2006,2.19E+11
12/8/2006,2.2E+11
12/11/2006,2.2E+11
12/12/2006,2.19E+11
12/13/2006,2.19E+11
12/14/2006,2.2E+11
12/15/2006,2.2E+11
12/18/2006,2.2E+11
12/19/2006,2.21E+11
12/20/2006,2.25E+11
12/21/2006,2.24E+11
12/22/2006,2.22E+11
12/25/2006,2.22E+11
12/26/2006,2.25E+11
12/27/2006,2.29E+11
12/28/2006,2.3E+11
12/29/2006,2.3E+11
1/1/2007,2.28E+11
1/2/2007,2.35E+11
1/3/2007,2.26E+11
1/4/2007,2.2E+11
1/5/2007,2.15E+11
1/8/2007,2.16E+11
1/9/2007,2.12E+11
1/10/2007,2.11E+11
1/11/2007,2.11E+11
1/12/2007,2.12E+11
1/15/2007,2.11E+11
1/16/2007,2.06E+11
1/17/2007,2.06E+11
1/18/2007,2.03E+11
1/19/2007,2.11E+11
1/22/2007,2.12E+11
1/23/2007,2.19E+11
1/24/2007,2.21E+11
1/25/2007,2.21E+11
1/26/2007,2.18E+11
1/29/2007,2.12E+11
1/30/2007,2.17E+11
1/31/2007,2.19E+11
2/1/2007,2.18E+11
2/2/2007,2.21E+11
2/5/2007,2.19E+11
2/6/2007,2.16E+11
2/7/2007,2.1E+11
2/8/2007,2.14E+11
2/9/2007,2.1E+11
2/12/2007,2.07E+11
2/13/2007,2.11E+11
2/14/2007,2.08E+11
2/15/2007,2.06E+11
2/16/2007,2.06E+11
2/19/2007,2.06E+11
2/20/2007,2.06E+11
2/21/2007,2.07E+11
2/22/2007,2.1E+11
2/23/2007,2.11E+11
2/26/2007,2.12E+11
2/27/2007,2.01E+11
2/28/2007,2.01E+11
3/1/2007,1.98E+11
3/2/2007,1.93E+11
3/5/2007,1.89E+11
3/6/2007,1.95E+11
3/7/2007,1.92E+11
3/8/2007,1.98E+11
3/9/2007,1.99E+11
3/12/2007,1.96E+11
3/13/2007,1.93E+11
3/14/2007,1.94E+11
3/15/2007,1.92E+11
3/16/2007,1.88E+11
3/19/2007,1.92E+11
3/20/2007,1.95E+11
3/21/2007,2.02E+11
3/22/2007,2.05E+11
3/23/2007,2.06E+11
3/26/2007,2.08E+11
3/27/2007,2.06E+11
3/28/2007,2.05E+11
3/29/2007,2.16E+11
3/30/2007,2.17E+11
4/2/2007,2.16E+11
4/3/2007,2.13E+11
4/4/2007,2.16E+11
4/5/2007,2.17E+11
4/6/2007,2.17E+11
4/9/2007,2.17E+11
4/10/2007,2.2E+11
4/11/2007,2.17E+11
4/12/2007,2.21E+11
4/13/2007,2.24E+11
4/16/2007,2.28E+11
4/17/2007,2.25E+11
4/18/2007,2.22E+11
4/19/2007,2.19E+11
4/20/2007,2.2E+11
4/23/2007,2.19E+11
4/24/2007,2.18E+11
4/25/2007,2.23E+11
4/26/2007,2.19E+11
4/27/2007,2.17E+11
4/30/2007,2.14E+11
5/1/2007,2.14E+11
5/2/2007,2.15E+11
5/3/2007,2.18E+11
5/4/2007,2.17E+11
5/7/2007,2.12E+11
5/8/2007,2.13E+11
5/9/2007,2.13E+11
5/10/2007,2.1E+11
5/11/2007,2.14E+11
5/14/2007,2.13E+11
5/15/2007,2.12E+11
5/16/2007,2.17E+11
5/17/2007,2.17E+11
5/18/2007,2.19E+11
5/21/2007,2.21E+11
5/22/2007,2.21E+11
5/23/2007,2.23E+11
5/24/2007,2.18E+11
5/25/2007,2.2E+11
5/28/2007,2.21E+11
5/29/2007,2.17E+11
5/30/2007,2.2E+11
5/31/2007,2.16E+11
6/1/2007,2.22E+11
6/4/2007,2.25E+11
6/5/2007,2.27E+11
6/6/2007,2.21E+11
6/7/2007,2.21E+11
6/8/2007,2.23E+11
6/11/2007,2.27E+11
6/12/2007,2.27E+11
6/13/2007,2.33E+11
6/14/2007,2.37E+11
6/15/2007,2.41E+11
6/18/2007,2.42E+11
6/19/2007,2.45E+11
6/20/2007,2.41E+11
6/21/2007,2.43E+11
6/22/2007,2.44E+11
6/25/2007,2.43E+11
6/26/2007,2.41E+11
6/27/2007,2.43E+11
6/28/2007,2.42E+11
6/29/2007,2.45E+11
7/2/2007,2.5E+11
7/3/2007,2.55E+11
7/4/2007,2.55E+11
7/5/2007,2.58E+11
7/6/2007,2.61E+11
7/9/2007,2.61E+11
7/10/2007,2.56E+11
7/11/2007,2.58E+11
7/12/2007,2.64E+11
7/13/2007,2.67E+11
7/16/2007,2.64E+11
7/17/2007,2.68E+11
7/18/2007,2.68E+11
7/19/2007,2.71E+11
7/20/2007,2.69E+11
7/23/2007,2.74E+11
7/24/2007,2.59E+11
7/25/2007,2.64E+11
7/26/2007,2.52E+11
7/27/2007,2.44E+11
7/30/2007,2.56E+11
7/31/2007,2.52E+11
8/1/2007,2.5E+11
8/2/2007,2.52E+11
8/3/2007,2.42E+11
8/6/2007,2.43E+11
8/7/2007,2.44E+11
8/8/2007,2.53E+11
8/9/2007,2.43E+11
8/10/2007,2.39E+11
8/13/2007,2.4E+11
8/14/2007,2.38E+11
8/15/2007,2.33E+11
8/16/2007,2.28E+11
8/17/2007,2.23E+11
8/20/2007,2.24E+11
8/21/2007,2.24E+11
8/22/2007,2.35E+11
8/23/2007,2.36E+11
8/24/2007,2.4E+11
8/27/2007,2.39E+11
8/28/2007,2.34E+11
8/29/2007,2.38E+11
8/30/2007,2.41E+11
8/31/2007,2.51E+11
9/3/2007,2.53E+11
9/4/2007,2.58E+11
9/5/2007,2.57E+11
9/6/2007,2.6E+11
9/7/2007,2.6E+11
9/10/2007,2.54E+11
9/11/2007,2.62E+11
9/12/2007,2.63E+11
9/13/2007,2.66E+11
9/14/2007,2.61E+11
9/17/2007,2.62E+11
9/18/2007,2.73E+11
9/19/2007,2.73E+11
9/20/2007,2.73E+11
9/21/2007,2.82E+11
9/24/2007,2.89E+11
9/25/2007,2.84E+11
9/26/2007,2.87E+11
9/27/2007,2.91E+11
9/28/2007,2.85E+11
10/1/2007,2.9E+11
10/2/2007,2.92E+11
10/3/2007,2.83E+11
10/4/2007,2.85E+11
10/5/2007,2.96E+11
10/8/2007,2.98E+11
10/9/2007,3.03E+11
10/10/2007,3.12E+11
10/11/2007,3.1E+11
10/12/2007,3.1E+11
10/15/2007,3.21E+11
10/16/2007,3.17E+11
10/17/2007,3.22E+11
10/18/2007,3.19E+11
10/19/2007,3.02E+11
10/22/2007,2.99E+11
10/23/2007,3.09E+11
10/24/2007,3.2E+11
10/25/2007,3.24E+11
10/26/2007,3.38E+11
10/29/2007,3.47E+11
10/30/2007,3.33E+11
10/31/2007,3.43E+11
11/1/2007,3.39E+11
11/2/2007,3.39E+11
11/5/2007,3.24E+11
11/6/2007,3.36E+11
11/7/2007,3.37E+11
11/8/2007,3.85E+11
11/9/2007,3.94E+11
11/12/2007,3.67E+11
11/13/2007,3.74E+11
11/14/2007,3.81E+11
11/15/2007,3.81E+11
11/16/2007,3.79E+11
11/19/2007,3.72E+11
11/20/2007,3.72E+11
11/21/2007,3.65E+11
11/22/2007,3.68E+11
11/23/2007,3.68E+11
11/26/2007,3.62E+11
11/27/2007,3.57E+11
11/28/2007,3.56E+11
11/29/2007,3.55E+11
11/30/2007,3.48E+11
12/3/2007,3.54E+11
12/4/2007,3.6E+11
12/5/2007,3.79E+11
12/6/2007,3.88E+11
12/7/2007,3.86E+11
12/10/2007,3.83E+11
12/11/2007,3.89E+11
12/12/2007,4.08E+11
12/13/2007,3.97E+11
12/14/2007,3.93E+11
12/17/2007,3.73E+11
12/18/2007,3.82E+11
12/19/2007,3.94E+11
12/20/2007,4.01E+11
12/21/2007,4.13E+11
12/24/2007,4.13E+11
12/25/2007,4.13E+11
12/26/2007,4.24E+11
12/27/2007,4.22E+11
12/28/2007,4.3E+11
12/31/2007,4.3E+11
1/1/2008,4.3E+11
1/2/2008,4.26E+11
1/3/2008,4.19E+11
1/4/2008,3.96E+11
1/7/2008,3.83E+11
1/8/2008,4.05E+11
1/9/2008,4.13E+11
1/10/2008,4.06E+11
1/11/2008,3.97E+11
1/14/2008,3.95E+11
1/15/2008,3.76E+11
1/16/2008,3.61E+11
1/17/2008,3.42E+11
1/18/2008,3.47E+11
1/21/2008,3.21E+11
1/22/2008,3.54E+11
1/23/2008,3.47E+11
1/24/2008,3.73E+11
1/25/2008,3.73E+11
1/28/2008,3.96E+11
1/29/2008,3.96E+11
1/30/2008,4.05E+11
1/31/2008,3.93E+11
2/1/2008,4E+11
2/4/2008,4E+11
2/5/2008,4E+11
2/6/2008,3.85E+11
2/7/2008,3.97E+11
2/8/2008,3.99E+11
2/11/2008,4.06E+11
2/12/2008,4.07E+11
2/13/2008,4.14E+11
2/14/2008,4.11E+11
2/15/2008,4.07E+11
2/18/2008,4.16E+11
2/19/2008,4.16E+11
2/20/2008,4.2E+11
2/21/2008,4.13E+11
2/22/2008,4.13E+11
2/25/2008,4.15E+11
2/26/2008,4.15E+11
2/27/2008,4.22E+11
2/28/2008,4.23E+11
2/29/2008,3.99E+11
3/3/2008,3.99E+11
3/4/2008,3.85E+11
3/5/2008,3.95E+11
3/6/2008,3.88E+11
3/7/2008,3.83E+11
3/10/2008,3.77E+11
3/11/2008,3.92E+11
3/12/2008,3.9E+11
3/13/2008,3.85E+11
3/14/2008,3.8E+11
3/17/2008,3.62E+11
3/18/2008,3.67E+11
3/19/2008,3.41E+11
3/20/2008,3.4E+11
3/21/2008,3.4E+11
3/24/2008,3.44E+11
3/25/2008,3.64E+11
3/26/2008,3.68E+11
3/27/2008,3.59E+11
3/28/2008,3.58E+11
3/31/2008,3.64E+11
4/1/2008,3.72E+11
4/2/2008,3.81E+11
4/3/2008,3.86E+11
4/4/2008,3.87E+11
4/7/2008,3.85E+11
4/8/2008,3.93E+11
4/9/2008,3.93E+11
4/10/2008,3.95E+11
4/11/2008,3.87E+11
4/14/2008,4.13E+11
4/15/2008,4.17E+11
4/16/2008,4.12E+11
4/17/2008,4.2E+11
4/18/2008,4.23E+11
4/21/2008,4.23E+11
4/22/2008,4.27E+11
4/23/2008,4.22E+11
4/24/2008,4.13E+11
4/25/2008,4.17E+11
4/28/2008,4.21E+11
4/29/2008,4.04E+11
4/30/2008,4.13E+11
5/1/2008,4.13E+11
5/2/2008,4.2E+11
5/5/2008,4.3E+11
5/6/2008,4.42E+11
5/7/2008,4.39E+11
5/8/2008,4.4E+11
5/9/2008,4.47E+11
5/12/2008,4.48E+11
5/13/2008,4.59E+11
5/14/2008,4.52E+11
5/15/2008,4.6E+11
5/16/2008,4.72E+11
5/19/2008,4.88E+11
5/20/2008,5.03E+11
5/21/2008,5.1E+11
5/22/2008,5.1E+11
5/23/2008,4.91E+11
5/26/2008,5.04E+11
5/27/2008,4.85E+11
5/28/2008,4.96E+11
5/29/2008,4.77E+11
5/30/2008,4.73E+11
6/2/2008,4.81E+11
6/3/2008,4.57E+11
6/4/2008,4.39E+11
6/5/2008,4.61E+11
6/6/2008,4.61E+11
6/9/2008,4.6E+11
6/10/2008,4.46E+11
6/11/2008,4.44E+11
6/12/2008,4.44E+11
6/13/2008,4.52E+11
6/16/2008,4.53E+11
6/17/2008,4.55E+11
6/18/2008,4.49E+11
6/19/2008,4.33E+11
6/20/2008,4.25E+11
6/23/2008,4.33E+11
6/24/2008,4.32E+11
6/25/2008,4.44E+11
6/26/2008,4.44E+11
6/27/2008,4.47E+11
6/30/2008,4.57E+11
7/1/2008,4.56E+11
7/2/2008,4.37E+11
7/3/2008,4.21E+11
7/4/2008,4.27E+11
7/7/2008,4.15E+11
7/8/2008,4.03E+11
7/9/2008,4.03E+11
7/10/2008,3.97E+11
7/11/2008,4.01E+11
7/14/2008,4.03E+11
7/15/2008,3.98E+11
7/16/2008,3.91E+11
7/17/2008,3.73E+11
7/18/2008,3.75E+11
7/21/2008,3.82E+11
7/22/2008,3.69E+11
7/23/2008,3.57E+11
7/24/2008,3.4E+11
7/25/2008,3.39E+11
7/28/2008,3.42E+11
7/29/2008,3.45E+11
7/30/2008,3.61E+11
7/31/2008,3.56E+11
8/1/2008,3.42E+11
8/4/2008,3.25E+11
8/5/2008,3.2E+11
8/6/2008,3.3E+11
8/7/2008,3.35E+11
8/8/2008,3.32E+11
8/11/2008,3.23E+11
8/12/2008,3.26E+11
8/13/2008,3.34E+11
8/14/2008,3.31E+11
8/15/2008,3.24E+11
8/18/2008,3.15E+11
8/19/2008,3.24E+11
8/20/2008,3.4E+11
8/21/2008,3.51E+11
8/22/2008,3.49E+11
8/25/2008,3.36E+11
8/26/2008,3.4E+11
8/27/2008,3.49E+11
8/28/2008,3.5E+11
8/29/2008,3.46E+11
9/1/2008,3.39E+11
9/2/2008,3.3E+11
9/3/2008,3.24E+11
9/4/2008,3.12E+11
9/5/2008,3.14E+11
9/8/2008,2.99E+11
9/9/2008,2.79E+11
9/10/2008,2.84E+11
9/11/2008,3.13E+11
9/12/2008,3.27E+11
9/15/2008,2.95E+11
9/16/2008,3.11E+11
9/17/2008,2.97E+11
9/18/2008,3.19E+11
9/19/2008,3.47E+11
9/22/2008,3.47E+11
9/23/2008,3.31E+11
9/24/2008,3.41E+11
9/25/2008,3.57E+11
9/26/2008,3.49E+11
9/29/2008,3.22E+11
9/30/2008,3.44E+11
10/1/2008,3.4E+11
10/2/2008,3.16E+11
10/3/2008,3.09E+11
10/6/2008,2.99E+11
10/7/2008,2.82E+11
10/8/2008,2.68E+11
10/9/2008,2.53E+11
10/10/2008,2.42E+11
10/13/2008,2.7E+11
10/14/2008,2.74E+11
10/15/2008,2.37E+11
10/16/2008,2.18E+11
10/17/2008,2.24E+11
10/20/2008,2.49E+11
10/21/2008,2.46E+11
10/22/2008,2.28E+11
10/23/2008,2.21E+11
10/24/2008,1.99E+11
10/27/2008,1.79E+11
10/28/2008,1.97E+11
10/29/2008,2.11E+11
10/30/2008,2.27E+11
10/31/2008,2.31E+11
11/3/2008,2.29E+11
11/4/2008,2.5E+11
11/5/2008,2.41E+11
11/6/2008,2.26E+11
11/7/2008,2.29E+11
11/10/2008,2.37E+11
11/11/2008,2.34E+11
11/12/2008,2.03E+11
11/13/2008,2.08E+11
11/14/2008,2.04E+11
11/17/2008,2.03E+11
11/18/2008,1.89E+11
11/19/2008,1.82E+11
11/20/2008,1.82E+11
11/21/2008,1.65E+11
11/24/2008,1.86E+11
11/25/2008,1.89E+11
11/26/2008,1.99E+11
11/27/2008,1.94E+11
11/28/2008,1.95E+11
12/1/2008,1.78E+11
12/2/2008,1.78E+11
12/3/2008,1.87E+11
12/4/2008,1.79E+11
12/5/2008,1.76E+11
12/8/2008,1.99E+11
12/9/2008,1.97E+11
12/10/2008,2.16E+11
12/11/2008,2.19E+11
12/12/2008,2.24E+11
12/15/2008,2.26E+11
12/16/2008,2.34E+11
12/17/2008,2.4E+11
12/18/2008,2.3E+11
12/19/2008,2.28E+11
12/22/2008,2.14E+11
12/23/2008,2.13E+11
12/24/2008,2.13E+11
12/25/2008,2.13E+11
12/26/2008,2.21E+11
12/29/2008,2.21E+11
12/30/2008,2.24E+11
12/31/2008,2.24E+11
1/1/2009,2.24E+11
1/2/2009,2.42E+11
1/5/2009,2.48E+11
1/6/2009,2.52E+11
1/7/2009,2.4E+11
1/8/2009,2.51E+11
1/9/2009,2.51E+11
1/12/2009,2.33E+11
1/13/2009,2.34E+11
1/14/2009,2.27E+11
1/15/2009,2.34E+11
1/16/2009,2.37E+11
1/19/2009,2.33E+11
1/20/2009,2.25E+11
1/21/2009,2.37E+11
1/22/2009,2.31E+11
1/23/2009,2.31E+11
1/26/2009,2.33E+11
1/27/2009,2.32E+11
1/28/2009,2.48E+11
1/29/2009,2.45E+11
1/30/2009,2.47E+11
2/2/2009,2.42E+11
2/3/2009,2.51E+11
2/4/2009,2.53E+11
2/5/2009,2.56E+11
2/6/2009,2.69E+11
2/9/2009,2.72E+11
2/10/2009,2.69E+11
2/11/2009,2.67E+11
2/12/2009,2.65E+11
2/13/2009,2.74E+11
2/16/2009,2.77E+11
2/17/2009,2.62E+11
2/18/2009,2.56E+11
2/19/2009,2.61E+11
2/20/2009,2.55E+11
2/23/2009,2.55E+11
2/24/2009,2.55E+11
2/25/2009,2.61E+11
2/26/2009,2.63E+11
2/27/2009,2.64E+11
3/2/2009,2.48E+11
3/3/2009,2.47E+11
3/4/2009,2.63E+11
3/5/2009,2.59E+11
3/6/2009,2.55E+11
3/9/2009,2.55E+11
3/10/2009,2.69E+11
3/11/2009,2.71E+11
3/12/2009,2.76E+11
3/13/2009,2.77E+11
3/16/2009,2.71E+11
3/17/2009,2.79E+11
3/18/2009,2.82E+11
3/19/2009,2.93E+11
3/20/2009,2.92E+11
3/23/2009,3.12E+11
3/24/2009,3.06E+11
3/25/2009,3.07E+11
3/26/2009,3.06E+11
3/27/2009,2.98E+11
3/30/2009,2.88E+11
3/31/2009,2.85E+11
4/1/2009,2.94E+11
4/2/2009,3.08E+11
4/3/2009,3.08E+11
4/6/2009,3.05E+11
4/7/2009,3.02E+11
4/8/2009,3.01E+11
4/9/2009,3.11E+11
4/10/2009,3.11E+11
4/13/2009,3.11E+11
4/14/2009,3.09E+11
4/15/2009,3.02E+11
4/16/2009,3.03E+11
4/17/2009,2.99E+11
4/20/2009,2.9E+11
4/21/2009,2.9E+11
4/22/2009,2.87E+11
4/23/2009,2.94E+11
4/24/2009,2.94E+11
4/27/2009,2.87E+11
4/28/2009,2.88E+11
4/29/2009,2.97E+11
4/30/2009,2.96E+11
5/1/2009,2.96E+11
5/4/2009,3.2E+11
5/5/2009,3.24E+11
5/6/2009,3.29E+11
5/7/2009,3.23E+11
5/8/2009,3.33E+11
5/11/2009,3.31E+11
5/12/2009,3.25E+11
5/13/2009,3.16E+11
5/14/2009,3.18E+11
5/15/2009,3.14E+11
5/18/2009,3.28E+11
5/19/2009,3.29E+11
5/20/2009,3.33E+11
5/21/2009,3.27E+11
5/22/2009,3.31E+11
5/25/2009,3.32E+11
5/26/2009,3.4E+11
5/27/2009,3.4E+11
5/28/2009,3.49E+11
5/29/2009,3.46E+11
6/1/2009,3.56E+11
6/2/2009,3.47E+11
6/3/2009,3.32E+11
6/4/2009,3.42E+11
6/5/2009,3.41E+11
6/8/2009,3.4E+11
6/9/2009,3.37E+11
6/10/2009,3.4E+11
6/11/2009,3.4E+11
6/12/2009,3.4E+11
6/15/2009,3.33E+11
6/16/2009,3.26E+11
6/17/2009,3.2E+11
6/18/2009,3.17E+11
6/19/2009,3.2E+11
6/22/2009,3.08E+11
6/23/2009,3.13E+11
6/24/2009,3.09E+11
6/25/2009,3.21E+11
6/26/2009,3.21E+11
6/29/2009,3.29E+11
6/30/2009,3.23E+11
7/1/2009,3.16E+11
7/2/2009,3.1E+11
7/3/2009,3.07E+11
7/6/2009,2.96E+11
7/7/2009,2.92E+11
7/8/2009,2.89E+11
7/9/2009,2.89E+11
7/10/2009,2.95E+11
7/13/2009,2.95E+11
7/14/2009,2.93E+11
7/15/2009,3.05E+11
7/16/2009,3.07E+11
7/17/2009,3.13E+11
7/20/2009,3.19E+11
7/21/2009,3.18E+11
7/22/2009,3.16E+11
7/23/2009,3.24E+11
7/24/2009,3.24E+11
7/27/2009,3.24E+11
7/28/2009,3.17E+11
7/29/2009,3.06E+11
7/30/2009,3.09E+11
7/31/2009,3.12E+11
8/3/2009,3.22E+11
8/4/2009,3.17E+11
8/5/2009,3.19E+11
8/6/2009,3.15E+11
8/7/2009,3.16E+11
8/10/2009,3.17E+11
8/11/2009,3.08E+11
8/12/2009,3.14E+11
8/13/2009,3.2E+11
8/14/2009,3.18E+11
8/17/2009,3.15E+11
8/18/2009,3.17E+11
8/19/2009,3.21E+11
8/20/2009,3.24E+11
8/21/2009,3.3E+11
8/24/2009,3.28E+11
8/25/2009,3.26E+11
8/26/2009,3.25E+11
8/27/2009,3.21E+11
8/28/2009,3.2E+11
8/31/2009,3.07E+11
9/1/2009,3.06E+11
9/2/2009,3.11E+11
9/3/2009,3.11E+11
9/4/2009,3.15E+11
9/7/2009,3.15E+11
9/8/2009,3.21E+11
9/9/2009,3.24E+11
9/10/2009,3.27E+11
9/11/2009,3.24E+11
9/14/2009,3.25E+11
9/15/2009,3.28E+11
9/16/2009,3.35E+11
9/17/2009,3.35E+11
9/18/2009,3.37E+11
9/21/2009,3.37E+11
9/22/2009,3.39E+11
9/23/2009,3.32E+11
9/24/2009,3.26E+11
9/25/2009,3.28E+11
9/28/2009,3.36E+11
9/29/2009,3.36E+11
9/30/2009,3.37E+11
10/1/2009,3.29E+11
10/2/2009,3.28E+11
10/5/2009,3.3E+11
10/6/2009,3.32E+11
10/7/2009,3.34E+11
10/8/2009,3.42E+11
10/9/2009,3.43E+11
10/12/2009,3.43E+11
10/13/2009,3.45E+11
10/14/2009,3.49E+11
10/15/2009,3.54E+11
10/16/2009,3.52E+11
10/19/2009,3.61E+11
10/20/2009,3.54E+11
10/21/2009,3.54E+11
10/22/2009,3.56E+11
10/23/2009,3.5E+11
10/26/2009,3.52E+11
10/27/2009,3.44E+11
10/28/2009,3.31E+11
10/29/2009,3.46E+11
10/30/2009,3.35E+11
11/2/2009,3.35E+11
11/3/2009,3.4E+11
11/4/2009,3.41E+11
11/5/2009,3.49E+11
11/6/2009,3.44E+11
11/9/2009,3.54E+11
11/10/2009,3.58E+11
11/11/2009,3.6E+11
11/12/2009,3.51E+11
11/13/2009,3.55E+11
11/16/2009,3.56E+11
11/17/2009,3.66E+11
11/18/2009,3.63E+11
11/19/2009,3.65E+11
11/20/2009,3.65E+11
11/23/2009,3.67E+11
11/24/2009,3.7E+11
11/25/2009,3.74E+11
11/26/2009,3.63E+11
11/27/2009,3.68E+11
11/30/2009,3.67E+11
12/1/2009,3.76E+11
12/2/2009,3.72E+11
12/3/2009,3.69E+11
12/4/2009,3.61E+11
12/7/2009,3.62E+11
12/8/2009,3.53E+11
12/9/2009,3.53E+11
12/10/2009,3.55E+11
12/11/2009,3.53E+11
12/14/2009,3.52E+11
12/15/2009,3.54E+11
12/16/2009,3.55E+11
12/17/2009,3.47E+11
12/18/2009,3.45E+11
12/21/2009,3.34E+11
12/22/2009,3.42E+11
12/23/2009,3.45E+11
12/24/2009,3.45E+11
12/25/2009,3.45E+11
12/28/2009,3.45E+11
12/29/2009,3.47E+11
12/30/2009,3.47E+11
12/31/2009,3.47E+11
1/1/2010,3.47E+11
1/4/2010,3.49E+11
1/5/2010,3.47E+11
1/6/2010,3.51E+11
1/7/2010,3.48E+11
1/8/2010,3.46E+11
1/11/2010,3.46E+11
1/12/2010,3.41E+11
1/13/2010,3.39E+11
1/14/2010,3.34E+11
1/15/2010,3.35E+11
1/18/2010,3.43E+11
1/19/2010,3.41E+11
1/20/2010,3.32E+11
1/21/2010,3.22E+11
1/22/2010,3.24E+11
1/25/2010,3.24E+11
1/26/2010,3.17E+11
1/27/2010,3.19E+11
1/28/2010,3.25E+11
1/29/2010,3.2E+11
2/1/2010,3.21E+11
2/2/2010,3.21E+11
2/3/2010,3.2E+11
2/4/2010,3.04E+11
2/5/2010,2.98E+11
2/8/2010,3.01E+11
2/9/2010,3.06E+11
2/10/2010,3.1E+11
2/11/2010,3.15E+11
2/12/2010,3.19E+11
2/15/2010,3.19E+11
2/16/2010,3.19E+11
2/17/2010,3.22E+11
2/18/2010,3.25E+11
2/19/2010,3.23E+11
2/22/2010,3.25E+11
2/23/2010,3.2E+11
2/24/2010,3.19E+11
2/25/2010,3.22E+11
2/26/2010,3.24E+11
3/1/2010,3.27E+11
3/2/2010,3.29E+11
3/3/2010,3.3E+11
3/4/2010,3.29E+11
3/5/2010,3.35E+11
3/8/2010,3.35E+11
3/9/2010,3.42E+11
3/10/2010,3.46E+11
3/11/2010,3.47E+11
3/12/2010,3.48E+11
3/15/2010,3.44E+11
3/16/2010,3.48E+11
3/17/2010,3.48E+11
3/18/2010,3.47E+11
3/19/2010,3.4E+11
3/22/2010,3.4E+11
3/23/2010,3.35E+11
3/24/2010,3.38E+11
3/25/2010,3.3E+11
3/26/2010,3.27E+11
3/29/2010,3.29E+11
3/30/2010,3.28E+11
3/31/2010,3.32E+11
4/1/2010,3.36E+11
4/2/2010,3.36E+11
4/5/2010,3.38E+11
4/6/2010,3.39E+11
4/7/2010,3.37E+11
4/8/2010,3.36E+11
4/9/2010,3.32E+11
4/12/2010,3.23E+11
4/13/2010,3.21E+11
4/14/2010,3.23E+11
4/15/2010,3.17E+11
4/16/2010,3.1E+11
4/19/2010,3.15E+11
4/20/2010,3.23E+11
4/21/2010,3.23E+11
4/22/2010,3.19E+11
4/23/2010,3.2E+11
4/26/2010,3.14E+11
4/27/2010,3.03E+11
4/28/2010,3.05E+11
4/29/2010,3.1E+11
4/30/2010,3.09E+11
5/3/2010,2.96E+11
5/4/2010,2.86E+11
5/5/2010,2.85E+11
5/6/2010,2.83E+11
5/7/2010,2.81E+11
5/10/2010,2.85E+11
5/11/2010,2.8E+11
5/12/2010,2.82E+11
5/13/2010,2.83E+11
5/14/2010,2.84E+11
5/17/2010,2.81E+11
5/18/2010,2.75E+11
5/19/2010,2.69E+11
5/20/2010,2.59E+11
5/21/2010,2.62E+11
5/24/2010,2.57E+11
5/25/2010,2.52E+11
5/26/2010,2.58E+11
5/27/2010,2.65E+11
5/28/2010,2.69E+11
5/31/2010,2.82E+11
6/1/2010,2.73E+11
6/2/2010,2.77E+11
6/3/2010,2.77E+11
6/4/2010,2.8E+11
6/7/2010,2.82E+11
6/8/2010,2.84E+11
6/9/2010,2.85E+11
6/10/2010,2.88E+11
6/11/2010,2.85E+11
6/14/2010,2.78E+11
6/15/2010,2.79E+11
6/16/2010,2.85E+11
6/17/2010,2.84E+11
6/18/2010,2.83E+11
6/21/2010,2.82E+11
6/22/2010,2.76E+11
6/23/2010,2.71E+11
6/24/2010,2.62E+11
6/25/2010,2.66E+11
6/28/2010,2.61E+11
6/29/2010,2.57E+11
6/30/2010,2.57E+11
7/1/2010,2.51E+11
7/2/2010,2.53E+11
7/5/2010,2.5E+11
7/6/2010,2.57E+11
7/7/2010,2.61E+11
7/8/2010,2.63E+11
7/9/2010,2.63E+11
7/12/2010,2.6E+11
7/13/2010,2.59E+11
7/14/2010,2.6E+11
7/15/2010,2.58E+11
7/16/2010,2.54E+11
7/19/2010,2.56E+11
7/20/2010,2.64E+11
7/21/2010,2.62E+11
7/22/2010,2.65E+11
7/23/2010,2.64E+11
7/26/2010,2.65E+11
7/27/2010,2.65E+11
7/28/2010,2.63E+11
7/29/2010,2.61E+11
7/30/2010,2.66E+11
8/2/2010,2.71E+11
8/3/2010,2.78E+11
8/4/2010,2.81E+11
8/5/2010,2.8E+11
8/6/2010,2.78E+11
8/9/2010,2.75E+11
8/10/2010,2.72E+11
8/11/2010,2.62E+11
8/12/2010,2.63E+11
8/13/2010,2.63E+11
8/16/2010,2.63E+11
8/17/2010,2.69E+11
8/18/2010,2.62E+11
8/19/2010,2.53E+11
8/20/2010,2.53E+11
8/23/2010,2.52E+11
8/24/2010,2.47E+11
8/25/2010,2.47E+11
8/26/2010,2.43E+11
8/27/2010,2.5E+11
8/30/2010,2.42E+11
8/31/2010,2.47E+11
9/1/2010,2.59E+11
9/2/2010,2.61E+11
9/3/2010,2.73E+11
9/6/2010,2.77E+11
9/7/2010,2.77E+11
9/8/2010,2.65E+11
9/9/2010,2.61E+11
9/10/2010,2.59E+11
9/13/2010,2.65E+11
9/14/2010,2.52E+11
9/15/2010,2.5E+11
9/16/2010,2.5E+11
9/17/2010,2.51E+11
9/20/2010,2.57E+11
9/21/2010,2.49E+11
9/22/2010,2.47E+11
9/23/2010,2.53E+11
9/24/2010,3.63E+11
9/27/2010,3.68E+11
9/28/2010,3.68E+11
9/29/2010,3.79E+11
9/30/2010,3.74E+11
10/1/2010,3.76E+11
10/4/2010,3.81E+11
10/5/2010,3.77E+11
10/6/2010,3.62E+11
10/7/2010,3.52E+11
10/8/2010,3.61E+11
10/11/2010,3.59E+11
10/12/2010,3.59E+11
10/13/2010,3.57E+11
10/14/2010,3.65E+11
10/15/2010,3.6E+11
10/18/2010,3.61E+11
10/19/2010,3.47E+11
10/20/2010,3.45E+11
10/21/2010,3.34E+11
10/22/2010,3.35E+11
10/25/2010,3.4E+11
10/26/2010,3.57E+11
10/27/2010,3.61E+11
10/28/2010,3.61E+11
10/29/2010,3.57E+11
11/1/2010,3.65E+11
11/2/2010,3.63E+11
11/3/2010,3.69E+11
11/4/2010,3.79E+11
11/5/2010,3.76E+11
11/8/2010,3.8E+11
11/9/2010,3.74E+11
11/10/2010,3.75E+11
11/11/2010,3.69E+11
11/12/2010,3.57E+11
11/15/2010,3.57E+11
11/16/2010,3.5E+11
11/17/2010,3.52E+11
11/18/2010,3.57E+11
11/19/2010,3.56E+11
11/22/2010,3.46E+11
11/23/2010,3.41E+11
11/24/2010,3.49E+11
11/25/2010,3.44E+11
11/26/2010,3.4E+11
11/29/2010,3.43E+11
11/30/2010,3.41E+11
12/1/2010,3.51E+11
12/2/2010,3.52E+11
12/3/2010,3.57E+11
12/6/2010,3.59E+11
12/7/2010,3.5E+11
12/8/2010,3.46E+11
12/9/2010,3.51E+11
12/10/2010,3.55E+11
12/13/2010,3.59E+11
12/14/2010,3.57E+11
12/15/2010,3.5E+11
12/16/2010,3.5E+11
12/17/2010,3.58E+11
12/20/2010,3.54E+11
12/21/2010,3.56E+11
12/22/2010,3.56E+11
12/23/2010,3.57E+11
12/24/2010,3.57E+11
12/27/2010,3.6E+11
12/28/2010,3.7E+11
12/29/2010,3.75E+11
12/30/2010,3.8E+11
12/31/2010,3.8E+11
1/3/2011,3.77E+11
1/4/2011,3.74E+11
1/5/2011,3.8E+11
1/6/2011,3.78E+11
1/7/2011,3.73E+11
1/10/2011,3.76E+11
1/11/2011,3.79E+11
1/12/2011,3.91E+11
1/13/2011,3.8E+11
1/14/2011,3.83E+11
1/17/2011,3.81E+11
1/18/2011,3.86E+11
1/19/2011,3.77E+11
1/20/2011,3.77E+11
1/21/2011,3.74E+11
1/24/2011,3.75E+11
1/25/2011,3.75E+11
1/26/2011,3.7E+11
1/27/2011,3.71E+11
1/28/2011,3.68E+11
1/31/2011,3.75E+11
2/1/2011,3.83E+11
2/2/2011,3.86E+11
2/3/2011,3.92E+11
2/4/2011,3.85E+11
2/7/2011,3.8E+11
2/8/2011,3.74E+11
2/9/2011,3.63E+11
2/10/2011,3.66E+11
2/11/2011,3.68E+11
2/14/2011,3.74E+11
2/15/2011,3.79E+11
2/16/2011,3.83E+11
2/17/2011,3.81E+11
2/18/2011,3.84E+11
2/21/2011,3.84E+11
2/22/2011,3.9E+11
2/23/2011,4.07E+11
2/24/2011,4E+11
2/25/2011,4.05E+11
2/28/2011,4.03E+11
3/1/2011,3.98E+11
3/2/2011,4.09E+11
3/3/2011,4.09E+11
3/4/2011,4.13E+11
3/7/2011,4.13E+11
3/8/2011,4.13E+11
3/9/2011,4.04E+11
3/10/2011,3.96E+11
3/11/2011,3.98E+11
3/14/2011,4E+11
3/15/2011,3.96E+11
3/16/2011,3.92E+11
3/17/2011,3.97E+11
3/18/2011,3.94E+11
3/21/2011,3.98E+11
3/22/2011,4.01E+11
3/23/2011,4.06E+11
3/24/2011,4.03E+11
3/25/2011,4.06E+11
3/28/2011,4.01E+11
3/29/2011,4E+11
3/30/2011,4E+11
3/31/2011,4.02E+11
4/1/2011,4.07E+11
4/4/2011,4.04E+11
4/5/2011,4E+11
4/6/2011,3.97E+11
4/7/2011,3.92E+11
4/8/2011,3.91E+11
4/11/2011,3.85E+11
4/12/2011,3.72E+11
4/13/2011,3.65E+11
4/14/2011,3.6E+11
4/15/2011,3.69E+11
4/18/2011,3.55E+11
4/19/2011,3.58E+11
4/20/2011,3.67E+11
4/21/2011,3.67E+11
4/22/2011,3.67E+11
4/25/2011,3.65E+11
4/26/2011,3.65E+11
4/27/2011,3.6E+11
4/28/2011,3.57E+11
4/29/2011,3.58E+11
5/2/2011,3.58E+11
5/3/2011,3.54E+11
5/4/2011,3.53E+11
5/5/2011,3.42E+11
5/6/2011,3.38E+11
5/9/2011,3.44E+11
5/10/2011,3.45E+11
5/11/2011,3.37E+11
5/12/2011,3.32E+11
5/13/2011,3.28E+11
5/16/2011,3.35E+11
5/17/2011,3.41E+11
5/18/2011,3.36E+11
5/19/2011,3.3E+11
5/20/2011,3.35E+11
5/23/2011,3.31E+11
5/24/2011,3.33E+11
5/25/2011,3.34E+11
5/26/2011,3.38E+11
5/27/2011,3.39E+11
5/30/2011,3.36E+11
5/31/2011,3.35E+11
6/1/2011,3.34E+11
6/2/2011,3.32E+11
6/3/2011,3.29E+11
6/6/2011,3.22E+11
6/7/2011,3.19E+11
6/8/2011,3.22E+11
6/9/2011,3.28E+11
6/10/2011,3.28E+11
6/13/2011,3.22E+11
6/14/2011,3.27E+11
6/15/2011,3.23E+11
6/16/2011,3.23E+11
6/17/2011,3.21E+11
6/20/2011,3.19E+11
6/21/2011,3.22E+11
6/22/2011,3.22E+11
6/23/2011,3.22E+11
6/24/2011,3.16E+11
6/27/2011,3.19E+11
6/28/2011,3.24E+11
6/29/2011,3.23E+11
6/30/2011,3.28E+11
7/1/2011,3.29E+11
7/4/2011,3.29E+11
7/5/2011,3.26E+11
7/6/2011,3.25E+11
7/7/2011,3.26E+11
7/8/2011,3.24E+11
7/11/2011,3.19E+11
7/12/2011,3.19E+11
7/13/2011,3.23E+11
7/14/2011,3.17E+11
7/15/2011,3.18E+11
7/18/2011,3.15E+11
7/19/2011,3.13E+11
7/20/2011,3.1E+11
7/21/2011,3.18E+11
7/22/2011,3.18E+11
7/25/2011,3.26E+11
7/26/2011,3.29E+11
7/27/2011,3.28E+11
7/28/2011,3.26E+11
7/29/2011,3.26E+11
8/1/2011,3.26E+11
8/2/2011,3.2E+11
8/3/2011,3.09E+11
8/4/2011,2.87E+11
8/5/2011,2.81E+11
8/8/2011,2.59E+11
8/9/2011,2.66E+11
8/10/2011,2.74E+11
8/11/2011,2.81E+11
8/12/2011,2.81E+11
8/15/2011,2.91E+11
8/16/2011,2.88E+11
8/17/2011,2.89E+11
8/18/2011,2.79E+11
8/19/2011,2.73E+11
8/22/2011,2.7E+11
8/23/2011,2.77E+11
8/24/2011,2.79E+11
8/25/2011,2.74E+11
8/26/2011,2.74E+11
8/29/2011,2.83E+11
8/30/2011,2.83E+11
8/31/2011,2.87E+11
9/1/2011,2.9E+11
9/2/2011,2.81E+11
9/5/2011,2.76E+11
9/6/2011,2.82E+11
9/7/2011,2.82E+11
9/8/2011,2.85E+11
9/9/2011,2.77E+11
9/12/2011,2.8E+11
9/13/2011,2.8E+11
9/14/2011,2.83E+11
9/15/2011,2.84E+11
9/16/2011,2.84E+11
9/19/2011,2.87E+11
9/20/2011,2.84E+11
9/21/2011,2.84E+11
9/22/2011,2.69E+11
9/23/2011,2.64E+11
9/26/2011,2.72E+11
9/27/2011,2.69E+11
9/28/2011,2.66E+11
9/29/2011,2.66E+11
9/30/2011,2.63E+11
10/3/2011,2.52E+11
10/4/2011,2.54E+11
10/5/2011,2.49E+11
10/6/2011,2.59E+11
10/7/2011,2.51E+11
10/10/2011,2.6E+11
10/11/2011,2.62E+11
10/12/2011,2.62E+11
10/13/2011,2.65E+11
10/14/2011,2.69E+11
10/17/2011,2.64E+11
10/18/2011,2.66E+11
10/19/2011,2.64E+11
10/20/2011,2.58E+11
10/21/2011,2.64E+11
10/24/2011,2.71E+11
10/25/2011,2.73E+11
10/26/2011,2.75E+11
10/27/2011,2.87E+11
10/28/2011,2.94E+11
10/31/2011,2.91E+11
11/1/2011,2.88E+11
11/2/2011,2.88E+11
11/3/2011,2.99E+11
11/4/2011,3.02E+11
11/7/2011,3.1E+11
11/8/2011,3.07E+11
11/9/2011,2.93E+11
11/10/2011,2.95E+11
11/11/2011,3.01E+11
11/14/2011,3E+11
11/15/2011,3E+11
11/16/2011,3.03E+11
11/17/2011,2.95E+11
11/18/2011,2.98E+11
11/21/2011,2.97E+11
11/22/2011,2.96E+11
11/23/2011,2.94E+11
11/24/2011,2.96E+11
11/25/2011,2.87E+11
11/28/2011,2.95E+11
11/29/2011,2.93E+11
11/30/2011,3.03E+11
12/1/2011,3.1E+11
12/2/2011,3.1E+11
12/5/2011,3.16E+11
12/6/2011,3.2E+11
12/7/2011,3.19E+11
12/8/2011,3.07E+11
12/9/2011,3.13E+11
12/12/2011,3.05E+11
12/13/2011,3.05E+11
12/14/2011,2.96E+11
12/15/2011,2.92E+11
12/16/2011,2.89E+11
12/19/2011,2.87E+11
12/20/2011,3E+11
12/21/2011,2.97E+11
12/22/2011,3.01E+11
12/23/2011,3.02E+11
12/26/2011,3.01E+11
12/27/2011,3.01E+11
12/28/2011,2.9E+11
12/29/2011,2.92E+11
12/30/2011,2.92E+11
1/2/2012,2.94E+11
1/3/2012,3.04E+11
1/4/2012,3.06E+11
1/5/2012,3.04E+11
1/6/2012,3.04E+11
1/9/2012,3.09E+11
1/10/2012,3.13E+11
1/11/2012,3.13E+11
1/12/2012,3.17E+11
1/13/2012,3.18E+11
1/16/2012,3.26E+11
1/17/2012,3.25E+11
1/18/2012,3.33E+11
1/19/2012,3.32E+11
1/20/2012,3.32E+11
1/23/2012,3.44E+11
1/24/2012,3.49E+11
1/25/2012,3.49E+11
1/26/2012,3.42E+11
1/27/2012,3.38E+11
1/30/2012,3.37E+11
1/31/2012,3.38E+11
2/1/2012,3.42E+11
2/2/2012,3.37E+11
2/3/2012,3.38E+11
2/6/2012,3.42E+11
2/7/2012,3.5E+11
2/8/2012,3.48E+11
2/9/2012,3.48E+11
2/10/2012,3.2E+11
2/13/2012,3.3E+11
2/14/2012,3.15E+11
2/15/2012,3.13E+11
2/16/2012,3.23E+11
2/17/2012,3.23E+11
2/20/2012,3.23E+11
2/21/2012,3.23E+11
2/22/2012,3.23E+11
2/23/2012,3.23E+11
2/24/2012,3.3E+11
2/27/2012,3.27E+11
2/28/2012,3.27E+11
2/29/2012,3.27E+11
3/1/2012,3.34E+11
3/2/2012,3.4E+11
3/5/2012,3.3E+11
3/6/2012,3.18E+11
3/7/2012,3.21E+11
3/8/2012,3.22E+11
3/9/2012,3.18E+11
3/12/2012,3.15E+11
3/13/2012,3.28E+11
3/14/2012,3.31E+11
3/15/2012,3.22E+11
3/16/2012,3.24E+11
3/19/2012,3.25E+11
3/20/2012,3.21E+11
3/21/2012,3.19E+11
3/22/2012,3.14E+11
3/23/2012,3.15E+11
3/26/2012,3.22E+11
3/27/2012,3.17E+11
3/28/2012,3.11E+11
3/29/2012,3.1E+11
3/30/2012,3.12E+11
4/2/2012,3.11E+11
4/3/2012,3.02E+11
4/4/2012,2.93E+11
4/5/2012,2.95E+11
4/6/2012,2.95E+11
4/9/2012,2.89E+11
4/10/2012,2.84E+11
4/11/2012,2.86E+11
4/12/2012,2.95E+11
4/13/2012,2.88E+11
4/16/2012,2.87E+11
4/17/2012,2.87E+11
4/18/2012,2.91E+11
4/19/2012,2.86E+11
4/20/2012,2.87E+11
4/23/2012,2.84E+11
4/24/2012,2.84E+11
4/25/2012,2.83E+11
4/26/2012,2.85E+11
4/27/2012,2.82E+11
4/30/2012,2.86E+11
5/1/2012,2.86E+11
5/2/2012,2.95E+11
5/3/2012,2.86E+11
5/4/2012,2.74E+11
5/7/2012,2.75E+11
5/8/2012,2.71E+11
5/9/2012,2.69E+11
5/10/2012,2.66E+11
5/11/2012,2.61E+11
5/14/2012,2.53E+11
5/15/2012,2.47E+11
5/16/2012,2.57E+11
5/17/2012,2.46E+11
5/18/2012,2.54E+11
5/21/2012,2.72E+11
5/22/2012,2.63E+11
5/23/2012,2.57E+11
5/24/2012,2.5E+11
5/25/2012,2.48E+11
5/28/2012,2.5E+11
5/29/2012,2.52E+11
5/30/2012,2.46E+11
5/31/2012,2.55E+11
6/1/2012,2.52E+11
6/4/2012,2.56E+11
6/5/2012,2.51E+11
6/6/2012,2.56E+11
6/7/2012,2.56E+11
6/8/2012,2.53E+11
6/11/2012,2.46E+11
6/12/2012,2.47E+11
6/13/2012,2.52E+11
6/14/2012,2.42E+11
6/15/2012,2.46E+11
6/18/2012,2.51E+11
6/19/2012,2.62E+11
6/20/2012,2.66E+11
6/21/2012,2.57E+11
6/22/2012,2.6E+11
6/25/2012,2.37E+11
6/26/2012,2.39E+11
6/27/2012,2.35E+11
6/28/2012,2.35E+11
6/29/2012,2.43E+11
7/2/2012,2.44E+11
7/3/2012,2.53E+11
7/4/2012,2.52E+11
7/5/2012,2.61E+11
7/6/2012,2.56E+11
7/9/2012,2.56E+11
7/10/2012,2.44E+11
7/11/2012,2.46E+11
7/12/2012,2.47E+11
7/13/2012,2.6E+11
7/16/2012,2.57E+11
7/17/2012,2.56E+11
7/18/2012,2.56E+11
7/19/2012,2.61E+11
7/20/2012,2.54E+11
7/23/2012,2.51E+11
7/24/2012,2.49E+11
7/25/2012,2.52E+11
7/26/2012,2.55E+11
7/27/2012,2.68E+11
7/30/2012,2.7E+11
7/31/2012,2.58E+11
8/1/2012,2.63E+11
8/2/2012,2.6E+11
8/3/2012,2.66E+11
8/6/2012,2.66E+11
8/7/2012,2.7E+11
8/8/2012,2.83E+11
8/9/2012,2.82E+11
8/10/2012,2.82E+11
8/13/2012,2.81E+11
8/14/2012,2.79E+11
8/15/2012,2.82E+11
8/16/2012,2.87E+11
8/17/2012,2.88E+11
8/20/2012,2.88E+11
8/21/2012,2.84E+11
8/22/2012,2.87E+11
8/23/2012,2.84E+11
8/24/2012,2.82E+11
8/27/2012,2.85E+11
8/28/2012,2.84E+11
8/29/2012,2.82E+11
8/30/2012,2.79E+11
8/31/2012,2.75E+11
9/3/2012,2.75E+11
9/4/2012,2.71E+11
9/5/2012,2.74E+11
9/6/2012,2.8E+11
9/7/2012,2.8E+11
9/10/2012,2.83E+11
9/11/2012,2.89E+11
9/12/2012,2.93E+11
9/13/2012,3.06E+11
9/14/2012,3.12E+11
9/17/2012,3.1E+11
9/18/2012,3.09E+11
9/19/2012,3.01E+11
9/20/2012,3.04E+11
9/21/2012,3.02E+11
9/24/2012,3.05E+11
9/25/2012,3.02E+11
9/26/2012,3.03E+11
9/27/2012,3.03E+11
9/28/2012,2.99E+11
10/1/2012,3E+11
10/2/2012,3.02E+11
10/3/2012,2.98E+11
10/4/2012,2.99E+11
10/5/2012,2.97E+11
10/8/2012,2.99E+11
10/9/2012,2.96E+11
10/10/2012,2.95E+11
10/11/2012,3E+11
10/12/2012,3E+11
10/15/2012,3.04E+11
10/16/2012,3.04E+11
10/17/2012,3.01E+11
10/18/2012,3.01E+11
10/19/2012,2.96E+11
10/22/2012,2.94E+11
10/23/2012,2.89E+11
10/24/2012,2.86E+11
10/25/2012,2.89E+11
10/26/2012,2.94E+11
10/29/2012,2.84E+11
10/30/2012,2.87E+11
10/31/2012,2.77E+11
11/1/2012,2.78E+11
11/2/2012,2.78E+11
11/5/2012,2.83E+11
11/6/2012,2.88E+11
11/7/2012,2.82E+11
11/8/2012,2.74E+11
11/9/2012,2.76E+11
11/12/2012,2.71E+11
11/13/2012,2.72E+11
11/14/2012,2.63E+11
11/15/2012,2.63E+11
11/16/2012,2.53E+11
11/19/2012,2.54E+11
11/20/2012,2.54E+11
11/21/2012,2.47E+11
11/22/2012,2.48E+11
11/23/2012,2.55E+11
11/26/2012,2.5E+11
11/27/2012,2.46E+11
11/28/2012,2.47E+11
11/29/2012,2.53E+11
11/30/2012,2.47E+11
12/3/2012,2.51E+11
12/4/2012,2.48E+11
12/5/2012,2.5E+11
12/6/2012,2.46E+11
12/7/2012,2.52E+11
12/10/2012,2.58E+11
12/11/2012,2.63E+11
12/12/2012,2.6E+11
12/13/2012,2.57E+11
12/14/2012,2.66E+11
12/17/2012,2.62E+11
12/18/2012,2.65E+11
12/19/2012,2.75E+11
12/20/2012,2.76E+11
12/21/2012,2.71E+11
12/24/2012,2.71E+11
12/25/2012,2.71E+11
12/26/2012,2.63E+11
12/27/2012,2.54E+11
12/28/2012,2.55E+11
12/31/2012,2.55E+11
1/1/2013,2.55E+11
1/2/2013,2.58E+11
1/3/2013,2.67E+11
1/4/2013,2.69E+11
1/7/2013,2.64E+11
1/8/2013,2.57E+11
1/9/2013,2.59E+11
1/10/2013,2.61E+11
1/11/2013,2.62E+11
1/14/2013,2.62E+11
1/15/2013,2.61E+11
1/16/2013,2.61E+11
1/17/2013,2.6E+11
1/18/2013,2.58E+11
1/21/2013,2.55E+11
1/22/2013,2.58E+11
1/23/2013,2.57E+11
1/24/2013,2.58E+11
1/25/2013,2.58E+11
1/28/2013,2.54E+11
1/29/2013,2.51E+11
1/30/2013,2.39E+11
1/31/2013,2.37E+11
2/1/2013,2.42E+11
2/4/2013,2.36E+11
2/5/2013,2.25E+11
2/6/2013,2.21E+11
2/7/2013,2.18E+11
2/8/2013,2.18E+11
2/11/2013,2.18E+11
2/12/2013,2.18E+11
2/13/2013,2.18E+11
2/14/2013,2.17E+11
2/15/2013,2.16E+11
2/18/2013,2.19E+11
2/19/2013,2.2E+11
2/20/2013,2.14E+11
2/21/2013,2.1E+11
2/22/2013,2.08E+11
2/25/2013,2.06E+11
2/26/2013,2.03E+11
2/27/2013,2.04E+11
2/28/2013,2.01E+11
3/1/2013,2.04E+11
3/4/2013,1.98E+11
3/5/2013,1.99E+11
3/6/2013,2.23E+11
3/7/2013,2.34E+11
3/8/2013,2.27E+11
3/11/2013,2.34E+11
3/12/2013,2.31E+11
3/13/2013,2.31E+11
3/14/2013,2.38E+11
3/15/2013,2.39E+11
3/18/2013,2.39E+11
3/19/2013,2.37E+11
3/20/2013,2.34E+11
3/21/2013,2.3E+11
3/22/2013,2.31E+11
3/25/2013,2.3E+11
3/26/2013,2.3E+11
3/27/2013,2.29E+11
3/28/2013,2.28E+11
3/29/2013,2.28E+11
4/1/2013,2.24E+11
4/2/2013,2.19E+11
4/3/2013,2.24E+11
4/4/2013,2.2E+11
4/5/2013,2.21E+11
4/8/2013,2.17E+11
4/9/2013,2.27E+11
4/10/2013,2.3E+11
4/11/2013,2.24E+11
4/12/2013,2.23E+11
4/15/2013,2.13E+11
4/16/2013,2.18E+11
4/17/2013,2.11E+11
4/18/2013,2.2E+11
4/19/2013,2.28E+11
4/22/2013,2.33E+11
4/23/2013,2.38E+11
4/24/2013,2.43E+11
4/25/2013,2.41E+11
4/26/2013,2.42E+11
4/29/2013,2.57E+11
4/30/2013,2.55E+11
5/1/2013,2.55E+11
5/2/2013,2.57E+11
5/3/2013,2.53E+11
5/6/2013,2.59E+11
5/7/2013,2.61E+11
5/8/2013,2.57E+11
5/9/2013,2.57E+11
5/10/2013,2.55E+11
5/13/2013,2.48E+11
5/14/2013,2.49E+11
5/15/2013,2.5E+11
5/16/2013,2.51E+11
5/17/2013,2.54E+11
5/20/2013,2.57E+11
5/21/2013,2.58E+11
5/22/2013,2.52E+11
5/23/2013,2.5E+11
5/24/2013,2.51E+11
5/27/2013,2.5E+11
5/28/2013,2.53E+11
5/29/2013,2.51E+11
5/30/2013,2.51E+11
5/31/2013,2.54E+11
6/3/2013,2.55E+11
6/4/2013,2.53E+11
6/5/2013,2.44E+11
6/6/2013,2.44E+11
6/7/2013,2.37E+11
6/10/2013,2.38E+11
6/11/2013,2.32E+11
6/12/2013,2.26E+11
6/13/2013,2.34E+11
6/14/2013,2.24E+11
6/17/2013,2.26E+11
6/18/2013,2.22E+11
6/19/2013,2.16E+11
6/20/2013,2.15E+11
6/21/2013,2.06E+11
6/24/2013,1.99E+11
6/25/2013,1.99E+11
6/26/2013,2.01E+11
6/27/2013,2.03E+11
6/28/2013,2.01E+11
7/1/2013,2E+11
7/2/2013,1.91E+11
7/3/2013,1.96E+11
7/4/2013,1.98E+11
7/5/2013,1.87E+11
7/8/2013,1.85E+11
7/9/2013,1.85E+11
7/10/2013,1.88E+11
7/11/2013,1.99E+11
7/12/2013,1.95E+11
7/15/2013,1.97E+11
7/16/2013,2E+11
7/17/2013,2.04E+11
7/18/2013,2.06E+11
7/19/2013,2.04E+11
7/22/2013,2.09E+11
7/23/2013,2.12E+11
7/24/2013,2.11E+11
7/25/2013,2.15E+11
7/26/2013,2.16E+11
7/29/2013,2.12E+11
7/30/2013,2.07E+11
7/31/2013,2.06E+11
8/1/2013,2.15E+11
8/2/2013,2.13E+11
8/5/2013,2.11E+11
8/6/2013,2.05E+11
8/7/2013,2.05E+11
8/8/2013,2.11E+11
8/9/2013,2.15E+11
8/12/2013,2.1E+11
8/13/2013,2.1E+11
8/14/2013,2.15E+11
8/15/2013,2.27E+11
8/16/2013,2.28E+11
8/19/2013,2.26E+11
8/20/2013,2.17E+11
8/21/2013,2.2E+11
8/22/2013,2.32E+11
8/23/2013,2.34E+11
8/26/2013,2.29E+11
8/27/2013,2.21E+11
8/28/2013,2.16E+11
8/29/2013,2.14E+11
8/30/2013,2.13E+11
9/2/2013,2.15E+11
9/3/2013,2.12E+11
9/4/2013,2.15E+11
9/5/2013,2.22E+11
9/6/2013,2.25E+11
9/9/2013,2.31E+11
9/10/2013,2.33E+11
9/11/2013,2.32E+11
9/12/2013,2.25E+11
9/13/2013,2.29E+11
9/16/2013,2.33E+11
9/17/2013,2.35E+11
9/18/2013,2.39E+11
9/19/2013,2.41E+11
9/20/2013,2.38E+11
9/23/2013,2.38E+11
9/24/2013,2.35E+11
9/25/2013,2.35E+11
9/26/2013,2.34E+11
9/27/2013,2.33E+11
9/30/2013,2.29E+11
10/1/2013,2.34E+11
10/2/2013,2.34E+11
10/3/2013,2.32E+11
10/4/2013,2.34E+11
10/7/2013,2.33E+11
10/8/2013,2.28E+11
10/9/2013,2.26E+11
10/10/2013,2.28E+11
10/11/2013,2.28E+11
10/14/2013,2.29E+11
10/15/2013,2.31E+11
10/16/2013,2.29E+11
10/17/2013,2.29E+11
10/18/2013,2.26E+11
10/21/2013,2.37E+11
10/22/2013,2.33E+11
10/23/2013,2.3E+11
10/24/2013,2.29E+11
10/25/2013,2.32E+11
10/28/2013,2.53E+11
10/29/2013,2.51E+11
10/30/2013,2.53E+11
10/31/2013,2.6E+11
11/1/2013,2.53E+11
11/4/2013,2.58E+11
11/5/2013,2.58E+11
11/6/2013,2.6E+11
11/7/2013,2.55E+11
11/8/2013,2.5E+11
11/11/2013,2.56E+11
11/12/2013,2.48E+11
11/13/2013,2.54E+11
11/14/2013,2.6E+11
11/15/2013,2.6E+11
11/18/2013,2.71E+11
11/19/2013,2.67E+11
11/20/2013,2.67E+11
11/21/2013,2.66E+11
11/22/2013,2.63E+11
11/25/2013,2.59E+11
11/26/2013,2.42E+11
11/27/2013,2.42E+11
11/28/2013,2.36E+11
11/29/2013,2.43E+11
12/2/2013,2.19E+11
12/3/2013,2.21E+11
12/4/2013,2.2E+11
12/5/2013,2.22E+11
12/6/2013,2.17E+11
12/9/2013,2.16E+11
12/10/2013,2.17E+11
12/11/2013,2.11E+11
12/12/2013,2.11E+11
12/13/2013,2.13E+11
12/16/2013,2.17E+11
12/17/2013,2.1E+11
12/18/2013,2.11E+11
12/19/2013,2.16E+11
12/20/2013,2.12E+11
12/23/2013,2.14E+11
12/24/2013,2.14E+11
12/25/2013,2.14E+11
12/26/2013,2.12E+11
12/27/2013,2.13E+11
12/30/2013,2.15E+11
12/31/2013,2.15E+11
1/1/2014,2.15E+11
1/2/2014,2.12E+11
1/3/2014,2.06E+11
1/6/2014,2.1E+11
1/7/2014,2.04E+11
1/8/2014,2.04E+11
1/9/2014,1.98E+11
1/10/2014,2.01E+11
1/13/2014,1.98E+11
1/14/2014,1.97E+11
1/15/2014,2.02E+11
1/16/2014,1.97E+11
1/17/2014,1.96E+11
1/20/2014,1.91E+11
1/21/2014,1.93E+11
1/22/2014,1.99E+11
1/23/2014,1.94E+11
1/24/2014,1.89E+11
1/27/2014,1.89E+11
1/28/2014,1.89E+11
1/29/2014,1.85E+11
1/30/2014,1.84E+11
1/31/2014,1.85E+11
2/3/2014,1.75E+11
2/4/2014,1.78E+11
2/5/2014,1.74E+11
2/6/2014,1.79E+11
2/7/2014,1.82E+11
2/10/2014,1.83E+11
2/11/2014,1.88E+11
2/12/2014,1.88E+11
2/13/2014,1.84E+11
2/14/2014,1.84E+11
2/17/2014,1.81E+11
2/18/2014,1.78E+11
2/19/2014,1.79E+11
2/20/2014,1.79E+11
2/21/2014,1.79E+11
2/24/2014,1.83E+11
2/25/2014,1.78E+11
2/26/2014,1.73E+11
2/27/2014,1.78E+11
2/28/2014,1.73E+11
3/3/2014,1.73E+11
3/4/2014,1.73E+11
3/5/2014,1.69E+11
3/6/2014,1.71E+11
3/7/2014,1.69E+11
3/10/2014,1.66E+11
3/11/2014,1.66E+11
3/12/2014,1.68E+11
3/13/2014,1.66E+11
3/14/2014,1.62E+11
3/17/2014,1.6E+11
3/18/2014,1.65E+11
3/19/2014,1.7E+11
3/20/2014,1.78E+11
3/21/2014,1.79E+11
3/24/2014,1.84E+11
3/25/2014,1.86E+11
3/26/2014,1.83E+11
3/27/2014,1.98E+11
3/28/2014,1.99E+11
3/31/2014,2E+11
4/1/2014,2.01E+11
4/2/2014,2.09E+11
4/3/2014,1.98E+11
4/4/2014,1.97E+11
4/7/2014,2.1E+11
4/8/2014,2.04E+11
4/9/2014,2.02E+11
4/10/2014,2.01E+11
4/11/2014,2.07E+11
4/14/2014,2.04E+11
4/15/2014,1.96E+11
4/16/2014,2.01E+11
4/17/2014,2.08E+11
4/18/2014,2.08E+11
4/21/2014,2.08E+11
4/22/2014,2.03E+11
4/23/2014,2.03E+11
4/24/2014,2.04E+11
4/25/2014,2.02E+11
4/28/2014,2.09E+11
4/29/2014,2.11E+11
4/30/2014,2.09E+11
5/1/2014,2.09E+11
5/2/2014,2.19E+11
5/5/2014,2.2E+11
5/6/2014,2.29E+11
5/7/2014,2.34E+11
5/8/2014,2.25E+11
5/9/2014,2.23E+11
5/12/2014,2.28E+11
5/13/2014,2.27E+11
5/14/2014,2.31E+11
5/15/2014,2.28E+11
5/16/2014,2.27E+11
5/19/2014,2.26E+11
5/20/2014,2.18E+11
5/21/2014,2.2E+11
5/22/2014,2.22E+11
5/23/2014,2.23E+11
5/26/2014,2.25E+11
5/27/2014,2.2E+11
5/28/2014,2.22E+11
5/29/2014,2.18E+11
5/30/2014,2.11E+11
6/2/2014,2.1E+11
6/3/2014,2.13E+11
6/4/2014,2.1E+11
6/5/2014,2.07E+11
6/6/2014,2.23E+11
6/9/2014,2.27E+11
6/10/2014,2.31E+11
6/11/2014,2.37E+11
6/12/2014,2.37E+11
6/13/2014,2.39E+11
6/16/2014,2.36E+11
6/17/2014,2.31E+11
6/18/2014,2.4E+11
6/19/2014,2.4E+11
6/20/2014,2.35E+11
6/23/2014,2.31E+11
6/24/2014,2.24E+11
6/25/2014,2.18E+11
6/26/2014,2.18E+11
6/27/2014,2.16E+11
6/30/2014,2.18E+11
7/1/2014,2.16E+11
7/2/2014,2.16E+11
7/3/2014,2.2E+11
7/4/2014,2.2E+11
7/7/2014,2.17E+11
7/8/2014,2.17E+11
7/9/2014,2.17E+11
7/10/2014,2.28E+11
7/11/2014,2.29E+11
7/14/2014,2.38E+11
7/15/2014,2.4E+11
7/16/2014,2.41E+11
7/17/2014,2.45E+11
7/18/2014,2.58E+11
7/21/2014,2.62E+11
7/22/2014,2.63E+11
7/23/2014,2.55E+11
7/24/2014,2.55E+11
7/25/2014,2.58E+11
7/28/2014,2.54E+11
7/29/2014,2.47E+11
7/30/2014,2.5E+11
7/31/2014,2.41E+11
8/1/2014,2.39E+11
8/4/2014,2.45E+11
8/5/2014,2.47E+11
8/6/2014,2.55E+11
8/7/2014,2.53E+11
8/8/2014,2.43E+11
8/11/2014,2.53E+11
8/12/2014,2.48E+11
8/13/2014,2.35E+11
8/14/2014,2.34E+11
8/15/2014,2.53E+11
8/18/2014,2.56E+11
8/19/2014,2.64E+11
8/20/2014,2.69E+11
8/21/2014,2.69E+11
8/22/2014,2.64E+11
8/25/2014,2.78E+11
8/26/2014,2.76E+11
8/27/2014,2.89E+11
8/28/2014,2.87E+11
8/29/2014,2.96E+11
9/1/2014,3.01E+11
9/2/2014,3.11E+11
9/3/2014,3.04E+11
9/4/2014,2.89E+11
9/5/2014,2.9E+11
9/8/2014,2.76E+11
9/9/2014,2.72E+11
9/10/2014,2.65E+11
9/11/2014,2.69E+11
9/12/2014,2.55E+11
9/15/2014,2.6E+11
9/16/2014,2.72E+11
9/17/2014,2.79E+11
9/18/2014,2.7E+11
9/19/2014,2.65E+11
9/22/2014,2.6E+11
9/23/2014,2.55E+11
9/24/2014,2.55E+11
9/25/2014,2.51E+11
9/26/2014,2.65E+11
9/29/2014,2.36E+11
9/30/2014,2.3E+11
10/1/2014,2.18E+11
10/2/2014,2.2E+11
10/3/2014,2.33E+11
10/6/2014,2.57E+11
10/7/2014,2.67E+11
10/8/2014,2.63E+11
10/9/2014,2.67E+11
10/10/2014,2.53E+11
10/13/2014,2.78E+11
10/14/2014,2.73E+11
10/15/2014,2.54E+11
10/16/2014,2.36E+11
10/17/2014,2.42E+11
10/20/2014,2.28E+11
10/21/2014,2.14E+11
10/22/2014,2.13E+11
10/23/2014,1.98E+11
10/24/2014,2.08E+11
10/27/2014,1.84E+11
10/28/2014,1.92E+11
10/29/2014,1.79E+11
10/30/2014,1.83E+11
10/31/2014,1.95E+11
11/3/2014,1.89E+11
11/4/2014,1.89E+11
11/5/2014,1.84E+11
11/6/2014,1.8E+11
11/7/2014,1.82E+11
11/10/2014,1.78E+11
11/11/2014,1.79E+11
11/12/2014,1.8E+11
11/13/2014,1.74E+11
11/14/2014,1.69E+11
11/17/2014,1.61E+11
11/18/2014,1.59E+11
11/19/2014,1.63E+11
11/20/2014,1.63E+11
11/21/2014,1.82E+11
11/24/2014,1.8E+11
11/25/2014,1.78E+11
11/26/2014,1.78E+11
11/27/2014,1.7E+11
11/28/2014,1.62E+11
12/1/2014,1.55E+11
12/2/2014,1.53E+11
12/3/2014,1.61E+11
12/4/2014,1.54E+11
12/5/2014,1.54E+11
12/8/2014,1.44E+11
12/9/2014,1.42E+11
12/10/2014,1.36E+11
12/11/2014,1.35E+11
12/12/2014,1.27E+11
12/15/2014,1.15E+11
12/16/2014,1.17E+11
12/17/2014,1.21E+11
12/18/2014,1.2E+11
12/19/2014,1.25E+11
12/22/2014,1.32E+11
12/23/2014,1.4E+11
12/24/2014,1.4E+11
12/25/2014,1.4E+11
12/26/2014,1.31E+11
12/29/2014,1.31E+11
12/30/2014,1.28E+11
12/31/2014,1.28E+11
1/1/2015,1.28E+11
1/2/2015,1.19E+11
1/5/2015,1.1E+11
1/6/2015,1.07E+11
1/7/2015,1.11E+11
1/8/2015,1.19E+11
1/9/2015,1.22E+11
1/12/2015,1.15E+11
1/13/2015,1.16E+11
1/14/2015,1.12E+11
1/15/2015,1.21E+11
1/16/2015,1.22E+11
1/19/2015,1.18E+11
1/20/2015,1.18E+11
1/21/2015,1.25E+11
1/22/2015,1.3E+11
1/23/2015,1.27E+11
1/26/2015,1.27E+11
1/27/2015,1.29E+11
1/28/2015,1.15E+11
1/29/2015,1.12E+11
1/30/2015,1.06E+11
2/2/2015,1.12E+11
2/3/2015,1.29E+11
2/4/2015,1.3E+11
2/5/2015,1.27E+11
2/6/2015,1.18E+11
2/9/2015,1.2E+11
2/10/2015,1.16E+11
2/11/2015,1.16E+11
2/12/2015,1.23E+11
2/13/2015,1.29E+11
2/16/2015,1.29E+11
2/17/2015,1.29E+11
2/18/2015,1.31E+11
2/19/2015,1.26E+11
2/20/2015,1.25E+11
2/23/2015,1.23E+11
2/24/2015,1.28E+11
2/25/2015,1.22E+11
2/26/2015,1.2E+11
2/27/2015,1.24E+11
3/2/2015,1.22E+11
3/3/2015,1.25E+11
3/4/2015,1.2E+11
3/5/2015,1.21E+11
3/6/2015,1.19E+11
3/9/2015,1.15E+11
3/10/2015,1.1E+11
3/11/2015,1.12E+11
3/12/2015,1.09E+11
3/13/2015,1.07E+11
3/16/2015,1.09E+11
3/17/2015,1.15E+11
3/18/2015,1.2E+11
3/19/2015,1.15E+11
3/20/2015,1.21E+11
3/23/2015,1.21E+11
3/24/2015,1.21E+11
3/25/2015,1.27E+11
3/26/2015,1.21E+11
3/27/2015,1.21E+11
3/30/2015,1.26E+11
3/31/2015,1.26E+11
4/1/2015,1.32E+11
4/2/2015,1.39E+11
4/3/2015,1.39E+11
4/6/2015,1.39E+11
4/7/2015,1.42E+11
4/8/2015,1.38E+11
4/9/2015,1.51E+11
4/10/2015,1.54E+11
4/13/2015,1.61E+11
4/14/2015,1.63E+11
4/15/2015,1.75E+11
4/16/2015,1.71E+11
4/17/2015,1.72E+11
4/20/2015,1.72E+11
4/21/2015,1.72E+11
4/22/2015,1.73E+11
4/23/2015,1.77E+11
4/24/2015,1.84E+11
4/27/2015,1.72E+11
4/28/2015,1.73E+11
4/29/2015,1.74E+11
4/30/2015,1.79E+11
5/1/2015,1.79E+11
5/4/2015,1.89E+11
5/5/2015,1.97E+11
5/6/2015,1.87E+11
5/7/2015,1.86E+11
5/8/2015,1.84E+11
5/11/2015,1.86E+11
5/12/2015,1.87E+11
5/13/2015,1.89E+11
5/14/2015,1.88E+11
5/15/2015,1.91E+11
5/18/2015,1.86E+11
5/19/2015,1.75E+11
5/20/2015,1.74E+11
5/21/2015,1.83E+11
5/22/2015,1.78E+11
5/25/2015,1.75E+11
5/26/2015,1.69E+11
5/27/2015,1.71E+11
5/28/2015,1.72E+11
5/29/2015,1.68E+11
6/1/2015,1.68E+11
6/2/2015,1.75E+11
6/3/2015,1.75E+11
6/4/2015,1.75E+11
6/5/2015,1.71E+11
6/8/2015,1.71E+11
6/9/2015,1.77E+11
6/10/2015,1.78E+11
6/11/2015,1.78E+11
6/12/2015,1.78E+11
6/15/2015,1.78E+11
6/16/2015,1.84E+11
6/17/2015,1.82E+11
6/18/2015,1.85E+11
6/19/2015,1.82E+11
6/22/2015,1.82E+11
6/23/2015,1.79E+11
6/24/2015,1.83E+11
6/25/2015,1.75E+11
6/26/2015,1.83E+11
6/29/2015,1.76E+11
6/30/2015,1.76E+11
7/1/2015,1.69E+11
7/2/2015,1.7E+11
7/3/2015,1.62E+11
7/6/2015,1.6E+11
7/7/2015,1.64E+11
7/8/2015,1.61E+11
7/9/2015,1.61E+11
7/10/2015,1.65E+11
7/13/2015,1.65E+11
7/14/2015,1.68E+11
7/15/2015,1.64E+11
7/16/2015,1.66E+11
7/17/2015,1.58E+11
7/20/2015,1.49E+11
7/21/2015,1.49E+11
7/22/2015,1.43E+11
7/23/2015,1.41E+11
7/24/2015,1.39E+11
7/27/2015,1.31E+11
7/28/2015,1.38E+11
7/29/2015,1.48E+11
7/30/2015,1.44E+11
7/31/2015,1.45E+11
8/3/2015,1.38E+11
8/4/2015,1.4E+11
8/5/2015,1.38E+11
8/6/2015,1.43E+11
8/7/2015,1.33E+11
8/10/2015,1.38E+11
8/11/2015,1.37E+11
8/12/2015,1.37E+11
8/13/2015,1.32E+11
8/14/2015,1.29E+11
8/17/2015,1.27E+11
8/18/2015,1.25E+11
8/19/2015,1.22E+11
8/20/2015,1.21E+11
8/21/2015,1.15E+11
8/24/2015,1.08E+11
8/25/2015,1.1E+11
8/26/2015,1.13E+11
8/27/2015,1.25E+11
8/28/2015,1.27E+11
8/31/2015,1.31E+11
9/1/2015,1.22E+11
9/2/2015,1.25E+11
9/3/2015,1.25E+11
9/4/2015,1.21E+11
9/7/2015,1.21E+11
9/8/2015,1.23E+11
9/9/2015,1.19E+11
9/10/2015,1.14E+11
9/11/2015,1.08E+11
9/14/2015,1.09E+11
9/15/2015,1.08E+11
9/16/2015,1.16E+11
9/17/2015,1.13E+11
9/18/2015,1.09E+11
9/21/2015,1.05E+11
9/22/2015,1.01E+11
9/23/2015,9.97E+10
9/24/2015,1.01E+11
9/25/2015,9.83E+10
9/28/2015,9.32E+10
9/29/2015,9.53E+10
9/30/2015,1.04E+11
10/1/2015,1.02E+11
10/2/2015,1.12E+11
10/5/2015,1.14E+11
10/6/2015,1.19E+11
10/7/2015,1.25E+11
10/8/2015,1.29E+11
10/9/2015,1.29E+11
10/12/2015,1.29E+11
10/13/2015,1.19E+11
10/14/2015,1.16E+11
10/15/2015,1.17E+11
10/16/2015,1.17E+11
10/19/2015,1.17E+11
10/20/2015,1.18E+11
10/21/2015,1.14E+11
10/22/2015,1.18E+11
10/23/2015,1.17E+11
10/26/2015,1.15E+11
10/27/2015,1.11E+11
10/28/2015,1.13E+11
10/29/2015,1.12E+11
10/30/2015,1.13E+11
11/2/2015,1.13E+11
11/3/2015,1.26E+11
11/4/2015,1.19E+11
11/5/2015,1.19E+11
11/6/2015,1.15E+11
11/9/2015,1.12E+11
11/10/2015,1.11E+11
11/11/2015,1.12E+11
11/12/2015,1.1E+11
11/13/2015,1.06E+11
11/16/2015,1.13E+11
11/17/2015,1.14E+11
11/18/2015,1.15E+11
11/19/2015,1.15E+11
11/20/2015,1.15E+11
11/23/2015,1.19E+11
11/24/2015,1.25E+11
11/25/2015,1.16E+11
11/26/2015,1.17E+11
11/27/2015,1.12E+11
11/30/2015,1.13E+11
12/1/2015,1.11E+11
12/2/2015,1.13E+11
12/3/2015,1.18E+11
12/4/2015,1.1E+11
12/7/2015,1.05E+11
12/8/2015,1.04E+11
12/9/2015,1.13E+11
12/10/2015,1.1E+11
12/11/2015,1.06E+11
12/14/2015,1.06E+11
12/15/2015,1.09E+11
12/16/2015,1.07E+11
12/17/2015,1.06E+11
12/18/2015,1.04E+11
12/21/2015,9.9E+10
12/22/2015,1.02E+11
12/23/2015,1.05E+11
12/24/2015,1.05E+11
12/25/2015,1.05E+11
12/28/2015,1.02E+11
12/29/2015,1.01E+11
12/30/2015,1.01E+11
12/31/2015,1.01E+11
1/1/2016,1.01E+11
1/4/2016,1.03E+11
1/5/2016,1E+11
1/6/2016,9.58E+10
1/7/2016,9.33E+10
1/8/2016,9.36E+10
1/11/2016,9.05E+10
1/12/2016,8.31E+10
1/13/2016,8.01E+10
1/14/2016,8.57E+10
1/15/2016,7.89E+10
1/18/2016,7.38E+10
1/19/2016,7.19E+10
1/20/2016,6.9E+10
1/21/2016,7.2E+10
1/22/2016,7.09E+10
1/25/2016,7.09E+10
1/26/2016,6.79E+10
1/27/2016,7.43E+10
1/28/2016,7.43E+10
1/29/2016,7.87E+10
2/1/2016,7.54E+10
2/2/2016,6.89E+10
2/3/2016,7.11E+10
2/4/2016,7.61E+10
2/5/2016,7.3E+10
2/8/2016,7.3E+10
2/9/2016,7.3E+10
2/10/2016,6.97E+10
2/11/2016,6.77E+10
2/12/2016,7.19E+10
2/15/2016,7.32E+10
2/16/2016,7.17E+10
