12/31/1999,6909571
1/3/2000,6909571
1/4/2000,6909571
1/5/2000,6909571
1/6/2000,6909571
1/7/2000,6909571
1/10/2000,6909571
1/11/2000,6909571
1/12/2000,6909571
1/13/2000,6909571
1/14/2000,6909571
1/17/2000,6909571
1/18/2000,6909571
1/19/2000,6909571
1/20/2000,6909571
1/21/2000,6909571
1/24/2000,6909571
1/25/2000,6909571
1/26/2000,6909571
1/27/2000,6909571
1/28/2000,6909571
1/31/2000,6909571
2/1/2000,6909571
2/2/2000,6909571
2/3/2000,6909571
2/4/2000,6909571
2/7/2000,6909571
2/8/2000,6909571
2/9/2000,6909571
2/10/2000,6909571
2/11/2000,6909571
2/14/2000,6909571
2/15/2000,6909571
2/16/2000,6909571
2/17/2000,6909571
2/18/2000,6909571
2/21/2000,6909571
2/22/2000,6909571
2/23/2000,6909571
2/24/2000,6909571
2/25/2000,6909571
2/28/2000,6909571
2/29/2000,6909571
3/1/2000,6909571
3/2/2000,6909571
3/3/2000,6909571
3/6/2000,6909571
3/7/2000,6909571
3/8/2000,6909571
3/9/2000,6909571
3/10/2000,6909571
3/13/2000,6909571
3/14/2000,6909571
3/15/2000,6909571
3/16/2000,6909571
3/17/2000,6909571
3/20/2000,6909571
3/21/2000,6909571
3/22/2000,6909571
3/23/2000,6909571
3/24/2000,6909571
3/27/2000,6909571
3/28/2000,6909571
3/29/2000,6909571
3/30/2000,6909571
3/31/2000,6907611
4/3/2000,6907611
4/4/2000,6907611
4/5/2000,7058551
4/6/2000,7058551
4/7/2000,7058551
4/10/2000,7058551
4/11/2000,7058551
4/12/2000,7058551
4/13/2000,7058551
4/14/2000,7058551
4/17/2000,7058551
4/18/2000,7058551
4/19/2000,7058551
4/20/2000,7058551
4/21/2000,7058551
4/24/2000,7058551
4/25/2000,7058551
4/26/2000,7058551
4/27/2000,7058551
4/28/2000,7058551
5/1/2000,7058550
5/2/2000,7058550
5/3/2000,7058550
5/4/2000,7058550
5/5/2000,7058550
5/8/2000,7058550
5/9/2000,7058550
5/10/2000,7058550
5/11/2000,7058550
5/12/2000,7058550
5/15/2000,7058550
5/16/2000,7058550
5/17/2000,7058550
5/18/2000,7058550
5/19/2000,7058550
5/22/2000,7058550
5/23/2000,7058550
5/24/2000,7058550
5/25/2000,7058550
5/26/2000,7058550
5/29/2000,7058550
5/30/2000,7058550
5/31/2000,7058550
6/1/2000,7058550
6/2/2000,7058550
6/5/2000,7058550
6/6/2000,7058550
6/7/2000,7058550
6/8/2000,7058550
6/9/2000,7058550
6/12/2000,7058550
6/13/2000,7058550
6/14/2000,7058550
6/15/2000,7058550
6/16/2000,7058550
6/19/2000,7058550
6/20/2000,7058550
6/21/2000,7058550
6/22/2000,7058550
6/23/2000,7058550
6/26/2000,7058550
6/27/2000,7058550
6/28/2000,7058550
6/29/2000,7058550
6/30/2000,7058550
7/3/2000,7058550
7/4/2000,7058550
7/5/2000,7058550
7/6/2000,7058550
7/7/2000,7058550
7/10/2000,7058550
7/11/2000,7058550
7/12/2000,7058550
7/13/2000,7058550
7/14/2000,7058550
7/17/2000,7083545
7/18/2000,7083545
7/19/2000,7083545
7/20/2000,7083545
7/21/2000,7083545
7/24/2000,7083545
7/25/2000,7083545
7/26/2000,7083545
7/27/2000,7083545
7/28/2000,7083545
7/31/2000,7083545
8/1/2000,7083545
8/2/2000,7083545
8/3/2000,7083545
8/4/2000,7083545
8/7/2000,7083545
8/8/2000,7083545
8/9/2000,7083545
8/10/2000,7083545
8/11/2000,7083545
8/14/2000,7083545
8/15/2000,7083545
8/16/2000,7083545
8/17/2000,7083545
8/18/2000,7083545
8/21/2000,7083545
8/22/2000,7083545
8/23/2000,7083545
8/24/2000,7083545
8/25/2000,7083545
8/28/2000,7083545
8/29/2000,7083545
8/30/2000,7083545
8/31/2000,7083545
9/1/2000,7083545
9/4/2000,7083545
9/5/2000,7083545
9/6/2000,7083545
9/7/2000,7083545
9/8/2000,7083545
9/11/2000,7083545
9/12/2000,7083545
9/13/2000,7083545
9/14/2000,7083545
9/15/2000,7718471
9/18/2000,7718471
9/19/2000,7718471
9/20/2000,7718471
9/21/2000,7718471
9/22/2000,7718471
9/25/2000,7718471
9/26/2000,7718471
9/27/2000,7718471
9/28/2000,7718471
9/29/2000,7718471
10/2/2000,7729216
10/3/2000,7729216
10/4/2000,7729216
10/5/2000,7729216
10/6/2000,7729216
10/9/2000,7729216
10/10/2000,7729216
10/11/2000,7729216
10/12/2000,7729216
10/13/2000,7729216
10/16/2000,7729216
10/17/2000,7729216
10/18/2000,7729216
10/19/2000,7729216
10/20/2000,7729216
10/23/2000,38646080
10/24/2000,38646080
10/25/2000,38646080
10/26/2000,38646080
10/27/2000,38646080
10/30/2000,38646080
10/31/2000,38646080
11/1/2000,38646080
11/2/2000,38646080
11/3/2000,38646080
11/6/2000,38646080
11/7/2000,38646080
11/8/2000,38646080
11/9/2000,38646080
11/10/2000,38646080
11/13/2000,38646080
11/14/2000,38646080
11/15/2000,38646080
11/16/2000,38646080
11/17/2000,38646080
11/20/2000,38646080
11/21/2000,38646080
11/22/2000,38646080
11/23/2000,38646080
11/24/2000,38646080
11/27/2000,38646080
11/28/2000,38646080
11/29/2000,38646080
11/30/2000,38646080
12/1/2000,38646080
12/4/2000,38646080
12/5/2000,38646080
12/6/2000,38646080
12/7/2000,38646080
12/8/2000,38646080
12/11/2000,38646080
12/12/2000,38646080
12/13/2000,38646080
12/14/2000,38646080
12/15/2000,38646080
12/18/2000,38646080
12/19/2000,38646080
12/20/2000,38646080
12/21/2000,38646080
12/22/2000,38646080
12/25/2000,38646080
12/26/2000,38646080
12/27/2000,38646080
12/28/2000,38646080
12/29/2000,38646080
1/1/2001,38646080
1/2/2001,38646080
1/3/2001,38646080
1/4/2001,38646080
1/5/2001,38646080
1/8/2001,38646080
1/9/2001,38646080
1/10/2001,38646080
1/11/2001,38646080
1/12/2001,38646080
1/15/2001,38646080
1/16/2001,38646080
1/17/2001,38646080
1/18/2001,38646080
1/19/2001,38646080
1/22/2001,38646080
1/23/2001,38646080
1/24/2001,38646080
1/25/2001,38646080
1/26/2001,38646080
1/29/2001,38646080
1/30/2001,38646080
1/31/2001,38646080
2/1/2001,38646080
2/2/2001,38646080
2/5/2001,38646080
2/6/2001,38646080
2/7/2001,38646080
2/8/2001,38646080
2/9/2001,38646080
2/12/2001,38646080
2/13/2001,38646080
2/14/2001,38646080
2/15/2001,38646080
2/16/2001,38646080
2/19/2001,38646080
2/20/2001,38646080
2/21/2001,38646080
2/22/2001,38646080
2/23/2001,38646080
2/26/2001,38646080
2/27/2001,38646080
2/28/2001,38646080
3/1/2001,38646080
3/2/2001,38646080
3/5/2001,38646080
3/6/2001,38646080
3/7/2001,38646080
3/8/2001,38646080
3/9/2001,38646080
3/12/2001,38646080
3/13/2001,38646080
3/14/2001,38646080
3/15/2001,38646080
3/16/2001,38646080
3/19/2001,38646080
3/20/2001,38646080
3/21/2001,38646080
3/22/2001,38646080
3/23/2001,38646080
3/26/2001,38646080
3/27/2001,38646080
3/28/2001,38646080
3/29/2001,38646080
3/30/2001,38646080
4/2/2001,38939099
4/3/2001,38939099
4/4/2001,38939099
4/5/2001,38939099
4/6/2001,38939099
4/9/2001,38939099
4/10/2001,38939099
4/11/2001,38939099
4/12/2001,38939099
4/13/2001,38939099
4/16/2001,38939099
4/17/2001,38939099
4/18/2001,38939099
4/19/2001,38939099
4/20/2001,38939099
4/23/2001,38939099
4/24/2001,38939099
4/25/2001,38939099
4/26/2001,38939099
4/27/2001,38939099
4/30/2001,38939099
5/1/2001,38939099
5/2/2001,38939099
5/3/2001,38939099
5/4/2001,38939099
5/7/2001,38939099
5/8/2001,38939099
5/9/2001,38939099
5/10/2001,38939099
5/11/2001,38939099
5/14/2001,38939099
5/15/2001,38939099
5/16/2001,38939099
5/17/2001,38939099
5/18/2001,38939099
5/21/2001,38939099
5/22/2001,38939099
5/23/2001,38939099
5/24/2001,38939099
5/25/2001,38939099
5/28/2001,38939099
5/29/2001,38939099
5/30/2001,38939099
5/31/2001,38939099
6/1/2001,38939099
6/4/2001,38939099
6/5/2001,38939099
6/6/2001,38939099
6/7/2001,38939099
6/8/2001,38939099
6/11/2001,38939099
6/12/2001,38939099
6/13/2001,38939099
6/14/2001,38939099
6/15/2001,38939099
6/18/2001,38939099
6/19/2001,38939099
6/20/2001,38939099
6/21/2001,38939099
6/22/2001,38939099
6/25/2001,38939099
6/26/2001,38939099
6/27/2001,38939099
6/28/2001,38939099
6/29/2001,38939099
7/2/2001,38760787
7/3/2001,38760787
7/4/2001,38760787
7/5/2001,38760787
7/6/2001,38760787
7/9/2001,38760787
7/10/2001,38760787
7/11/2001,38760787
7/12/2001,38760787
7/13/2001,38760787
7/16/2001,38760787
7/17/2001,38760787
7/18/2001,38760787
7/19/2001,38760787
7/20/2001,38760787
7/23/2001,38760787
7/24/2001,38760787
7/25/2001,38760787
7/26/2001,38760787
7/27/2001,38760787
7/30/2001,38760787
7/31/2001,38760787
8/1/2001,38760787
8/2/2001,38760787
8/3/2001,38760787
8/6/2001,38760787
8/7/2001,38760787
8/8/2001,38760787
8/9/2001,38760787
8/10/2001,38760787
8/13/2001,38760787
8/14/2001,38760787
8/15/2001,38760787
8/16/2001,38760787
8/17/2001,38760787
8/20/2001,38760787
8/21/2001,38760787
8/22/2001,38760787
8/23/2001,38760787
8/24/2001,38760787
8/27/2001,38760787
8/28/2001,38760787
8/29/2001,38760787
8/30/2001,38760787
8/31/2001,38760787
9/3/2001,38760787
9/4/2001,38760787
9/5/2001,38760787
9/6/2001,38760787
9/7/2001,38760787
9/10/2001,38760787
9/11/2001,38760787
9/12/2001,38760787
9/13/2001,38760787
9/14/2001,38760787
9/17/2001,38760787
9/18/2001,38760787
9/19/2001,38760787
9/20/2001,38760787
9/21/2001,38760787
9/24/2001,38760787
9/25/2001,38760787
9/26/2001,38760787
9/27/2001,38760787
9/28/2001,38760787
10/1/2001,38760787
10/2/2001,38760787
10/3/2001,38760787
10/4/2001,38760787
10/5/2001,38760787
10/8/2001,38760787
10/9/2001,38760787
10/10/2001,38760787
10/11/2001,39286997
10/12/2001,39286997
10/15/2001,39286997
10/16/2001,39286997
10/17/2001,39286997
10/18/2001,39286997
10/19/2001,39286997
10/22/2001,39286997
10/23/2001,39286997
10/24/2001,39286997
10/25/2001,39286997
10/26/2001,39286997
10/29/2001,39286997
10/30/2001,39286997
10/31/2001,39286997
11/1/2001,39286997
11/2/2001,39286997
11/5/2001,39286997
11/6/2001,39286997
11/7/2001,39286997
11/8/2001,39286997
11/9/2001,39286997
11/12/2001,39286997
11/13/2001,39286997
11/14/2001,39286997
11/15/2001,39286997
11/16/2001,39286997
11/19/2001,39286997
11/20/2001,39286997
11/21/2001,39286997
11/22/2001,39286997
11/23/2001,39286997
11/26/2001,39286997
11/27/2001,39286997
11/28/2001,39286997
11/29/2001,39286997
11/30/2001,39286997
12/3/2001,39286997
12/4/2001,39286997
12/5/2001,39286997
12/6/2001,39286997
12/7/2001,39286997
12/10/2001,39286997
12/11/2001,39286997
12/12/2001,39286997
12/13/2001,39286997
12/14/2001,39286997
12/17/2001,39286997
12/18/2001,39286997
12/19/2001,39286997
12/20/2001,39286997
12/21/2001,39286997
12/24/2001,39286997
12/25/2001,39286997
12/26/2001,39286997
12/27/2001,39286997
12/28/2001,39286997
12/31/2001,38620925
1/1/2002,38620925
1/2/2002,38620925
1/3/2002,38620925
1/4/2002,38620925
1/7/2002,38620925
1/8/2002,38620925
1/9/2002,38620925
1/10/2002,38620925
1/11/2002,38620925
1/14/2002,38620925
1/15/2002,38620925
1/16/2002,38620925
1/17/2002,38620925
1/18/2002,38620925
1/21/2002,38620925
1/22/2002,38620925
1/23/2002,38620925
1/24/2002,38620925
1/25/2002,38620925
1/28/2002,38620925
1/29/2002,38620925
1/30/2002,38620925
1/31/2002,38620925
2/1/2002,38620925
2/4/2002,38620925
2/5/2002,38620925
2/6/2002,38620925
2/7/2002,38620925
2/8/2002,38620925
2/11/2002,38620925
2/12/2002,38620925
2/13/2002,38620925
2/14/2002,38620925
2/15/2002,38620925
2/18/2002,38620925
2/19/2002,38620925
2/20/2002,38620925
2/21/2002,38620925
2/22/2002,38620925
2/25/2002,38620925
2/26/2002,38620925
2/27/2002,38620925
2/28/2002,38620925
3/1/2002,38620925
3/4/2002,38620925
3/5/2002,38620925
3/6/2002,38620925
3/7/2002,38620925
3/8/2002,38620925
3/11/2002,38620925
3/12/2002,38620925
3/13/2002,38620925
3/14/2002,38620925
3/15/2002,38620925
3/18/2002,38620925
3/19/2002,38620925
3/20/2002,38620925
3/21/2002,38620925
3/22/2002,38620925
3/25/2002,38620925
3/26/2002,38620925
3/27/2002,38620925
3/28/2002,38620925
3/29/2002,38620925
4/1/2002,38245655
4/2/2002,38245655
4/3/2002,38245655
4/4/2002,38245655
4/5/2002,38245655
4/8/2002,38245655
4/9/2002,38245655
4/10/2002,38245655
4/11/2002,38245655
4/12/2002,38245655
4/15/2002,38245655
4/16/2002,38245655
4/17/2002,38245655
4/18/2002,38245655
4/19/2002,38245655
4/22/2002,38245655
4/23/2002,38245655
4/24/2002,38245655
4/25/2002,38245655
4/26/2002,38245655
4/29/2002,38245655
4/30/2002,38245655
5/1/2002,38620729
5/2/2002,38620729
5/3/2002,38620729
5/6/2002,38620729
5/7/2002,38620729
5/8/2002,38620729
5/9/2002,38620729
5/10/2002,38620729
5/13/2002,38620729
5/14/2002,38620729
5/15/2002,38620729
5/16/2002,38620729
5/17/2002,38620729
5/20/2002,38620729
5/21/2002,38620729
5/22/2002,38620729
5/23/2002,38620729
5/24/2002,38620729
5/27/2002,38620729
5/28/2002,38620729
5/29/2002,38620729
5/30/2002,38620729
5/31/2002,38620729
6/3/2002,38620729
6/4/2002,38620729
6/5/2002,38620729
6/6/2002,38620729
6/7/2002,38620729
6/10/2002,38620729
6/11/2002,38620729
6/12/2002,38620729
6/13/2002,38620729
6/14/2002,38620729
6/17/2002,38620729
6/18/2002,38620729
6/19/2002,38620729
6/20/2002,38620729
6/21/2002,38620729
6/24/2002,38620729
6/25/2002,38620729
6/26/2002,38620729
6/27/2002,38620729
6/28/2002,38620729
7/1/2002,38548540
7/2/2002,38548540
7/3/2002,38548540
7/4/2002,38548540
7/5/2002,38548540
7/8/2002,38548540
7/9/2002,38548540
7/10/2002,38548540
7/11/2002,38548540
7/12/2002,38548540
7/15/2002,38548540
7/16/2002,38548540
7/17/2002,38548540
7/18/2002,38548540
7/19/2002,38548540
7/22/2002,38548540
7/23/2002,38548540
7/24/2002,38548540
7/25/2002,38548540
7/26/2002,38548540
7/29/2002,38548540
7/30/2002,38548540
7/31/2002,38548540
8/1/2002,38548540
8/2/2002,38548540
8/5/2002,38548540
8/6/2002,38548540
8/7/2002,38548540
8/8/2002,38548540
8/9/2002,38548540
8/12/2002,38548540
8/13/2002,38548540
8/14/2002,38548540
8/15/2002,38548540
8/16/2002,38548540
8/19/2002,38548540
8/20/2002,38548540
8/21/2002,38548540
8/22/2002,38548540
8/23/2002,38548540
8/26/2002,38548540
8/27/2002,38548540
8/28/2002,38548540
8/29/2002,38548540
8/30/2002,38548540
9/2/2002,38548540
9/3/2002,38548540
9/4/2002,38548540
9/5/2002,38548540
9/6/2002,38548540
9/9/2002,38548540
9/10/2002,38548540
9/11/2002,38548540
9/12/2002,38548540
9/13/2002,38548540
9/16/2002,38548540
9/17/2002,38548540
9/18/2002,38548540
9/19/2002,38548540
9/20/2002,38548540
9/23/2002,38548540
9/24/2002,38548540
9/25/2002,38548540
9/26/2002,38548540
9/27/2002,38548540
9/30/2002,38498493
10/1/2002,38498493
10/2/2002,38498493
10/3/2002,38498493
10/4/2002,38498493
10/7/2002,38498493
10/8/2002,38498493
10/9/2002,38498493
10/10/2002,38498493
10/11/2002,38498493
10/14/2002,38498493
10/15/2002,38498493
10/16/2002,38498493
10/17/2002,38498493
10/18/2002,38498493
10/21/2002,38498493
10/22/2002,38498493
10/23/2002,38498493
10/24/2002,38498493
10/25/2002,38498493
10/28/2002,38498493
10/29/2002,38498493
10/30/2002,38498493
10/31/2002,38498493
11/1/2002,38498493
11/4/2002,38498493
11/5/2002,38498493
11/6/2002,38498493
11/7/2002,38498493
11/8/2002,38498493
11/11/2002,38498493
11/12/2002,38498493
11/13/2002,38498493
11/14/2002,38498493
11/15/2002,38498493
11/18/2002,38498493
11/19/2002,38498493
11/20/2002,38498493
11/21/2002,38498493
11/22/2002,38498493
11/25/2002,38498493
11/26/2002,38498493
11/27/2002,38498493
11/28/2002,38498493
11/29/2002,38498493
12/2/2002,38498493
12/3/2002,38498493
12/4/2002,38498493
12/5/2002,38498493
12/6/2002,38498493
12/9/2002,38498493
12/10/2002,38498493
12/11/2002,38498493
12/12/2002,38498493
12/13/2002,38498493
12/16/2002,38498493
12/17/2002,38498493
12/18/2002,38498493
12/19/2002,38498493
12/20/2002,38498493
12/23/2002,38498493
12/24/2002,38498493
12/25/2002,38498493
12/26/2002,38498493
12/27/2002,38498493
12/30/2002,38498493
12/31/2002,38258067
1/1/2003,38258067
1/2/2003,38258067
1/3/2003,38258067
1/6/2003,38258067
1/7/2003,38258067
1/8/2003,38258067
1/9/2003,38258067
1/10/2003,38258067
1/13/2003,38258067
1/14/2003,38258067
1/15/2003,38258067
1/16/2003,38258067
1/17/2003,38258067
1/20/2003,38258067
1/21/2003,38258067
1/22/2003,38258067
1/23/2003,38258067
1/24/2003,38258067
1/27/2003,38258067
1/28/2003,38258067
1/29/2003,38258067
1/30/2003,38258067
1/31/2003,38258067
2/3/2003,38258067
2/4/2003,38258067
2/5/2003,38258067
2/6/2003,38258067
2/7/2003,38258067
2/10/2003,38258067
2/11/2003,38258067
2/12/2003,38258067
2/13/2003,38258067
2/14/2003,38258067
2/17/2003,38258067
2/18/2003,38258067
2/19/2003,38258067
2/20/2003,38258067
2/21/2003,38258067
2/24/2003,38258067
2/25/2003,38258067
2/26/2003,38258067
2/27/2003,38258067
2/28/2003,38258067
3/3/2003,38258067
3/4/2003,38258067
3/5/2003,38258067
3/6/2003,38258067
3/7/2003,38258067
3/10/2003,38258067
3/11/2003,38258067
3/12/2003,38258067
3/13/2003,38258067
3/14/2003,38258067
3/17/2003,38258067
3/18/2003,38258067
3/19/2003,38258067
3/20/2003,38258067
3/21/2003,38258067
3/24/2003,38258067
3/25/2003,38258067
3/26/2003,38258067
3/27/2003,38258067
3/28/2003,38258067
3/31/2003,38116909
4/1/2003,38116909
4/2/2003,38116909
4/3/2003,38116909
4/4/2003,38116909
4/7/2003,38116909
4/8/2003,38116909
4/9/2003,38116909
4/10/2003,38116909
4/11/2003,38116909
4/14/2003,38116909
4/15/2003,38116909
4/16/2003,38116909
4/17/2003,38116909
4/18/2003,38116909
4/21/2003,38116909
4/22/2003,38116909
4/23/2003,38116909
4/24/2003,38116909
4/25/2003,38116909
4/28/2003,38375916
4/29/2003,38375916
4/30/2003,38375916
5/1/2003,38375916
5/2/2003,38375916
5/5/2003,38375916
5/6/2003,38375916
5/7/2003,38375916
5/8/2003,38375916
5/9/2003,38375916
5/12/2003,38375916
5/13/2003,38375916
5/14/2003,38375916
5/15/2003,38375916
5/16/2003,38375916
5/19/2003,38375916
5/20/2003,38376430
5/21/2003,38376430
5/22/2003,38376430
5/23/2003,38376430
5/26/2003,38376430
5/27/2003,38376430
5/28/2003,38376430
5/29/2003,38376430
5/30/2003,38376430
6/2/2003,38376430
6/3/2003,38376430
6/4/2003,38376430
6/5/2003,38376430
6/6/2003,38376430
6/9/2003,38376430
6/10/2003,38376430
6/11/2003,38376430
6/12/2003,38376430
6/13/2003,38376430
6/16/2003,38376430
6/17/2003,38376430
6/18/2003,38376430
6/19/2003,38376430
6/20/2003,38376430
6/23/2003,38376430
6/24/2003,38376430
6/25/2003,38376430
6/26/2003,38376430
6/27/2003,38376430
6/30/2003,38033298
7/1/2003,38033298
7/2/2003,38033298
7/3/2003,38033298
7/4/2003,38033298
7/7/2003,38033298
7/8/2003,38033298
7/9/2003,38033298
7/10/2003,38033298
7/11/2003,38033298
7/14/2003,38033298
7/15/2003,38033298
7/16/2003,38033298
7/17/2003,38033298
7/18/2003,38033298
7/21/2003,38033298
7/22/2003,38033298
7/23/2003,38033298
7/24/2003,38033298
7/25/2003,38033298
7/28/2003,38033298
7/29/2003,38033298
7/30/2003,38033298
7/31/2003,38033298
8/1/2003,38033298
8/4/2003,38033298
8/5/2003,38033298
8/6/2003,38033298
8/7/2003,38033298
8/8/2003,38033298
8/11/2003,38033298
8/12/2003,38033298
8/13/2003,38033298
8/14/2003,38033298
8/15/2003,38033298
8/18/2003,38033298
8/19/2003,38033298
8/20/2003,38033298
8/21/2003,38033298
8/22/2003,38033298
8/25/2003,38033298
8/26/2003,38033298
8/27/2003,38033298
8/28/2003,38033298
8/29/2003,38033298
9/1/2003,38033298
9/2/2003,38033298
9/3/2003,38033298
9/4/2003,38033298
9/5/2003,38033298
9/8/2003,38033298
9/9/2003,38033298
9/10/2003,38033298
9/11/2003,38033298
9/12/2003,38033298
9/15/2003,38033298
9/16/2003,38033298
9/17/2003,38033298
9/18/2003,38033298
9/19/2003,38033298
9/22/2003,38033298
9/23/2003,38033298
9/24/2003,38033298
9/25/2003,38033298
9/26/2003,38033298
9/29/2003,38033298
9/30/2003,37934533
10/1/2003,37934533
10/2/2003,37934533
10/3/2003,37934533
10/6/2003,37934533
10/7/2003,37934533
10/8/2003,37934533
10/9/2003,37934533
10/10/2003,37934533
10/13/2003,37934533
10/14/2003,37934533
10/15/2003,37934533
10/16/2003,37934533
10/17/2003,37934533
10/20/2003,37934533
10/21/2003,37934533
10/22/2003,37934533
10/23/2003,37934533
10/24/2003,37934533
10/27/2003,37934533
10/28/2003,37934533
10/29/2003,37934533
10/30/2003,37934533
10/31/2003,37934533
11/3/2003,37934533
11/4/2003,37934533
11/5/2003,37934533
11/6/2003,37934533
11/7/2003,37934533
11/10/2003,37934533
11/11/2003,37934533
11/12/2003,37934533
11/13/2003,37934533
11/14/2003,37934533
11/17/2003,37934533
11/18/2003,37934533
11/19/2003,37934533
11/20/2003,37934533
11/21/2003,37934533
11/24/2003,37934533
11/25/2003,37934533
11/26/2003,37934533
11/27/2003,37934533
11/28/2003,37934533
12/1/2003,37934533
12/2/2003,37934533
12/3/2003,37934533
12/4/2003,37934533
12/5/2003,37934533
12/8/2003,37934533
12/9/2003,37934533
12/10/2003,37934533
12/11/2003,37934533
12/12/2003,37934533
12/15/2003,37934533
12/16/2003,37934533
12/17/2003,37934533
12/18/2003,37934533
12/19/2003,37934533
12/22/2003,37934533
12/23/2003,37934533
12/24/2003,37934533
12/25/2003,37934533
12/26/2003,37934533
12/29/2003,37934533
12/30/2003,37934533
12/31/2003,37912634
1/1/2004,37912634
1/2/2004,37912634
1/5/2004,37912634
1/6/2004,37912634
1/7/2004,37912634
1/8/2004,37912634
1/9/2004,37912634
1/12/2004,37912634
1/13/2004,37912634
1/14/2004,37912634
1/15/2004,37912634
1/16/2004,37912634
1/19/2004,37912634
1/20/2004,37912634
1/21/2004,37912634
1/22/2004,37912634
1/23/2004,37912634
1/26/2004,37912634
1/27/2004,37912634
1/28/2004,37912634
1/29/2004,37912634
1/30/2004,37912634
2/2/2004,37912634
2/3/2004,37912634
2/4/2004,37912634
2/5/2004,37912634
2/6/2004,37912634
2/9/2004,37912634
2/10/2004,37912634
2/11/2004,37912634
2/12/2004,37912634
2/13/2004,37912634
2/16/2004,37912634
2/17/2004,37912634
2/18/2004,37912634
2/19/2004,37912634
2/20/2004,37912634
2/23/2004,37912634
2/24/2004,37912634
2/25/2004,37912634
2/26/2004,37912634
2/27/2004,37912634
3/1/2004,37912634
3/2/2004,37912634
3/3/2004,37912634
3/4/2004,37912634
3/5/2004,37912634
3/8/2004,37912634
3/9/2004,37912634
3/10/2004,37912634
3/11/2004,37912634
3/12/2004,37912634
3/15/2004,37912634
3/16/2004,37912634
3/17/2004,37912634
3/18/2004,37912634
3/19/2004,37912634
3/22/2004,37912634
3/23/2004,37912634
3/24/2004,37912634
3/25/2004,37912634
3/26/2004,37912634
3/29/2004,37912634
3/30/2004,37912634
3/31/2004,37532160
4/1/2004,37532160
4/2/2004,37532160
4/5/2004,37532160
4/6/2004,37532160
4/7/2004,37532160
4/8/2004,37532160
4/9/2004,37532160
4/12/2004,37532160
4/13/2004,37532160
4/14/2004,37532160
4/15/2004,37532160
4/16/2004,37532160
4/19/2004,37532160
4/20/2004,37532160
4/21/2004,37532160
4/22/2004,37532160
4/23/2004,37532160
4/26/2004,37532160
4/27/2004,37532160
4/28/2004,37532160
4/29/2004,37587887
4/30/2004,37587887
5/3/2004,37587887
5/4/2004,37587887
5/5/2004,37587887
5/6/2004,37587887
5/7/2004,37587887
5/10/2004,37587887
5/11/2004,37587887
5/12/2004,37587887
5/13/2004,37587887
5/14/2004,37587887
5/17/2004,37587887
5/18/2004,37587887
5/19/2004,37587887
5/20/2004,37587887
5/21/2004,37587887
5/24/2004,37587887
5/25/2004,37587887
5/26/2004,37587887
5/27/2004,37587887
5/28/2004,37587887
5/31/2004,37587887
6/1/2004,37587887
6/2/2004,37587887
6/3/2004,37587887
6/4/2004,37587887
6/7/2004,37587887
6/8/2004,37587887
6/9/2004,37587887
6/10/2004,37587887
6/11/2004,37587887
6/14/2004,37587887
6/15/2004,37587887
6/16/2004,37587887
6/17/2004,37587887
6/18/2004,37587887
6/21/2004,37587887
6/22/2004,37587887
6/23/2004,37587887
6/24/2004,37587887
6/25/2004,37587887
6/28/2004,37587887
6/29/2004,37587887
6/30/2004,36706570
7/1/2004,36706570
7/2/2004,36706570
7/5/2004,36706570
7/6/2004,36706570
7/7/2004,36706570
7/8/2004,36706570
7/9/2004,36706570
7/12/2004,36706570
7/13/2004,36706570
7/14/2004,36706570
7/15/2004,36706570
7/16/2004,36706570
7/19/2004,36706570
7/20/2004,36706570
7/21/2004,36706570
7/22/2004,36706570
7/23/2004,36706570
7/26/2004,36706570
7/27/2004,36706570
7/28/2004,36706570
7/29/2004,36706570
7/30/2004,36706570
8/2/2004,36706570
8/3/2004,36706570
8/4/2004,36706570
8/5/2004,36706570
8/6/2004,36706570
8/9/2004,36706570
8/10/2004,36706570
8/11/2004,36706570
8/12/2004,36706570
8/13/2004,36706570
8/16/2004,36706570
8/17/2004,36706570
8/18/2004,36706570
8/19/2004,36706570
8/20/2004,36706570
8/23/2004,36706570
8/24/2004,36706570
8/25/2004,36706570
8/26/2004,36706570
8/27/2004,36706570
8/30/2004,55970933
8/31/2004,55970933
9/1/2004,55970933
9/2/2004,55970933
9/3/2004,55970933
9/6/2004,55970933
9/7/2004,55970933
9/8/2004,55970933
9/9/2004,55970933
9/10/2004,55970933
9/13/2004,55970933
9/14/2004,55970933
9/15/2004,55970933
9/16/2004,55970933
9/17/2004,55970933
9/20/2004,55970933
9/21/2004,55970933
9/22/2004,55970933
9/23/2004,55970933
9/24/2004,55970933
9/27/2004,55970933
9/28/2004,55970933
9/29/2004,55970933
9/30/2004,55065285
10/1/2004,55065285
10/4/2004,55065285
10/5/2004,55065285
10/6/2004,55065285
10/7/2004,55065285
10/8/2004,55065285
10/11/2004,55065285
10/12/2004,55065285
10/13/2004,55065285
10/14/2004,55065285
10/15/2004,55065285
10/18/2004,55065285
10/19/2004,55065285
10/20/2004,55065285
10/21/2004,55065285
10/22/2004,55065285
10/25/2004,55065285
10/26/2004,55065285
10/27/2004,55065285
10/28/2004,55065285
10/29/2004,55065285
11/1/2004,55065285
11/2/2004,55065285
11/3/2004,55065285
11/4/2004,55065285
11/5/2004,55065285
11/8/2004,55065285
11/9/2004,55065285
11/10/2004,55065285
11/11/2004,55065285
11/12/2004,55065285
11/15/2004,55065285
11/16/2004,55065285
11/17/2004,55065285
11/18/2004,55065285
11/19/2004,55065285
11/22/2004,55065285
11/23/2004,55065285
11/24/2004,55065285
11/25/2004,55065285
11/26/2004,55065285
11/29/2004,55065285
11/30/2004,55065285
12/1/2004,55065285
12/2/2004,55065285
12/3/2004,55065285
12/6/2004,55065285
12/7/2004,55065285
12/8/2004,55065285
12/9/2004,55065285
12/10/2004,55065285
12/13/2004,55065285
12/14/2004,55065285
12/15/2004,55065285
12/16/2004,55065285
12/17/2004,55065285
12/20/2004,55065285
12/21/2004,55065285
12/22/2004,55065285
12/23/2004,55065285
12/24/2004,55065285
12/27/2004,55065285
12/28/2004,55065285
12/29/2004,55065285
12/30/2004,55065285
12/31/2004,54627407
1/3/2005,54627407
1/4/2005,54627407
1/5/2005,54627407
1/6/2005,54627407
1/7/2005,54627407
1/10/2005,54627407
1/11/2005,54627407
1/12/2005,54627407
1/13/2005,54627407
1/14/2005,54627407
1/17/2005,54627407
1/18/2005,54627407
1/19/2005,54627407
1/20/2005,54627407
1/21/2005,54627407
1/24/2005,54627407
1/25/2005,54627407
1/26/2005,54627407
1/27/2005,54627407
1/28/2005,54627407
1/31/2005,54627407
2/1/2005,54627407
2/2/2005,54627407
2/3/2005,54627407
2/4/2005,54627407
2/7/2005,54627407
2/8/2005,54627407
2/9/2005,54627407
2/10/2005,54627407
2/11/2005,54627407
2/14/2005,54627407
2/15/2005,54627407
2/16/2005,54627407
2/17/2005,54627407
2/18/2005,54627407
2/21/2005,54627407
2/22/2005,54627407
2/23/2005,54627407
2/24/2005,54627407
2/25/2005,54627407
2/28/2005,54627407
3/1/2005,54627407
3/2/2005,54627407
3/3/2005,54627407
3/4/2005,54627407
3/7/2005,54627407
3/8/2005,54627407
3/9/2005,54627407
3/10/2005,54627407
3/11/2005,54627407
3/14/2005,54627407
3/15/2005,54627407
3/16/2005,54627407
3/17/2005,54627407
3/18/2005,54627407
3/21/2005,54627407
3/22/2005,54627407
3/23/2005,54627407
3/24/2005,54627407
3/25/2005,54627407
3/28/2005,54627407
3/29/2005,54627407
3/30/2005,54627407
3/31/2005,54499368
4/1/2005,54499368
4/4/2005,54499368
4/5/2005,54499368
4/6/2005,54499368
4/7/2005,54499368
4/8/2005,54499368
4/11/2005,54499368
4/12/2005,54499368
4/13/2005,54499368
4/14/2005,54499368
4/15/2005,54499368
4/18/2005,54499368
4/19/2005,54499368
4/20/2005,54499368
4/21/2005,54499368
4/22/2005,54499368
4/25/2005,54499368
4/26/2005,54499368
4/27/2005,54499368
4/28/2005,54499368
4/29/2005,54499368
5/2/2005,54499368
5/3/2005,54499368
5/4/2005,54499368
5/5/2005,54499368
5/6/2005,54499368
5/9/2005,54499368
5/10/2005,54499368
5/11/2005,54499368
5/12/2005,54499368
5/13/2005,54499368
5/16/2005,54499368
5/17/2005,54499368
5/18/2005,54499368
5/19/2005,54499368
5/20/2005,54499368
5/23/2005,54499368
5/24/2005,54499368
5/25/2005,54499368
5/26/2005,54499368
5/27/2005,54499368
5/30/2005,54499368
5/31/2005,54499368
6/1/2005,65440515
6/2/2005,65440515
6/3/2005,65440515
6/6/2005,65440515
6/7/2005,65440515
6/8/2005,65440515
6/9/2005,65440515
6/10/2005,65440515
6/13/2005,65440515
6/14/2005,65440515
6/15/2005,65440515
6/16/2005,65440515
6/17/2005,65440515
6/20/2005,65440515
6/21/2005,65440515
6/22/2005,65440515
6/23/2005,65440515
6/24/2005,65440515
6/27/2005,65440515
6/28/2005,65440515
6/29/2005,65440515
6/30/2005,65623486
7/1/2005,65623486
7/4/2005,65623486
7/5/2005,65623486
7/6/2005,65623486
7/7/2005,65623486
7/8/2005,65623486
7/11/2005,65623486
7/12/2005,65623486
7/13/2005,65623486
7/14/2005,65623486
7/15/2005,65623486
7/18/2005,65623486
7/19/2005,65623486
7/20/2005,65623486
7/21/2005,65623486
7/22/2005,65623486
7/25/2005,65623486
7/26/2005,65623486
7/27/2005,65623486
7/28/2005,65623486
7/29/2005,65623486
8/1/2005,65623486
8/2/2005,65623486
8/3/2005,65623486
8/4/2005,65623486
8/5/2005,65623486
8/8/2005,65623486
8/9/2005,65623486
8/10/2005,65623486
8/11/2005,65623486
8/12/2005,65623486
8/15/2005,65623486
8/16/2005,65623486
8/17/2005,65623486
8/18/2005,65623486
8/19/2005,65623486
8/22/2005,65623486
8/23/2005,65623486
8/24/2005,65623486
8/25/2005,65623486
8/26/2005,65623486
8/29/2005,65623486
8/30/2005,65623486
8/31/2005,65623486
9/1/2005,65623486
9/2/2005,65623486
9/5/2005,65623486
9/6/2005,65623486
9/7/2005,65623486
9/8/2005,65623486
9/9/2005,65623486
9/12/2005,65623486
9/13/2005,65623486
9/14/2005,65623486
9/15/2005,65623486
9/16/2005,65623486
9/19/2005,65623486
9/20/2005,65623486
9/21/2005,65623486
9/22/2005,65623486
9/23/2005,65623486
9/26/2005,65623486
9/27/2005,65623486
9/28/2005,65623486
9/29/2005,65623486
9/30/2005,65580076
10/3/2005,65580076
10/4/2005,65580076
10/5/2005,65580076
10/6/2005,65580076
10/7/2005,65580076
10/10/2005,65580076
10/11/2005,65580076
10/12/2005,65580076
10/13/2005,65580076
10/14/2005,65580076
10/17/2005,65580076
10/18/2005,65580076
10/19/2005,65580076
10/20/2005,65580076
10/21/2005,65580076
10/24/2005,65580076
10/25/2005,65580076
10/26/2005,65580076
10/27/2005,65580076
10/28/2005,65580076
10/31/2005,65580076
11/1/2005,65580076
11/2/2005,65580076
11/3/2005,65580076
11/4/2005,65580076
11/7/2005,65580076
11/8/2005,65580076
11/9/2005,65580076
11/10/2005,65580076
11/11/2005,65580076
11/14/2005,65580076
11/15/2005,65580076
11/16/2005,65580076
11/17/2005,65580076
11/18/2005,65580076
11/21/2005,65580076
11/22/2005,65580076
11/23/2005,65580076
11/24/2005,65580076
11/25/2005,65580076
11/28/2005,65580076
11/29/2005,65580076
11/30/2005,65580076
12/1/2005,65580076
12/2/2005,65580076
12/5/2005,65580076
12/6/2005,65580076
12/7/2005,65580076
12/8/2005,65580076
12/9/2005,65580076
12/12/2005,65580076
12/13/2005,65580076
12/14/2005,65580076
12/15/2005,65580076
12/16/2005,65580076
12/19/2005,65580076
12/20/2005,65580076
12/21/2005,65580076
12/22/2005,65580076
12/23/2005,65580076
12/26/2005,65580076
12/27/2005,65580076
12/28/2005,65580076
12/29/2005,65580076
12/30/2005,65580076
1/2/2006,65346214
1/3/2006,65346214
1/4/2006,65346214
1/5/2006,65346214
1/6/2006,65346214
1/9/2006,65346214
1/10/2006,65346214
1/11/2006,65346214
1/12/2006,65346214
1/13/2006,65346214
1/16/2006,65346214
1/17/2006,65346214
1/18/2006,65346214
1/19/2006,65346214
1/20/2006,65346214
1/23/2006,65346214
1/24/2006,65346214
1/25/2006,65346214
1/26/2006,65346214
1/27/2006,65346214
1/30/2006,65346214
1/31/2006,65346214
2/1/2006,65346214
2/2/2006,65346214
2/3/2006,65346214
2/6/2006,65346214
2/7/2006,65346214
2/8/2006,65346214
2/9/2006,65346214
2/10/2006,65346214
2/13/2006,65346214
2/14/2006,65346214
2/15/2006,65346214
2/16/2006,65346214
2/17/2006,65346214
2/20/2006,65346214
2/21/2006,65346214
2/22/2006,65346214
2/23/2006,65346214
2/24/2006,65346214
2/27/2006,65346214
2/28/2006,65346214
3/1/2006,65346214
3/2/2006,65346214
3/3/2006,65346214
3/6/2006,65346214
3/7/2006,65346214
3/8/2006,65346214
3/9/2006,65346214
3/10/2006,65346214
3/13/2006,65346214
3/14/2006,65346214
3/15/2006,65346214
3/16/2006,65346214
3/17/2006,65346214
3/20/2006,65346214
3/21/2006,65346214
3/22/2006,65346214
3/23/2006,65346214
3/24/2006,65346214
3/27/2006,65346214
3/28/2006,65346214
3/29/2006,65346214
3/30/2006,65346214
3/31/2006,64917715
4/3/2006,64917715
4/4/2006,64917715
4/5/2006,64917715
4/6/2006,64917715
4/7/2006,64917715
4/10/2006,64917715
4/11/2006,64917715
4/12/2006,64917715
4/13/2006,64917715
4/14/2006,64917715
4/17/2006,64917715
4/18/2006,64917715
4/19/2006,64917715
4/20/2006,64917715
4/21/2006,64917715
4/24/2006,64917715
4/25/2006,64917715
4/26/2006,64917715
4/27/2006,64917715
4/28/2006,64917715
5/1/2006,64917715
5/2/2006,64917715
5/3/2006,64917715
5/4/2006,64917715
5/5/2006,64917715
5/8/2006,64917715
5/9/2006,64917715
5/10/2006,64917715
5/11/2006,64917715
5/12/2006,64917715
5/15/2006,64917715
5/16/2006,64917715
5/17/2006,64917715
5/18/2006,64917715
5/19/2006,64917715
5/22/2006,64917715
5/23/2006,64917715
5/24/2006,64917715
5/25/2006,64917715
5/26/2006,64917715
5/29/2006,64917715
5/30/2006,64917715
5/31/2006,64917715
6/1/2006,64917715
6/2/2006,64917715
6/5/2006,64917715
6/6/2006,64917715
6/7/2006,64917715
6/8/2006,64917715
6/9/2006,64917715
6/12/2006,64917715
6/13/2006,64917715
6/14/2006,64917715
6/15/2006,64917715
6/16/2006,64917715
6/19/2006,64917715
6/20/2006,64917715
6/21/2006,64917715
6/22/2006,64917715
6/23/2006,64917715
6/26/2006,64917715
6/27/2006,64917715
6/28/2006,64934337
6/29/2006,64934337
6/30/2006,64986830
7/3/2006,64986830
7/4/2006,64986830
7/5/2006,64986830
7/6/2006,64986830
7/7/2006,64986830
7/10/2006,64986830
7/11/2006,64986830
7/12/2006,64986830
7/13/2006,64986830
7/14/2006,64986830
7/17/2006,64986830
7/18/2006,64986830
7/19/2006,64986830
7/20/2006,64986830
7/21/2006,64986830
7/24/2006,64986830
7/25/2006,64986830
7/26/2006,64986830
7/27/2006,64986830
7/28/2006,64986830
7/31/2006,64986830
8/1/2006,64986830
8/2/2006,64986830
8/3/2006,64986830
8/4/2006,64986830
8/7/2006,64986830
8/8/2006,64986830
8/9/2006,64991202
8/10/2006,64991202
8/11/2006,64991202
8/14/2006,64991202
8/15/2006,64991202
8/16/2006,64991202
8/17/2006,64991202
8/18/2006,64991202
8/21/2006,64991202
8/22/2006,64991202
8/23/2006,64991202
8/24/2006,64991202
8/25/2006,64991202
8/28/2006,64991202
8/29/2006,64991202
8/30/2006,64991202
8/31/2006,64991202
9/1/2006,64991202
9/4/2006,64991202
9/5/2006,64991202
9/6/2006,64991202
9/7/2006,64991202
9/8/2006,64991202
9/11/2006,64991202
9/12/2006,64991202
9/13/2006,64991202
9/14/2006,64991202
9/15/2006,64991202
9/18/2006,64991202
9/19/2006,64991202
9/20/2006,64991202
9/21/2006,64991202
9/22/2006,64991202
9/25/2006,64991202
9/26/2006,64991202
9/27/2006,64991202
9/28/2006,64991202
9/29/2006,64991202
10/2/2006,64458211
10/3/2006,64458211
10/4/2006,64458211
10/5/2006,64458211
10/6/2006,64458211
10/9/2006,64458211
10/10/2006,64458211
10/11/2006,64458211
10/12/2006,64458211
10/13/2006,64458211
10/16/2006,64458211
10/17/2006,64458211
10/18/2006,64458211
10/19/2006,64458211
10/20/2006,64458211
10/23/2006,64458211
10/24/2006,64458211
10/25/2006,64458211
10/26/2006,64458211
10/27/2006,64458211
10/30/2006,64458211
10/31/2006,64458211
11/1/2006,64458211
11/2/2006,64458211
11/3/2006,64458211
11/6/2006,64458211
11/7/2006,64458211
11/8/2006,64458211
11/9/2006,64458211
11/10/2006,64458211
11/13/2006,64458211
11/14/2006,64458211
11/15/2006,64458211
11/16/2006,64458211
11/17/2006,64458211
11/20/2006,64458211
11/21/2006,64458211
11/22/2006,64458211
11/23/2006,64458211
11/24/2006,64458211
11/27/2006,64458211
11/28/2006,64458211
11/29/2006,64458211
11/30/2006,64458211
12/1/2006,64458211
12/4/2006,64458211
12/5/2006,64458211
12/6/2006,64458211
12/7/2006,64458211
12/8/2006,64458211
12/11/2006,64458211
12/12/2006,64458211
12/13/2006,64458211
12/14/2006,64458211
12/15/2006,64458211
12/18/2006,64458211
12/19/2006,64458211
12/20/2006,64458211
12/21/2006,64458211
12/22/2006,64458211
12/25/2006,64458211
12/26/2006,64458211
12/27/2006,64458211
12/28/2006,64458211
12/29/2006,64458211
1/1/2007,63719393
1/2/2007,63719393
1/3/2007,63719393
1/4/2007,63719393
1/5/2007,63719393
1/8/2007,63719393
1/9/2007,63719393
1/10/2007,63719393
1/11/2007,63719393
1/12/2007,63719393
1/15/2007,63719393
1/16/2007,63719393
1/17/2007,63719393
1/18/2007,63719393
1/19/2007,63719393
1/22/2007,63719393
1/23/2007,63719393
1/24/2007,63719393
1/25/2007,63719393
1/26/2007,63719393
1/29/2007,63719393
1/30/2007,63719393
1/31/2007,63719393
2/1/2007,63719393
2/2/2007,63719393
2/5/2007,63719393
2/6/2007,63719393
2/7/2007,63719393
2/8/2007,63719393
2/9/2007,63719393
2/12/2007,63719393
2/13/2007,63719393
2/14/2007,63719393
2/15/2007,63719393
2/16/2007,63719393
2/19/2007,63719393
2/20/2007,63719393
2/21/2007,63719393
2/22/2007,63719393
2/23/2007,63719393
2/26/2007,63719393
2/27/2007,63719393
2/28/2007,63719393
3/1/2007,63719393
3/2/2007,63719393
3/5/2007,63719393
3/6/2007,63719393
3/7/2007,63719393
3/8/2007,63719393
3/9/2007,63719393
3/12/2007,63719393
3/13/2007,63719393
3/14/2007,63719393
3/15/2007,63719393
3/16/2007,63719393
3/19/2007,63719393
3/20/2007,63719393
3/21/2007,63719393
3/22/2007,63719393
3/23/2007,63719393
3/26/2007,63719393
3/27/2007,63719393
3/28/2007,63719393
3/29/2007,63719393
3/30/2007,63719393
4/2/2007,62958218
4/3/2007,62958218
4/4/2007,62958218
4/5/2007,62958218
4/6/2007,62958218
4/9/2007,62958218
4/10/2007,62958218
4/11/2007,62958218
4/12/2007,62958218
4/13/2007,62958218
4/16/2007,62958218
4/17/2007,62958218
4/18/2007,62958218
4/19/2007,62958218
4/20/2007,62958218
4/23/2007,62958218
4/24/2007,62958218
4/25/2007,62958218
4/26/2007,62958218
4/27/2007,62958218
4/30/2007,63254455
5/1/2007,63254455
5/2/2007,63254455
5/3/2007,63254455
5/4/2007,63254455
5/7/2007,63254455
5/8/2007,63254455
5/9/2007,63254455
5/10/2007,63254455
5/11/2007,63254455
5/14/2007,63254455
5/15/2007,63254455
5/16/2007,63254455
5/17/2007,63254455
5/18/2007,63254455
5/21/2007,63254455
5/22/2007,63254455
5/23/2007,63254455
5/24/2007,63254455
5/25/2007,63254455
5/28/2007,63254455
5/29/2007,63254455
5/30/2007,63254455
5/31/2007,63254455
6/1/2007,63254455
6/4/2007,63254455
6/5/2007,63254455
6/6/2007,63254455
6/7/2007,63254455
6/8/2007,63254455
6/11/2007,63254455
6/12/2007,63254455
6/13/2007,63254455
6/14/2007,63254455
6/15/2007,63254455
6/18/2007,63254455
6/19/2007,63254455
6/20/2007,63254455
6/21/2007,63254455
6/22/2007,63254455
6/25/2007,63254455
6/26/2007,63254455
6/27/2007,63254455
6/28/2007,63254455
6/29/2007,63254455
7/2/2007,62299788
7/3/2007,62299788
7/4/2007,62299788
7/5/2007,62299788
7/6/2007,62299788
7/9/2007,62299788
7/10/2007,62299788
7/11/2007,62299788
7/12/2007,62299788
7/13/2007,62299788
7/16/2007,62299788
7/17/2007,62299788
7/18/2007,62299788
7/19/2007,62299788
7/20/2007,62299788
7/23/2007,62299788
7/24/2007,62299788
7/25/2007,62299788
7/26/2007,62299788
7/27/2007,62299788
7/30/2007,62299788
7/31/2007,62299788
8/1/2007,62299788
8/2/2007,622998
8/3/2007,622998
8/6/2007,622998
8/7/2007,622998
8/8/2007,622998
8/9/2007,622998
8/10/2007,622998
8/13/2007,622998
8/14/2007,622998
8/15/2007,622998
8/16/2007,622998
8/17/2007,622998
8/20/2007,622998
8/21/2007,622998
8/22/2007,622998
8/23/2007,622998
8/24/2007,622998
8/27/2007,622998
8/28/2007,622998
8/29/2007,622998
8/30/2007,622998
8/31/2007,622998
9/3/2007,622998
9/4/2007,622998
9/5/2007,622998
9/6/2007,622998
9/7/2007,622998
9/10/2007,622998
9/11/2007,622998
9/12/2007,622998
9/13/2007,622998
9/14/2007,622998
9/17/2007,622998
9/18/2007,622998
9/19/2007,622998
9/20/2007,622998
9/21/2007,622998
9/24/2007,622998
9/25/2007,622998
9/26/2007,622998
9/27/2007,622998
9/28/2007,622998
10/1/2007,620833
10/2/2007,620833
10/3/2007,620833
10/4/2007,620833
10/5/2007,620833
10/8/2007,620833
10/9/2007,620833
10/10/2007,620833
10/11/2007,620833
10/12/2007,620833
10/15/2007,620833
10/16/2007,620833
10/17/2007,620833
10/18/2007,620833
10/19/2007,620833
10/22/2007,620833
10/23/2007,620833
10/24/2007,620833
10/25/2007,620833
10/26/2007,620833
10/29/2007,620833
10/30/2007,620833
10/31/2007,620833
11/1/2007,620833
11/2/2007,620833
11/5/2007,620833
11/6/2007,620833
11/7/2007,620833
11/8/2007,620833
11/9/2007,620833
11/12/2007,620833
11/13/2007,620833
11/14/2007,620833
11/15/2007,620833
11/16/2007,620833
11/19/2007,620833
11/20/2007,620833
11/21/2007,620833
11/22/2007,620833
11/23/2007,620833
11/26/2007,620833
11/27/2007,620833
11/28/2007,620833
11/29/2007,620833
11/30/2007,620833
12/3/2007,620833
12/4/2007,620833
12/5/2007,620833
12/6/2007,620833
12/7/2007,620833
12/10/2007,620833
12/11/2007,620833
12/12/2007,620833
12/13/2007,620833
12/14/2007,620833
12/17/2007,620833
12/18/2007,620833
12/19/2007,620833
12/20/2007,620833
12/21/2007,620833
12/24/2007,620833
12/25/2007,620833
12/26/2007,620833
12/27/2007,620833
12/28/2007,620833
12/31/2007,615558
1/1/2008,615558
1/2/2008,615558
1/3/2008,615558
1/4/2008,615558
1/7/2008,615558
1/8/2008,615558
1/9/2008,615558
1/10/2008,615558
1/11/2008,615558
1/14/2008,615558
1/15/2008,615558
1/16/2008,615558
1/17/2008,615558
1/18/2008,615558
1/21/2008,615558
1/22/2008,615558
1/23/2008,615558
1/24/2008,615558
1/25/2008,615558
1/28/2008,615558
1/29/2008,615558
1/30/2008,615558
1/31/2008,615558
2/1/2008,615558
2/4/2008,615558
2/5/2008,615558
2/6/2008,615558
2/7/2008,615558
2/8/2008,615558
2/11/2008,615558
2/12/2008,615558
2/13/2008,615558
2/14/2008,615558
2/15/2008,615558
2/18/2008,615558
2/19/2008,615558
2/20/2008,615558
2/21/2008,615558
2/22/2008,615558
2/25/2008,615558
2/26/2008,615558
2/27/2008,615558
2/28/2008,615558
2/29/2008,615558
3/3/2008,615558
3/4/2008,615558
3/5/2008,615558
3/6/2008,615558
3/7/2008,615558
3/10/2008,615558
3/11/2008,615558
3/12/2008,615558
3/13/2008,615558
3/14/2008,615558
3/17/2008,615558
3/18/2008,615558
3/19/2008,615558
3/20/2008,615558
3/21/2008,615558
3/24/2008,615558
3/25/2008,615558
3/26/2008,615558
3/27/2008,615558
3/28/2008,615558
3/31/2008,611577
4/1/2008,611577
4/2/2008,611577
4/3/2008,611577
4/4/2008,611577
4/7/2008,611577
4/8/2008,611577
4/9/2008,611577
4/10/2008,611577
4/11/2008,611577
4/14/2008,611577
4/15/2008,611577
4/16/2008,611577
4/17/2008,611577
4/18/2008,611577
4/21/2008,611577
4/22/2008,611577
4/23/2008,611577
4/24/2008,611577
4/25/2008,611577
4/28/2008,611577
4/29/2008,614243
4/30/2008,614243
5/1/2008,614243
5/2/2008,614243
5/5/2008,614243
5/6/2008,614243
5/7/2008,614243
5/8/2008,614243
5/9/2008,614243
5/12/2008,614243
5/13/2008,614243
5/14/2008,614243
5/15/2008,614243
5/16/2008,614243
5/19/2008,614243
5/20/2008,614243
5/21/2008,614243
5/22/2008,614243
5/23/2008,614243
5/26/2008,614243
5/27/2008,614243
5/28/2008,614243
5/29/2008,614243
5/30/2008,614243
6/2/2008,614243
6/3/2008,614243
6/4/2008,614243
6/5/2008,614243
6/6/2008,614243
6/9/2008,614243
6/10/2008,614243
6/11/2008,614243
6/12/2008,614243
6/13/2008,614243
6/16/2008,614243
6/17/2008,614243
6/18/2008,614243
6/19/2008,614243
6/20/2008,614243
6/23/2008,614243
6/24/2008,614243
6/25/2008,614243
6/26/2008,614243
6/27/2008,614243
6/30/2008,613664
7/1/2008,613664
7/2/2008,613664
7/3/2008,613664
7/4/2008,613664
7/7/2008,613664
7/8/2008,613664
7/9/2008,613664
7/10/2008,613664
7/11/2008,613664
7/14/2008,613664
7/15/2008,613664
7/16/2008,613664
7/17/2008,613664
7/18/2008,613664
7/21/2008,613664
7/22/2008,613664
7/23/2008,613664
7/24/2008,613664
7/25/2008,613664
7/28/2008,613664
7/29/2008,613664
7/30/2008,613664
7/31/2008,613664
8/1/2008,613664
8/4/2008,613664
8/5/2008,613664
8/6/2008,613664
8/7/2008,613664
8/8/2008,613664
8/11/2008,613664
8/12/2008,613664
8/13/2008,613664
8/14/2008,613664
8/15/2008,613664
8/18/2008,613664
8/19/2008,613664
8/20/2008,613664
8/21/2008,613664
8/22/2008,613664
8/25/2008,613664
8/26/2008,613664
8/27/2008,613664
8/28/2008,613664
8/29/2008,613664
9/1/2008,613664
9/2/2008,613664
9/3/2008,613664
9/4/2008,613664
9/5/2008,613664
9/8/2008,613664
9/9/2008,613664
9/10/2008,613664
9/11/2008,613664
9/12/2008,613664
9/15/2008,613664
9/16/2008,613664
9/17/2008,613664
9/18/2008,613664
9/19/2008,613664
9/22/2008,613664
9/23/2008,613664
9/24/2008,613664
9/25/2008,613664
9/26/2008,613664
9/29/2008,613664
9/30/2008,614027
10/1/2008,614027
10/2/2008,614027
10/3/2008,614027
10/6/2008,614027
10/7/2008,614027
10/8/2008,614027
10/9/2008,614027
10/10/2008,614051
10/13/2008,614051
10/14/2008,614051
10/15/2008,614051
10/16/2008,614051
10/17/2008,614051
10/20/2008,614051
10/21/2008,614051
10/22/2008,614051
10/23/2008,614051
10/24/2008,614051
10/27/2008,614051
10/28/2008,614051
10/29/2008,614051
10/30/2008,614051
10/31/2008,614051
11/3/2008,614051
11/4/2008,614051
11/5/2008,614051
11/6/2008,614051
11/7/2008,614051
11/10/2008,614051
11/11/2008,614051
11/12/2008,614051
11/13/2008,614051
11/14/2008,614051
11/17/2008,614051
11/18/2008,614051
11/19/2008,614051
11/20/2008,614051
11/21/2008,614051
11/24/2008,614051
11/25/2008,614051
11/26/2008,614051
11/27/2008,614051
11/28/2008,614051
12/1/2008,614051
12/2/2008,614051
12/3/2008,614051
12/4/2008,614051
12/5/2008,614051
12/8/2008,614051
12/9/2008,614051
12/10/2008,614051
12/11/2008,614051
12/12/2008,614051
12/15/2008,614051
12/16/2008,614051
12/17/2008,614051
12/18/2008,614051
12/19/2008,614051
12/22/2008,614051
12/23/2008,614051
12/24/2008,614051
12/25/2008,614051
12/26/2008,614051
12/29/2008,614051
12/30/2008,614051
12/31/2008,614003
1/1/2009,614003
1/2/2009,614003
1/5/2009,614003
1/6/2009,614003
1/7/2009,614003
1/8/2009,614003
1/9/2009,614003
1/12/2009,614003
1/13/2009,614003
1/14/2009,614003
1/15/2009,614003
1/16/2009,614003
1/19/2009,614003
1/20/2009,614003
1/21/2009,614003
1/22/2009,614003
1/23/2009,614003
1/26/2009,614003
1/27/2009,614003
1/28/2009,614003
1/29/2009,614003
1/30/2009,614003
2/2/2009,614003
2/3/2009,614003
2/4/2009,614003
2/5/2009,614003
2/6/2009,614003
2/9/2009,614003
2/10/2009,614003
2/11/2009,614003
2/12/2009,614003
2/13/2009,614003
2/16/2009,614003
2/17/2009,614003
2/18/2009,614003
2/19/2009,614003
2/20/2009,614003
2/23/2009,614003
2/24/2009,614003
2/25/2009,614003
2/26/2009,614003
2/27/2009,614003
3/2/2009,614003
3/3/2009,614003
3/4/2009,614003
3/5/2009,614003
3/6/2009,614003
3/9/2009,614003
3/10/2009,614003
3/11/2009,614003
3/12/2009,614003
3/13/2009,614003
3/16/2009,614003
3/17/2009,614003
3/18/2009,614003
3/19/2009,614003
3/20/2009,614003
3/23/2009,614003
3/24/2009,614003
3/25/2009,614003
3/26/2009,614003
3/27/2009,614003
3/30/2009,614003
3/31/2009,613880
4/1/2009,613880
4/2/2009,613880
4/3/2009,613880
4/6/2009,613880
4/7/2009,613880
4/8/2009,613880
4/9/2009,613880
4/10/2009,613880
4/13/2009,613880
4/14/2009,613880
4/15/2009,613880
4/16/2009,613880
4/17/2009,613880
4/20/2009,613880
4/21/2009,613880
4/22/2009,613880
4/23/2009,613880
4/24/2009,613880
4/27/2009,613880
4/28/2009,613880
4/29/2009,615811
4/30/2009,615811
5/1/2009,615811
5/4/2009,615811
5/5/2009,615811
5/6/2009,615811
5/7/2009,615811
5/8/2009,615811
5/11/2009,615811
5/12/2009,615811
5/13/2009,615811
5/14/2009,615811
5/15/2009,615811
5/18/2009,615811
5/19/2009,615811
5/20/2009,615811
5/21/2009,615811
5/22/2009,615811
5/25/2009,615811
5/26/2009,615811
5/27/2009,615811
5/28/2009,615811
5/29/2009,615811
6/1/2009,615811
6/2/2009,615811
6/3/2009,615811
6/4/2009,615811
6/5/2009,615811
6/8/2009,615811
6/9/2009,615811
6/10/2009,615811
6/11/2009,615811
6/12/2009,615811
6/15/2009,615811
6/16/2009,615811
6/17/2009,615811
6/18/2009,615811
6/19/2009,615811
6/22/2009,615811
6/23/2009,615811
6/24/2009,615811
6/25/2009,615811
6/26/2009,615811
6/29/2009,615811
6/30/2009,615994
7/1/2009,615994
7/2/2009,615994
7/3/2009,615994
7/6/2009,615994
7/7/2009,615994
7/8/2009,615994
7/9/2009,615994
7/10/2009,615994
7/13/2009,615994
7/14/2009,615994
7/15/2009,615994
7/16/2009,615994
7/17/2009,615994
7/20/2009,615994
7/21/2009,615994
7/22/2009,615994
7/23/2009,615994
7/24/2009,615994
7/27/2009,615994
7/28/2009,615994
7/29/2009,615994
7/30/2009,615994
7/31/2009,615994
8/3/2009,615994
8/4/2009,615994
8/5/2009,615994
8/6/2009,615994
8/7/2009,615994
8/10/2009,615994
8/11/2009,615994
8/12/2009,615994
8/13/2009,615994
8/14/2009,615994
8/17/2009,615994
8/18/2009,615994
8/19/2009,615994
8/20/2009,615994
8/21/2009,615994
8/24/2009,615994
8/25/2009,615994
8/26/2009,615994
8/27/2009,615994
8/28/2009,615994
8/31/2009,615994
9/1/2009,615994
9/2/2009,615994
9/3/2009,615994
9/4/2009,615994
9/7/2009,615994
9/8/2009,615994
9/9/2009,615994
9/10/2009,615994
9/11/2009,615994
9/14/2009,615994
9/15/2009,615994
9/16/2009,615994
9/17/2009,615994
9/18/2009,615994
9/21/2009,615994
9/22/2009,615994
9/23/2009,615994
9/24/2009,615994
9/25/2009,615994
9/28/2009,615994
9/29/2009,615994
9/30/2009,616445
10/1/2009,616445
10/2/2009,616445
10/5/2009,616445
10/6/2009,616445
10/7/2009,616445
10/8/2009,616445
10/9/2009,616445
10/12/2009,616445
10/13/2009,616445
10/14/2009,616445
10/15/2009,616445
10/16/2009,616445
10/19/2009,616445
10/20/2009,616445
10/21/2009,616445
10/22/2009,616445
10/23/2009,616445
10/26/2009,616445
10/27/2009,616445
10/28/2009,616445
10/29/2009,616445
10/30/2009,616445
11/2/2009,616445
11/3/2009,616445
11/4/2009,616445
11/5/2009,616445
11/6/2009,616445
11/9/2009,616445
11/10/2009,616445
11/11/2009,616445
11/12/2009,616445
11/13/2009,616445
11/16/2009,616445
11/17/2009,616445
11/18/2009,616445
11/19/2009,616445
11/20/2009,616445
11/23/2009,616445
11/24/2009,616445
11/25/2009,616445
11/26/2009,616445
11/27/2009,616445
11/30/2009,616445
12/1/2009,616445
12/2/2009,616445
12/3/2009,616445
12/4/2009,616445
12/7/2009,616445
12/8/2009,616445
12/9/2009,616445
12/10/2009,616445
12/11/2009,616445
12/14/2009,616445
12/15/2009,616445
12/16/2009,616445
12/17/2009,616445
12/18/2009,616445
12/21/2009,616445
12/22/2009,616445
12/23/2009,616445
12/24/2009,616445
12/25/2009,616445
12/28/2009,616445
12/29/2009,616445
12/30/2009,616445
12/31/2009,616436
1/1/2010,616436
1/4/2010,616436
1/5/2010,616436
1/6/2010,616436
1/7/2010,616436
1/8/2010,616436
1/11/2010,616436
1/12/2010,616436
1/13/2010,616436
1/14/2010,616436
1/15/2010,616436
1/18/2010,616436
1/19/2010,616436
1/20/2010,616436
1/21/2010,616436
1/22/2010,616436
1/25/2010,616436
1/26/2010,616436
1/27/2010,616436
1/28/2010,616436
1/29/2010,616436
2/1/2010,616436
2/2/2010,616436
2/3/2010,616436
2/4/2010,616436
2/5/2010,616436
2/8/2010,616436
2/9/2010,616436
2/10/2010,616436
2/11/2010,616436
2/12/2010,616436
2/15/2010,616436
2/16/2010,616436
2/17/2010,616436
2/18/2010,616436
2/19/2010,616436
2/22/2010,616436
2/23/2010,616436
2/24/2010,616436
2/25/2010,616436
2/26/2010,616436
3/1/2010,616436
3/2/2010,616436
3/3/2010,616436
3/4/2010,616436
3/5/2010,616436
3/8/2010,616436
3/9/2010,616436
3/10/2010,616436
3/11/2010,616436
3/12/2010,616436
3/15/2010,616436
3/16/2010,616436
3/17/2010,616436
3/18/2010,616436
3/19/2010,616436
3/22/2010,616436
3/23/2010,616436
3/24/2010,616436
3/25/2010,616436
3/26/2010,616436
3/29/2010,616436
3/30/2010,616436
3/31/2010,616434
4/1/2010,616434
4/2/2010,616434
4/5/2010,616434
4/6/2010,616434
4/7/2010,616434
4/8/2010,616434
4/9/2010,616434
4/12/2010,616434
4/13/2010,616434
4/14/2010,616434
4/15/2010,616434
4/16/2010,616434
4/19/2010,616434
4/20/2010,616434
4/21/2010,616434
4/22/2010,616434
4/23/2010,616434
4/26/2010,616434
4/27/2010,616434
4/28/2010,616434
4/29/2010,620318
4/30/2010,620318
5/3/2010,620318
5/4/2010,620318
5/5/2010,620318
5/6/2010,620318
5/7/2010,620318
5/10/2010,620318
5/11/2010,620318
5/12/2010,620318
5/13/2010,620318
5/14/2010,620318
5/17/2010,620318
5/18/2010,620318
5/19/2010,620318
5/20/2010,620318
5/21/2010,620318
5/24/2010,620318
5/25/2010,620318
5/26/2010,620318
5/27/2010,620318
5/28/2010,620318
5/31/2010,620318
6/1/2010,620318
6/2/2010,620318
6/3/2010,620318
6/4/2010,620318
6/7/2010,620318
6/8/2010,620318
6/9/2010,620318
6/10/2010,620318
6/11/2010,620318
6/14/2010,620318
6/15/2010,620318
6/16/2010,620318
6/17/2010,620318
6/18/2010,620318
6/21/2010,620318
6/22/2010,620318
6/23/2010,620318
6/24/2010,620318
6/25/2010,620318
6/28/2010,620318
6/29/2010,620318
6/30/2010,619101
7/1/2010,619101
7/2/2010,619101
7/5/2010,619101
7/6/2010,619101
7/7/2010,619101
7/8/2010,619101
7/9/2010,619101
7/12/2010,619101
7/13/2010,619101
7/14/2010,619101
7/15/2010,619101
7/16/2010,619101
7/19/2010,619101
7/20/2010,619101
7/21/2010,619101
7/22/2010,619101
7/23/2010,619101
7/26/2010,619101
7/27/2010,619101
7/28/2010,619101
7/29/2010,619101
7/30/2010,619101
8/2/2010,619101
8/3/2010,619101
8/4/2010,619101
8/5/2010,619101
8/6/2010,619101
8/9/2010,619101
8/10/2010,619101
8/11/2010,619101
8/12/2010,619101
8/13/2010,619101
8/16/2010,619101
8/17/2010,619101
8/18/2010,619101
8/19/2010,619101
8/20/2010,619101
8/23/2010,619101
8/24/2010,619101
8/25/2010,619101
8/26/2010,619101
8/27/2010,619101
8/30/2010,619101
8/31/2010,619101
9/1/2010,619101
9/2/2010,619101
9/3/2010,619101
9/6/2010,619101
9/7/2010,619101
9/8/2010,619101
9/9/2010,619101
9/10/2010,619101
9/13/2010,619101
9/14/2010,619101
9/15/2010,619101
9/16/2010,619101
9/17/2010,619101
9/20/2010,619101
9/21/2010,619101
9/22/2010,619101
9/23/2010,619101
9/24/2010,619101
9/27/2010,619101
9/28/2010,619101
9/29/2010,619101
9/30/2010,620596
10/1/2010,620596
10/4/2010,620596
10/5/2010,620596
10/6/2010,620596
10/7/2010,620596
10/8/2010,620596
10/11/2010,620596
10/12/2010,620596
10/13/2010,620596
10/14/2010,620596
10/15/2010,620596
10/18/2010,620596
10/19/2010,620596
10/20/2010,620596
10/21/2010,620596
10/22/2010,620596
10/25/2010,620596
10/26/2010,620596
10/27/2010,620596
10/28/2010,620596
10/29/2010,620596
11/1/2010,620596
11/2/2010,620596
11/3/2010,620596
11/4/2010,620596
11/5/2010,620596
11/8/2010,620596
11/9/2010,620596
11/10/2010,620596
11/11/2010,620596
11/12/2010,620596
11/15/2010,620596
11/16/2010,620596
11/17/2010,620596
11/18/2010,620596
11/19/2010,620596
11/22/2010,620596
11/23/2010,620596
11/24/2010,620596
11/25/2010,620596
11/26/2010,620596
11/29/2010,620596
11/30/2010,620596
12/1/2010,620596
12/2/2010,620596
12/3/2010,620596
12/6/2010,620596
12/7/2010,620596
12/8/2010,620596
12/9/2010,620596
12/10/2010,620596
12/13/2010,620596
12/14/2010,620596
12/15/2010,620596
12/16/2010,620596
12/17/2010,620596
12/20/2010,3102980
12/21/2010,3102980
12/22/2010,3102980
12/23/2010,3102980
12/24/2010,3102980
12/27/2010,3102980
12/28/2010,3102980
12/29/2010,3102980
12/30/2010,3102980
12/31/2010,3103229
1/3/2011,3103229
1/4/2011,3103229
1/5/2011,3103229
1/6/2011,3103229
1/7/2011,3103229
1/10/2011,3103229
1/11/2011,3103229
1/12/2011,3103229
1/13/2011,3103229
1/14/2011,3103229
1/17/2011,3103229
1/18/2011,3103229
1/19/2011,3103229
1/20/2011,3103229
1/21/2011,3103229
1/24/2011,3103229
1/25/2011,3103229
1/26/2011,3103229
1/27/2011,3103229
1/28/2011,3103229
1/31/2011,3103229
2/1/2011,3103229
2/2/2011,3103229
2/3/2011,3103229
2/4/2011,3103229
2/7/2011,3103229
2/8/2011,3103229
2/9/2011,3103229
2/10/2011,3103229
2/11/2011,3103229
2/14/2011,3103229
2/15/2011,3103229
2/16/2011,3103229
2/17/2011,3103229
2/18/2011,3103229
2/21/2011,3103229
2/22/2011,3103229
2/23/2011,3103229
2/24/2011,3103229
2/25/2011,3103229
2/28/2011,3103229
3/1/2011,3103229
3/2/2011,3103229
3/3/2011,3103229
3/4/2011,3103229
3/7/2011,3103229
3/8/2011,3103229
3/9/2011,3103229
3/10/2011,3103229
3/11/2011,3103229
3/14/2011,3103229
3/15/2011,3103229
3/16/2011,3103229
3/17/2011,3103229
3/18/2011,3103229
3/21/2011,3103229
3/22/2011,3103229
3/23/2011,3103229
3/24/2011,3103229
3/25/2011,3103229
3/28/2011,3103229
3/29/2011,3103229
3/30/2011,3103229
3/31/2011,3103536
4/1/2011,3103536
4/4/2011,3103536
4/5/2011,3103536
4/6/2011,3103536
4/7/2011,3103536
4/8/2011,3103536
4/11/2011,3103536
4/12/2011,3103536
4/13/2011,3103536
4/14/2011,3103536
4/15/2011,3103536
4/18/2011,3103536
4/19/2011,3103536
4/20/2011,3103536
4/21/2011,3103536
4/22/2011,3103536
4/25/2011,3103536
4/26/2011,3103536
4/27/2011,3103536
4/28/2011,3103536
4/29/2011,3103536
5/2/2011,3116436
5/3/2011,3116436
5/4/2011,3116436
5/5/2011,3116436
5/6/2011,3116436
5/9/2011,3116436
5/10/2011,3116436
5/11/2011,3116436
5/12/2011,3116436
5/13/2011,3116436
5/16/2011,3116436
5/17/2011,3116436
5/18/2011,3116436
5/19/2011,3116436
5/20/2011,3116436
5/23/2011,3116436
5/24/2011,3116436
5/25/2011,3116436
5/26/2011,3116436
5/27/2011,3116436
5/30/2011,3116436
5/31/2011,3116436
6/1/2011,3116436
6/2/2011,3116436
6/3/2011,3116436
6/6/2011,3116436
6/7/2011,3116436
6/8/2011,3116436
6/9/2011,3116436
6/10/2011,3116436
6/13/2011,3116436
6/14/2011,3116436
6/15/2011,3116436
6/16/2011,3116436
6/17/2011,3116436
6/20/2011,3116436
6/21/2011,3116436
6/22/2011,3116436
6/23/2011,3116436
6/24/2011,3116436
6/27/2011,3116436
6/28/2011,3116436
6/29/2011,3116436
6/30/2011,3104162
7/1/2011,3104162
7/4/2011,3104162
7/5/2011,3104162
7/6/2011,3104162
7/7/2011,3104162
7/8/2011,3104162
7/11/2011,3104162
7/12/2011,3104162
7/13/2011,3104162
7/14/2011,3104162
7/15/2011,3104162
7/18/2011,3104162
7/19/2011,3104162
7/20/2011,3104162
7/21/2011,3104162
7/22/2011,3104162
7/25/2011,3104162
7/26/2011,3104162
7/27/2011,3104162
7/28/2011,3104162
7/29/2011,3104162
8/1/2011,3104162
8/2/2011,3104162
8/3/2011,3104162
8/4/2011,3104162
8/5/2011,3104162
8/8/2011,3104162
8/9/2011,3104162
8/10/2011,3104162
8/11/2011,3104162
8/12/2011,3104162
8/15/2011,3104162
8/16/2011,3104162
8/17/2011,3104162
8/18/2011,3104162
8/19/2011,3104162
8/22/2011,3104162
8/23/2011,3104162
8/24/2011,3104162
8/25/2011,3104162
8/26/2011,3104162
8/29/2011,3104162
8/30/2011,3104162
8/31/2011,3104162
9/1/2011,3104162
9/2/2011,3104162
9/5/2011,3104162
9/6/2011,3104162
9/7/2011,3104162
9/8/2011,3104162
9/9/2011,3104162
9/12/2011,3104162
9/13/2011,3104162
9/14/2011,3104162
9/15/2011,3104162
9/16/2011,3104162
9/19/2011,3104162
9/20/2011,3104162
9/21/2011,3104162
9/22/2011,3104162
9/23/2011,3104162
9/26/2011,3104162
9/27/2011,3104162
9/28/2011,3104162
9/29/2011,3104162
9/30/2011,3116840
10/3/2011,3116840
10/4/2011,3116840
10/5/2011,3116840
10/6/2011,3116840
10/7/2011,3116840
10/10/2011,3116840
10/11/2011,3116840
10/12/2011,3116840
10/13/2011,3116840
10/14/2011,3116840
10/17/2011,3116840
10/18/2011,3116840
10/19/2011,3116840
10/20/2011,3116840
10/21/2011,3116840
10/24/2011,3116840
10/25/2011,3116840
10/26/2011,3116840
10/27/2011,3116840
10/28/2011,3116840
10/31/2011,3116840
11/1/2011,3116840
11/2/2011,3116840
11/3/2011,3116840
11/4/2011,3116840
11/7/2011,3116840
11/8/2011,3116840
11/9/2011,3116840
11/10/2011,3116840
11/11/2011,3116840
11/14/2011,3116840
11/15/2011,3116840
11/16/2011,3116840
11/17/2011,3116840
11/18/2011,3116840
11/21/2011,3116840
11/22/2011,3116840
11/23/2011,3116840
11/24/2011,3116840
11/25/2011,3116840
11/28/2011,3116840
11/29/2011,3116840
11/30/2011,3116840
12/1/2011,3116840
12/2/2011,3116840
12/5/2011,3116840
12/6/2011,3116840
12/7/2011,3116840
12/8/2011,3116840
12/9/2011,3116840
12/12/2011,3116840
12/13/2011,3116840
12/14/2011,3116840
12/15/2011,3116840
12/16/2011,3116840
12/19/2011,3116840
12/20/2011,3116840
12/21/2011,3116840
12/22/2011,3116840
12/23/2011,3116840
12/26/2011,3116840
12/27/2011,3116840
12/28/2011,3116840
12/29/2011,3116840
12/30/2011,3116840
1/2/2012,3117189
1/3/2012,3117189
1/4/2012,3117189
1/5/2012,3117189
1/6/2012,3117189
1/9/2012,3117189
1/10/2012,3117189
1/11/2012,3117189
1/12/2012,3117189
1/13/2012,3117189
1/16/2012,3117189
1/17/2012,3117189
1/18/2012,3117189
1/19/2012,3117189
1/20/2012,3117189
1/23/2012,3117189
1/24/2012,3117189
1/25/2012,3117189
1/26/2012,3117189
1/27/2012,3117189
1/30/2012,3117189
1/31/2012,3117189
2/1/2012,3117189
2/2/2012,3117189
2/3/2012,3117189
2/6/2012,3117189
2/7/2012,3117189
2/8/2012,3117189
2/9/2012,3117189
2/10/2012,3117189
2/13/2012,3117189
2/14/2012,3117189
2/15/2012,3117189
2/16/2012,3117189
2/17/2012,3117189
2/20/2012,3117189
2/21/2012,3117189
2/22/2012,3117189
2/23/2012,3117189
2/24/2012,3117189
2/27/2012,3117189
2/28/2012,3117189
2/29/2012,3117189
3/1/2012,3117189
3/2/2012,3117189
3/5/2012,3117189
3/6/2012,3117189
3/7/2012,3117189
3/8/2012,3117189
3/9/2012,3117189
3/12/2012,3117189
3/13/2012,3117189
3/14/2012,3117189
3/15/2012,3117189
3/16/2012,3117189
3/19/2012,3117189
3/20/2012,3117189
3/21/2012,3117189
3/22/2012,3117189
3/23/2012,3117189
3/26/2012,3117189
3/27/2012,3117189
3/28/2012,3117189
3/29/2012,3117189
3/30/2012,3117189
4/2/2012,3117501
4/3/2012,3117501
4/4/2012,3117501
4/5/2012,3117501
4/6/2012,3117501
4/9/2012,3117501
4/10/2012,3117501
4/11/2012,3117501
4/12/2012,3117501
4/13/2012,3117501
4/16/2012,3117501
4/17/2012,3117501
4/18/2012,3117501
4/19/2012,3117501
4/20/2012,3117501
4/23/2012,3117501
4/24/2012,3117501
4/25/2012,3117501
4/26/2012,3117501
4/27/2012,3117501
4/30/2012,3125094
5/1/2012,3125094
5/2/2012,3125094
5/3/2012,3125094
5/4/2012,3125094
5/7/2012,3125094
5/8/2012,3125094
5/9/2012,3125094
5/10/2012,3125094
5/11/2012,3125094
5/14/2012,3125094
5/15/2012,3125094
5/16/2012,3125094
5/17/2012,3125094
5/18/2012,3125094
5/21/2012,3125094
5/22/2012,3125094
5/23/2012,3125094
5/24/2012,3125094
5/25/2012,3125094
5/28/2012,3125094
5/29/2012,3125094
5/30/2012,3125094
5/31/2012,3125094
6/1/2012,3125094
6/4/2012,3125094
6/5/2012,3125094
6/6/2012,3125094
6/7/2012,3125094
6/8/2012,3125094
6/11/2012,3125094
6/12/2012,3125094
6/13/2012,3125094
6/14/2012,3125094
6/15/2012,3125094
6/18/2012,3125094
6/19/2012,3125094
6/20/2012,3125094
6/21/2012,3125094
6/22/2012,3125094
6/25/2012,3125094
6/26/2012,3125094
6/27/2012,3125094
6/28/2012,3125094
6/29/2012,3125094
7/2/2012,3118384
7/3/2012,3118384
7/4/2012,3118384
7/5/2012,3118384
7/6/2012,3118384
7/9/2012,3118384
7/10/2012,3118384
7/11/2012,3118384
7/12/2012,3118384
7/13/2012,3118384
7/16/2012,3118384
7/17/2012,3118384
7/18/2012,3118384
7/19/2012,3118384
7/20/2012,3118384
7/23/2012,3118384
7/24/2012,3118384
7/25/2012,3118384
7/26/2012,3118384
7/27/2012,3118384
7/30/2012,3118384
7/31/2012,3118384
8/1/2012,3118384
8/2/2012,3118384
8/3/2012,3118384
8/6/2012,3118384
8/7/2012,3118384
8/8/2012,3118384
8/9/2012,3118384
8/10/2012,3118384
8/13/2012,3118384
8/14/2012,3118384
8/15/2012,3118384
8/16/2012,3118384
8/17/2012,3118384
8/20/2012,3118384
8/21/2012,3118384
8/22/2012,3118384
8/23/2012,3118384
8/24/2012,3118384
8/27/2012,3118384
8/28/2012,3118384
8/29/2012,3118384
8/30/2012,3118384
8/31/2012,3118384
9/3/2012,3118384
9/4/2012,3118384
9/5/2012,3118384
9/6/2012,3118384
9/7/2012,3118384
9/10/2012,3118384
9/11/2012,3118384
9/12/2012,3118384
9/13/2012,3118384
9/14/2012,3118384
9/17/2012,3118384
9/18/2012,3118384
9/19/2012,3118384
9/20/2012,3118384
9/21/2012,3118384
9/24/2012,3118384
9/25/2012,3118384
9/26/2012,3118384
9/27/2012,3118384
9/28/2012,3118384
10/1/2012,3126223
10/2/2012,3126223
10/3/2012,3126223
10/4/2012,3126223
10/5/2012,3126223
10/8/2012,3126223
10/9/2012,3126223
10/10/2012,3126223
10/11/2012,3126223
10/12/2012,3126223
10/15/2012,3126223
10/16/2012,3126223
10/17/2012,3126223
10/18/2012,3126223
10/19/2012,3126223
10/22/2012,3126223
10/23/2012,3126223
10/24/2012,3126223
10/25/2012,3126223
10/26/2012,3126223
10/29/2012,3126223
10/30/2012,3126223
10/31/2012,3126223
11/1/2012,3126223
11/2/2012,3126223
11/5/2012,3126223
11/6/2012,3126223
11/7/2012,3126223
11/8/2012,3126223
11/9/2012,3126223
11/12/2012,3126223
11/13/2012,3126223
11/14/2012,3126223
11/15/2012,3126223
11/16/2012,3126223
11/19/2012,3126223
11/20/2012,3126223
11/21/2012,3126223
11/22/2012,3126223
11/23/2012,3126223
11/26/2012,3126223
11/27/2012,3126223
11/28/2012,3126223
11/29/2012,3126223
11/30/2012,3126223
12/3/2012,3126223
12/4/2012,3126223
12/5/2012,3126223
12/6/2012,3126223
12/7/2012,3126223
12/10/2012,3126223
12/11/2012,3126223
12/12/2012,3126223
12/13/2012,3126223
12/14/2012,3126223
12/17/2012,3126223
12/18/2012,3126223
12/19/2012,3126223
12/20/2012,3126223
12/21/2012,3126223
12/24/2012,3126223
12/25/2012,3126223
12/26/2012,3126223
12/27/2012,3126223
12/28/2012,3126223
12/31/2012,3126909
1/1/2013,3126909
1/2/2013,3126909
1/3/2013,3126909
1/4/2013,3126909
1/7/2013,3126909
1/8/2013,3126909
1/9/2013,3126909
1/10/2013,3126909
1/11/2013,3126909
1/14/2013,3126909
1/15/2013,3126909
1/16/2013,3126909
1/17/2013,3126909
1/18/2013,3126909
1/21/2013,3126909
1/22/2013,3126909
1/23/2013,3126909
1/24/2013,3126909
1/25/2013,3126909
1/28/2013,3126909
1/29/2013,3126909
1/30/2013,3126909
1/31/2013,3126909
2/1/2013,3126909
2/4/2013,3126909
2/5/2013,3131400
2/6/2013,3131400
2/7/2013,3131400
2/8/2013,3131400
2/11/2013,3131400
2/12/2013,3131400
2/13/2013,3131400
2/14/2013,3131400
2/15/2013,3131400
2/18/2013,3131400
2/19/2013,3131400
2/20/2013,3131400
2/21/2013,3131400
2/22/2013,3131400
2/25/2013,3131400
2/26/2013,3131400
2/27/2013,3131400
2/28/2013,3131400
3/1/2013,3131400
3/4/2013,3131400
3/5/2013,3131400
3/6/2013,3131400
3/7/2013,3131400
3/8/2013,3131400
3/11/2013,3131400
3/12/2013,3131400
3/13/2013,3131400
3/14/2013,3131400
3/15/2013,3131400
3/18/2013,3131400
3/19/2013,3131400
3/20/2013,3131400
3/21/2013,3131400
3/22/2013,3131400
3/25/2013,3131400
3/26/2013,3131400
3/27/2013,3131400
3/28/2013,3131400
3/29/2013,3131400
4/1/2013,3132287
4/2/2013,3132287
4/3/2013,3132287
4/4/2013,3132287
4/5/2013,3132287
4/8/2013,3132287
4/9/2013,3132287
4/10/2013,3132287
4/11/2013,3132287
4/12/2013,3132287
4/15/2013,3132287
4/16/2013,3132287
4/17/2013,3132287
4/18/2013,3132287
4/19/2013,3132287
4/22/2013,3132287
4/23/2013,3132287
4/24/2013,3132287
4/25/2013,3132287
4/26/2013,3132287
4/29/2013,3132287
4/30/2013,3132287
5/1/2013,3132287
5/2/2013,3132287
5/3/2013,3132287
5/6/2013,3132287
5/7/2013,3132287
5/8/2013,3132287
5/9/2013,3132287
5/10/2013,3132287
5/13/2013,3132287
5/14/2013,3132287
5/15/2013,3132287
5/16/2013,3132287
5/17/2013,3132287
5/20/2013,3132287
5/21/2013,3132287
5/22/2013,3132287
5/23/2013,3132287
5/24/2013,3132287
5/27/2013,3132287
5/28/2013,3132287
5/29/2013,3132287
5/30/2013,3132287
5/31/2013,3132287
6/3/2013,3132287
6/4/2013,3132287
6/5/2013,3132287
6/6/2013,3132287
6/7/2013,3132287
6/10/2013,3132287
6/11/2013,3132287
6/12/2013,3132287
6/13/2013,3132287
6/14/2013,3132287
6/17/2013,3132287
6/18/2013,3132287
6/19/2013,3132287
6/20/2013,3132287
6/21/2013,3132287
6/24/2013,3132287
6/25/2013,3132287
6/26/2013,3132287
6/27/2013,3132287
6/28/2013,3132287
7/1/2013,3132287
7/2/2013,3132287
7/3/2013,3132287
7/4/2013,3132287
7/5/2013,3132287
7/8/2013,3132287
7/9/2013,3132287
7/10/2013,3132287
7/11/2013,3132287
7/12/2013,3132287
7/15/2013,3132287
7/16/2013,3132287
7/17/2013,3132287
7/18/2013,3132287
7/19/2013,3132287
7/22/2013,3132287
7/23/2013,3132287
7/24/2013,3132287
7/25/2013,3132287
7/26/2013,3132287
7/29/2013,3132287
7/30/2013,3132287
7/31/2013,3132287
8/1/2013,3132287
8/2/2013,3132287
8/5/2013,3132287
8/6/2013,3132287
8/7/2013,3132287
8/8/2013,3132287
8/9/2013,3132287
8/12/2013,3132287
8/13/2013,3132287
8/14/2013,3132287
8/15/2013,3132287
8/16/2013,3132287
8/19/2013,3132287
8/20/2013,3132287
8/21/2013,3132287
8/22/2013,3132287
8/23/2013,3132287
8/26/2013,3132287
8/27/2013,3132287
8/28/2013,3132287
8/29/2013,3132287
8/30/2013,3132287
9/2/2013,3132287
9/3/2013,3132287
9/4/2013,3132287
9/5/2013,3132287
9/6/2013,3132287
9/9/2013,3132287
9/10/2013,3132287
9/11/2013,3132287
9/12/2013,3132287
9/13/2013,3132287
9/16/2013,3132287
9/17/2013,3132287
9/18/2013,3132287
9/19/2013,3132287
9/20/2013,3132287
9/23/2013,3132287
9/24/2013,3132287
9/25/2013,3132287
9/26/2013,3132287
9/27/2013,3132287
9/30/2013,3132287
10/1/2013,3132287
10/2/2013,3132287
10/3/2013,3132287
10/4/2013,3132287
10/7/2013,3132287
10/8/2013,3132287
10/9/2013,3132287
10/10/2013,3132287
10/11/2013,3132287
10/14/2013,3132287
10/15/2013,3132287
10/16/2013,3132287
10/17/2013,3132287
10/18/2013,3132287
10/21/2013,3132287
10/22/2013,3132287
10/23/2013,3132287
10/24/2013,3132287
10/25/2013,3132287
10/28/2013,3132287
10/29/2013,3132287
10/30/2013,3132287
10/31/2013,3132287
11/1/2013,3132287
11/4/2013,3132287
11/5/2013,3132287
11/6/2013,3132287
11/7/2013,3132287
11/8/2013,3132287
11/11/2013,15662591
11/12/2013,15662591
11/13/2013,15662591
11/14/2013,15662591
11/15/2013,15662591
11/18/2013,15662591
11/19/2013,15662591
11/20/2013,15662591
11/21/2013,15662591
11/22/2013,15662591
11/25/2013,15662591
11/26/2013,15662591
11/27/2013,15662591
11/28/2013,15662591
11/29/2013,15662591
12/2/2013,15662591
12/3/2013,15662591
12/4/2013,15662591
12/5/2013,15662591
12/6/2013,15662591
12/9/2013,15662591
12/10/2013,15662591
12/11/2013,15662591
12/12/2013,15662591
12/13/2013,15662591
12/16/2013,15662591
12/17/2013,15662591
12/18/2013,15662591
12/19/2013,15662591
12/20/2013,15662591
12/23/2013,15662591
12/24/2013,15662591
12/25/2013,15662591
12/26/2013,15662591
12/27/2013,15662591
12/30/2013,15662591
12/31/2013,15642926
1/1/2014,15642926
1/2/2014,15642926
1/3/2014,15642926
1/6/2014,15642926
1/7/2014,15642926
1/8/2014,15642926
1/9/2014,15642926
1/10/2014,15642926
1/13/2014,15642926
1/14/2014,15642926
1/15/2014,15642926
1/16/2014,15642926
1/17/2014,15642926
1/20/2014,15642926
1/21/2014,15642926
1/22/2014,15642926
1/23/2014,15642926
1/24/2014,15642926
1/27/2014,15642926
1/28/2014,15642926
1/29/2014,15642926
1/30/2014,15642926
1/31/2014,15642926
2/3/2014,15642926
2/4/2014,15642926
2/5/2014,15642926
2/6/2014,15642926
2/7/2014,15642926
2/10/2014,15642926
2/11/2014,15642926
2/12/2014,15642926
2/13/2014,15642926
2/14/2014,15642926
2/17/2014,15642926
2/18/2014,15642926
2/19/2014,15642926
2/20/2014,15642926
2/21/2014,15642926
2/24/2014,15642926
2/25/2014,15642926
2/26/2014,15642926
2/27/2014,15642926
2/28/2014,15642926
3/3/2014,15642926
3/4/2014,15642926
3/5/2014,15642926
3/6/2014,15642926
3/7/2014,15642926
3/10/2014,15642926
3/11/2014,15642926
3/12/2014,15642926
3/13/2014,15642926
3/14/2014,15642926
3/17/2014,15642926
3/18/2014,15642926
3/19/2014,15642926
3/20/2014,15642926
3/21/2014,15642926
3/24/2014,15642926
3/25/2014,15642926
3/26/2014,15642926
3/27/2014,15642926
3/28/2014,15642926
3/31/2014,15665947
4/1/2014,15665947
4/2/2014,15665947
4/3/2014,15665947
4/4/2014,15665947
4/7/2014,15665947
4/8/2014,15665947
4/9/2014,15665947
4/10/2014,15665947
4/11/2014,15665947
4/14/2014,15665947
4/15/2014,15665947
4/16/2014,15665947
4/17/2014,15665947
4/18/2014,15665947
4/21/2014,15665947
4/22/2014,15665947
4/23/2014,15665947
4/24/2014,15665947
4/25/2014,15665947
4/28/2014,15665947
4/29/2014,15687870
4/30/2014,15687870
5/1/2014,15687870
5/2/2014,15687870
5/5/2014,15687870
5/6/2014,15687870
5/7/2014,15687870
5/8/2014,15687870
5/9/2014,15687870
5/12/2014,15687870
5/13/2014,15687870
5/14/2014,15687870
5/15/2014,15687870
5/16/2014,15687870
5/19/2014,15687870
5/20/2014,15687870
5/21/2014,15687870
5/22/2014,15687870
5/23/2014,15687870
5/26/2014,15687870
5/27/2014,15687870
5/28/2014,15687870
5/29/2014,15687870
5/30/2014,15687870
6/2/2014,15687870
6/3/2014,15687870
6/4/2014,15687870
6/5/2014,15687870
6/6/2014,15687870
6/9/2014,15687870
6/10/2014,15687870
6/11/2014,15687870
6/12/2014,15687870
6/13/2014,15687870
6/16/2014,15687870
6/17/2014,15687870
6/18/2014,15687870
6/19/2014,15687870
6/20/2014,15687870
6/23/2014,15687870
6/24/2014,15687870
6/25/2014,15687870
6/26/2014,15687870
6/27/2014,15687870
6/30/2014,15670318
7/1/2014,15670318
7/2/2014,15670318
7/3/2014,15670318
7/4/2014,15670318
7/7/2014,15670318
7/8/2014,15670318
7/9/2014,15670318
7/10/2014,15670318
7/11/2014,15670318
7/14/2014,15670318
7/15/2014,15670318
7/16/2014,15670318
7/17/2014,15670318
7/18/2014,15670318
7/21/2014,15670318
7/22/2014,15670318
7/23/2014,15670318
7/24/2014,15670318
7/25/2014,15670318
7/28/2014,15670318
7/29/2014,15670318
7/30/2014,15670318
7/31/2014,15670318
8/1/2014,15670318
8/4/2014,15670318
8/5/2014,15670318
8/6/2014,15670318
8/7/2014,15670318
8/8/2014,15670318
8/11/2014,15670318
8/12/2014,15670318
8/13/2014,15670318
8/14/2014,15670318
8/15/2014,15670318
8/18/2014,15670318
8/19/2014,15670318
8/20/2014,15670318
8/21/2014,15670318
8/22/2014,15670318
8/25/2014,15670318
8/26/2014,15670318
8/27/2014,15670318
8/28/2014,15670318
8/29/2014,15670318
9/1/2014,15670318
9/2/2014,15670318
9/3/2014,15670318
9/4/2014,15670318
9/5/2014,15670318
9/8/2014,15670318
9/9/2014,15670318
9/10/2014,15670318
9/11/2014,15670318
9/12/2014,15670318
9/15/2014,15670318
9/16/2014,15670318
9/17/2014,15670318
9/18/2014,15670318
9/19/2014,15670318
9/22/2014,15670318
9/23/2014,15670318
9/24/2014,15670318
9/25/2014,15670318
9/26/2014,15670318
9/29/2014,15670318
9/30/2014,15697835
10/1/2014,15697835
10/2/2014,15697835
10/3/2014,15697835
10/6/2014,15697835
10/7/2014,15697835
10/8/2014,15697835
10/9/2014,15697835
10/10/2014,15697835
10/13/2014,15697835
10/14/2014,15697835
10/15/2014,15697835
10/16/2014,15697835
10/17/2014,15697835
10/20/2014,15697835
10/21/2014,15697835
10/22/2014,15697835
10/23/2014,15697835
10/24/2014,15697835
10/27/2014,15697835
10/28/2014,15697835
10/29/2014,15697835
10/30/2014,15697835
10/31/2014,15697835
11/3/2014,15697835
11/4/2014,15697835
11/5/2014,15697835
11/6/2014,15697835
11/7/2014,15697835
11/10/2014,15697835
11/11/2014,15697835
11/12/2014,15697835
11/13/2014,15697835
11/14/2014,15697835
11/17/2014,15697835
11/18/2014,15697835
11/19/2014,15697835
11/20/2014,15697835
11/21/2014,15697835
11/24/2014,15697835
11/25/2014,15697835
11/26/2014,15697835
11/27/2014,15697835
11/28/2014,15697835
12/1/2014,15697835
12/2/2014,15697835
12/3/2014,15697835
12/4/2014,15697835
12/5/2014,15697835
12/8/2014,15697835
12/9/2014,15697835
12/10/2014,15697835
12/11/2014,15697835
12/12/2014,15697835
12/15/2014,15697835
12/16/2014,15697835
12/17/2014,15697835
12/18/2014,15697835
12/19/2014,15697835
12/22/2014,15697835
12/23/2014,15697835
12/24/2014,15697835
12/25/2014,15697835
12/26/2014,15697835
12/29/2014,15697835
12/30/2014,15697835
12/31/2014,15712202
1/1/2015,15712202
1/2/2015,15712202
1/5/2015,15712202
1/6/2015,15712202
1/7/2015,15712202
1/8/2015,15712202
1/9/2015,15712202
1/12/2015,15712202
1/13/2015,15712202
1/14/2015,15712202
1/15/2015,15712202
1/16/2015,15712202
1/19/2015,15712202
1/20/2015,15712202
1/21/2015,15712202
1/22/2015,15712202
1/23/2015,15712202
1/26/2015,15712202
1/27/2015,15712202
1/28/2015,15712202
1/29/2015,15712202
1/30/2015,15712202
2/2/2015,15712202
2/3/2015,15712202
2/4/2015,15712202
2/5/2015,15712202
2/6/2015,15712202
2/9/2015,15712202
2/10/2015,15712202
2/11/2015,15712202
2/12/2015,15712202
2/13/2015,15712202
2/16/2015,15712202
2/17/2015,15712202
2/18/2015,15712202
2/19/2015,15712202
2/20/2015,15712202
2/23/2015,15712202
2/24/2015,15712202
2/25/2015,15712202
2/26/2015,15712202
2/27/2015,15712202
3/2/2015,15712202
3/3/2015,15712202
3/4/2015,15712202
3/5/2015,15712202
3/6/2015,15712202
3/9/2015,15712202
3/10/2015,15712202
3/11/2015,15712202
3/12/2015,15712202
3/13/2015,15712202
3/16/2015,15712202
3/17/2015,15712202
3/18/2015,15712202
3/19/2015,15712202
3/20/2015,15712202
3/23/2015,15712202
3/24/2015,15712202
3/25/2015,15712202
3/26/2015,15712202
3/27/2015,15712202
3/30/2015,15712202
3/31/2015,15713667
4/1/2015,15713667
4/2/2015,15713667
4/3/2015,15713667
4/6/2015,15713667
4/7/2015,15713667
4/8/2015,15713667
4/9/2015,15713667
4/10/2015,15713667
4/13/2015,15713667
4/14/2015,15713667
4/15/2015,15713667
4/16/2015,15713667
4/17/2015,15713667
4/20/2015,15713667
4/21/2015,15713667
4/22/2015,15713667
4/23/2015,15713667
4/24/2015,15713667
4/27/2015,15713667
4/28/2015,15713667
4/29/2015,15713667
4/30/2015,15713667
5/1/2015,15713667
5/4/2015,15713667
5/5/2015,15713667
5/6/2015,15713667
5/7/2015,15713667
5/8/2015,15713667
5/11/2015,15713667
5/12/2015,15713667
5/13/2015,15713667
5/14/2015,15713667
5/15/2015,15713667
5/18/2015,15713667
5/19/2015,15713667
5/20/2015,15713667
5/21/2015,15713667
5/22/2015,15713667
5/25/2015,15713667
5/26/2015,15713667
5/27/2015,15713667
5/28/2015,15713667
5/29/2015,15713667
6/1/2015,15713667
6/2/2015,15713667
6/3/2015,15713667
6/4/2015,15713667
6/5/2015,15713667
6/8/2015,15713667
6/9/2015,15713667
6/10/2015,15713667
6/11/2015,15713667
6/12/2015,15713667
6/15/2015,15713667
6/16/2015,15713667
6/17/2015,15713667
6/18/2015,15713667
6/19/2015,15713667
6/22/2015,15713667
6/23/2015,15713667
6/24/2015,15713667
6/25/2015,15713667
6/26/2015,15713667
6/29/2015,15713667
6/30/2015,15697268
7/1/2015,15697268
7/2/2015,15697268
7/3/2015,15697268
7/6/2015,15697268
7/7/2015,15697268
7/8/2015,15697268
7/9/2015,15697268
7/10/2015,15697268
7/13/2015,15697268
7/14/2015,15697268
7/15/2015,15697268
7/16/2015,15697268
7/17/2015,15697268
7/20/2015,15697268
7/21/2015,15697268
7/22/2015,15697268
7/23/2015,15697268
7/24/2015,15697268
7/27/2015,15697268
7/28/2015,15697268
7/29/2015,15697268
7/30/2015,15697268
7/31/2015,15697268
8/3/2015,15697268
8/4/2015,15697268
8/5/2015,15697268
8/6/2015,15697268
8/7/2015,15697268
8/10/2015,15697268
8/11/2015,15697268
8/12/2015,15697268
8/13/2015,15697268
8/14/2015,15697268
8/17/2015,15697268
8/18/2015,15697268
8/19/2015,15697268
8/20/2015,15697268
8/21/2015,15697268
8/24/2015,15697268
8/25/2015,15697268
8/26/2015,15697268
8/27/2015,15697268
8/28/2015,15697268
8/31/2015,15697268
9/1/2015,15697268
9/2/2015,15697268
9/3/2015,15697268
9/4/2015,15697268
9/7/2015,15697268
9/8/2015,15697268
9/9/2015,15697268
9/10/2015,15697268
9/11/2015,15697268
9/14/2015,15697268
9/15/2015,15697268
9/16/2015,15697268
9/17/2015,15697268
9/18/2015,15697268
9/21/2015,15697268
9/22/2015,15697268
9/23/2015,15697268
9/24/2015,15697268
9/25/2015,15697268
9/28/2015,15697268
9/29/2015,15697268
9/30/2015,15679851
10/1/2015,15679851
10/2/2015,15679851
10/5/2015,15679851
10/6/2015,15679851
10/7/2015,15679851
10/8/2015,15679851
10/9/2015,15679851
10/12/2015,15679851
10/13/2015,15679851
10/14/2015,15679851
10/15/2015,15679851
10/16/2015,15679851
10/19/2015,15679851
10/20/2015,15679851
10/21/2015,15679851
10/22/2015,15679851
10/23/2015,15679851
10/26/2015,15679851
10/27/2015,15679851
10/28/2015,15679851
10/29/2015,15679851
10/30/2015,15679851
11/2/2015,15679851
11/3/2015,15679851
11/4/2015,15679851
11/5/2015,15679851
11/6/2015,15679851
11/9/2015,15679851
11/10/2015,15679851
11/11/2015,15679851
11/12/2015,15679851
11/13/2015,15679851
11/16/2015,15679851
11/17/2015,15679851
11/18/2015,15679851
11/19/2015,15679851
11/20/2015,15679851
11/23/2015,15679851
11/24/2015,15679851
11/25/2015,15679851
11/26/2015,15679851
11/27/2015,15679851
11/30/2015,15679851
12/1/2015,15679851
12/2/2015,15679851
12/3/2015,15679851
12/4/2015,15679851
12/7/2015,15679851
12/8/2015,15679851
12/9/2015,15679851
12/10/2015,15679851
12/11/2015,15679851
12/14/2015,15679851
12/15/2015,15679851
12/16/2015,15679851
12/17/2015,15679851
12/18/2015,15679851
12/21/2015,15679851
12/22/2015,15679851
12/23/2015,15679851
12/24/2015,15679851
12/25/2015,15679851
12/28/2015,15679851
12/29/2015,15679851
12/30/2015,15679851
12/31/2015,15679851
1/1/2016,15679851
1/4/2016,15679851
1/5/2016,15679851
1/6/2016,15679851
1/7/2016,15679851
1/8/2016,15679851
1/11/2016,15679851
1/12/2016,15679851
1/13/2016,15679851
1/14/2016,15679851
1/15/2016,15679851
1/18/2016,15679851
1/19/2016,15679851
1/20/2016,15679851
1/21/2016,15679851
1/22/2016,15679851
1/25/2016,15679851
1/26/2016,15679851
1/27/2016,15679851
1/28/2016,15679851
1/29/2016,15679851
2/1/2016,15679851
2/2/2016,15679851
2/3/2016,15679851
2/4/2016,15679851
2/5/2016,15679851
2/8/2016,15679851
2/9/2016,15679851
2/10/2016,15679851
2/11/2016,15679851
2/12/2016,15679851
2/15/2016,15679851
2/16/2016,15679851
