12/31/1999,1.02E+09
1/3/2000,1.09E+09
1/4/2000,1.09E+09
1/5/2000,1.09E+09
1/6/2000,1.09E+09
1/7/2000,1.09E+09
1/10/2000,1.09E+09
1/11/2000,1.09E+09
1/12/2000,1.09E+09
1/13/2000,1.09E+09
1/14/2000,1.09E+09
1/17/2000,1.09E+09
1/18/2000,1.09E+09
1/19/2000,1.09E+09
1/20/2000,1.09E+09
1/21/2000,1.09E+09
1/24/2000,1.09E+09
1/25/2000,1.09E+09
1/26/2000,1.09E+09
1/27/2000,1.09E+09
1/28/2000,1.09E+09
1/31/2000,1.09E+09
2/1/2000,1.09E+09
2/2/2000,1.09E+09
2/3/2000,1.09E+09
2/4/2000,1.09E+09
2/7/2000,1.09E+09
2/8/2000,1.09E+09
2/9/2000,1.09E+09
2/10/2000,1.09E+09
2/11/2000,1.09E+09
2/14/2000,1.09E+09
2/15/2000,1.09E+09
2/16/2000,1.09E+09
2/17/2000,1.09E+09
2/18/2000,1.09E+09
2/21/2000,1.09E+09
2/22/2000,1.09E+09
2/23/2000,1.09E+09
2/24/2000,1.09E+09
2/25/2000,1.09E+09
2/28/2000,1.09E+09
2/29/2000,1.09E+09
3/1/2000,1.09E+09
3/2/2000,1.09E+09
3/3/2000,1.09E+09
3/6/2000,1.09E+09
3/7/2000,1.09E+09
3/8/2000,1.09E+09
3/9/2000,1.09E+09
3/10/2000,1.09E+09
3/13/2000,1.09E+09
3/14/2000,1.09E+09
3/15/2000,1.09E+09
3/16/2000,1.09E+09
3/17/2000,1.09E+09
3/20/2000,1.09E+09
3/21/2000,1.09E+09
3/22/2000,1.09E+09
3/23/2000,1.09E+09
3/24/2000,1.09E+09
3/27/2000,1.09E+09
3/28/2000,1.09E+09
3/29/2000,1.09E+09
3/30/2000,1.09E+09
3/31/2000,1.09E+09
4/3/2000,1.09E+09
4/4/2000,1.09E+09
4/5/2000,1.09E+09
4/6/2000,1.09E+09
4/7/2000,1.09E+09
4/10/2000,1.09E+09
4/11/2000,1.09E+09
4/12/2000,1.09E+09
4/13/2000,1.09E+09
4/14/2000,1.09E+09
4/17/2000,1.09E+09
4/18/2000,1.09E+09
4/19/2000,1.09E+09
4/20/2000,1.09E+09
4/21/2000,1.09E+09
4/24/2000,1.09E+09
4/25/2000,1.09E+09
4/26/2000,1.09E+09
4/27/2000,1.09E+09
4/28/2000,1.09E+09
5/1/2000,1.09E+09
5/2/2000,1.09E+09
5/3/2000,1.09E+09
5/4/2000,1.09E+09
5/5/2000,1.09E+09
5/8/2000,1.09E+09
5/9/2000,1.09E+09
5/10/2000,1.09E+09
5/11/2000,1.09E+09
5/12/2000,1.09E+09
5/15/2000,1.09E+09
5/16/2000,1.09E+09
5/17/2000,1.09E+09
5/18/2000,1.09E+09
5/19/2000,1.09E+09
5/22/2000,1.09E+09
5/23/2000,1.09E+09
5/24/2000,1.09E+09
5/25/2000,1.09E+09
5/26/2000,1.09E+09
5/29/2000,1.09E+09
5/30/2000,1.09E+09
5/31/2000,1.09E+09
6/1/2000,1.09E+09
6/2/2000,1.09E+09
6/5/2000,1.09E+09
6/6/2000,1.09E+09
6/7/2000,1.09E+09
6/8/2000,1.09E+09
6/9/2000,1.09E+09
6/12/2000,1.09E+09
6/13/2000,1.09E+09
6/14/2000,1.09E+09
6/15/2000,1.09E+09
6/16/2000,1.09E+09
6/19/2000,1.09E+09
6/20/2000,1.09E+09
6/21/2000,1.09E+09
6/22/2000,1.09E+09
6/23/2000,1.09E+09
6/26/2000,1.09E+09
6/27/2000,1.09E+09
6/28/2000,1.09E+09
6/29/2000,1.09E+09
6/30/2000,1.09E+09
7/3/2000,1.09E+09
7/4/2000,1.09E+09
7/5/2000,1.09E+09
7/6/2000,1.09E+09
7/7/2000,1.09E+09
7/10/2000,1.09E+09
7/11/2000,1.09E+09
7/12/2000,1.09E+09
7/13/2000,1.09E+09
7/14/2000,1.09E+09
7/17/2000,1.09E+09
7/18/2000,1.09E+09
7/19/2000,1.09E+09
7/20/2000,1.09E+09
7/21/2000,1.09E+09
7/24/2000,1.09E+09
7/25/2000,1.09E+09
7/26/2000,1.09E+09
7/27/2000,1.09E+09
7/28/2000,1.09E+09
7/31/2000,1.09E+09
8/1/2000,1.09E+09
8/2/2000,1.09E+09
8/3/2000,1.09E+09
8/4/2000,1.09E+09
8/7/2000,1.09E+09
8/8/2000,1.09E+09
8/9/2000,1.09E+09
8/10/2000,1.09E+09
8/11/2000,1.09E+09
8/14/2000,1.09E+09
8/15/2000,1.09E+09
8/16/2000,1.09E+09
8/17/2000,1.09E+09
8/18/2000,1.09E+09
8/21/2000,1.09E+09
8/22/2000,1.09E+09
8/23/2000,1.09E+09
8/24/2000,1.09E+09
8/25/2000,1.09E+09
8/28/2000,1.09E+09
8/29/2000,1.09E+09
8/30/2000,1.09E+09
8/31/2000,1.09E+09
9/1/2000,1.09E+09
9/4/2000,1.09E+09
9/5/2000,1.09E+09
9/6/2000,1.09E+09
9/7/2000,1.09E+09
9/8/2000,1.09E+09
9/11/2000,1.09E+09
9/12/2000,1.09E+09
9/13/2000,1.09E+09
9/14/2000,1.09E+09
9/15/2000,1.09E+09
9/18/2000,1.09E+09
9/19/2000,1.09E+09
9/20/2000,1.09E+09
9/21/2000,1.09E+09
9/22/2000,1.09E+09
9/25/2000,1.09E+09
9/26/2000,1.09E+09
9/27/2000,1.09E+09
9/28/2000,1.09E+09
9/29/2000,1.09E+09
10/2/2000,1.09E+09
10/3/2000,1.09E+09
10/4/2000,1.09E+09
10/5/2000,1.09E+09
10/6/2000,1.09E+09
10/9/2000,1.09E+09
10/10/2000,1.09E+09
10/11/2000,1.09E+09
10/12/2000,1.09E+09
10/13/2000,1.09E+09
10/16/2000,1.09E+09
10/17/2000,1.09E+09
10/18/2000,1.09E+09
10/19/2000,1.17E+09
10/20/2000,1.17E+09
10/23/2000,1.17E+09
10/24/2000,1.17E+09
10/25/2000,1.17E+09
10/26/2000,1.17E+09
10/27/2000,1.17E+09
10/30/2000,1.17E+09
10/31/2000,1.17E+09
11/1/2000,1.17E+09
11/2/2000,1.17E+09
11/3/2000,1.17E+09
11/6/2000,1.17E+09
11/7/2000,1.17E+09
11/8/2000,1.17E+09
11/9/2000,1.17E+09
11/10/2000,1.17E+09
11/13/2000,1.17E+09
11/14/2000,1.17E+09
11/15/2000,1.17E+09
11/16/2000,1.17E+09
11/17/2000,1.17E+09
11/20/2000,1.17E+09
11/21/2000,1.17E+09
11/22/2000,1.17E+09
11/23/2000,1.17E+09
11/24/2000,1.17E+09
11/27/2000,1.17E+09
11/28/2000,1.17E+09
11/29/2000,1.17E+09
11/30/2000,1.17E+09
12/1/2000,1.17E+09
12/4/2000,1.17E+09
12/5/2000,1.17E+09
12/6/2000,1.17E+09
12/7/2000,1.17E+09
12/8/2000,1.17E+09
12/11/2000,1.17E+09
12/12/2000,1.17E+09
12/13/2000,1.17E+09
12/14/2000,1.17E+09
12/15/2000,1.17E+09
12/18/2000,1.17E+09
12/19/2000,1.17E+09
12/20/2000,1.17E+09
12/21/2000,1.17E+09
12/22/2000,1.17E+09
12/25/2000,1.39E+09
12/26/2000,1.39E+09
12/27/2000,1.39E+09
12/28/2000,1.39E+09
12/29/2000,1.39E+09
1/1/2001,1.39E+09
1/2/2001,1.45E+09
1/3/2001,1.45E+09
1/4/2001,1.45E+09
1/5/2001,1.45E+09
1/8/2001,1.45E+09
1/9/2001,1.45E+09
1/10/2001,1.45E+09
1/11/2001,1.45E+09
1/12/2001,1.45E+09
1/15/2001,1.45E+09
1/16/2001,1.45E+09
1/17/2001,1.45E+09
1/18/2001,1.45E+09
1/19/2001,1.45E+09
1/22/2001,1.45E+09
1/23/2001,1.45E+09
1/24/2001,1.45E+09
1/25/2001,1.45E+09
1/26/2001,1.45E+09
1/29/2001,1.45E+09
1/30/2001,1.45E+09
1/31/2001,1.45E+09
2/1/2001,1.45E+09
2/2/2001,1.45E+09
2/5/2001,1.45E+09
2/6/2001,1.45E+09
2/7/2001,1.45E+09
2/8/2001,1.45E+09
2/9/2001,1.45E+09
2/12/2001,1.45E+09
2/13/2001,1.45E+09
2/14/2001,1.45E+09
2/15/2001,1.45E+09
2/16/2001,1.45E+09
2/19/2001,1.45E+09
2/20/2001,1.45E+09
2/21/2001,1.45E+09
2/22/2001,1.45E+09
2/23/2001,1.45E+09
2/26/2001,1.45E+09
2/27/2001,1.45E+09
2/28/2001,1.45E+09
3/1/2001,1.45E+09
3/2/2001,1.45E+09
3/5/2001,1.45E+09
3/6/2001,1.45E+09
3/7/2001,1.45E+09
3/8/2001,1.45E+09
3/9/2001,1.45E+09
3/12/2001,1.45E+09
3/13/2001,1.45E+09
3/14/2001,1.45E+09
3/15/2001,1.45E+09
3/16/2001,1.45E+09
3/19/2001,1.45E+09
3/20/2001,1.45E+09
3/21/2001,1.45E+09
3/22/2001,1.45E+09
3/23/2001,1.45E+09
3/26/2001,1.45E+09
3/27/2001,1.45E+09
3/28/2001,1.45E+09
3/29/2001,1.45E+09
3/30/2001,1.45E+09
4/2/2001,1.45E+09
4/3/2001,1.45E+09
4/4/2001,1.45E+09
4/5/2001,1.45E+09
4/6/2001,1.45E+09
4/9/2001,1.45E+09
4/10/2001,1.45E+09
4/11/2001,1.45E+09
4/12/2001,1.45E+09
4/13/2001,1.45E+09
4/16/2001,1.45E+09
4/17/2001,1.45E+09
4/18/2001,1.45E+09
4/19/2001,1.45E+09
4/20/2001,1.45E+09
4/23/2001,1.45E+09
4/24/2001,1.45E+09
4/25/2001,1.45E+09
4/26/2001,1.45E+09
4/27/2001,1.45E+09
4/30/2001,1.45E+09
5/1/2001,1.45E+09
5/2/2001,1.45E+09
5/3/2001,1.45E+09
5/4/2001,1.45E+09
5/7/2001,1.45E+09
5/8/2001,1.45E+09
5/9/2001,1.45E+09
5/10/2001,1.45E+09
5/11/2001,1.45E+09
5/14/2001,1.45E+09
5/15/2001,1.45E+09
5/16/2001,1.45E+09
5/17/2001,1.45E+09
5/18/2001,1.45E+09
5/21/2001,1.45E+09
5/22/2001,1.45E+09
5/23/2001,1.45E+09
5/24/2001,1.45E+09
5/25/2001,1.45E+09
5/28/2001,1.45E+09
5/29/2001,1.45E+09
5/30/2001,1.45E+09
5/31/2001,1.45E+09
6/1/2001,1.45E+09
6/4/2001,1.45E+09
6/5/2001,1.45E+09
6/6/2001,1.45E+09
6/7/2001,1.45E+09
6/8/2001,1.45E+09
6/11/2001,1.45E+09
6/12/2001,1.45E+09
6/13/2001,1.45E+09
6/14/2001,1.45E+09
6/15/2001,1.45E+09
6/18/2001,1.45E+09
6/19/2001,1.45E+09
6/20/2001,1.45E+09
6/21/2001,1.45E+09
6/22/2001,1.45E+09
6/25/2001,1.45E+09
6/26/2001,1.45E+09
6/27/2001,1.45E+09
6/28/2001,1.45E+09
6/29/2001,1.45E+09
7/2/2001,1.44E+09
7/3/2001,1.44E+09
7/4/2001,1.44E+09
7/5/2001,1.44E+09
7/6/2001,1.44E+09
7/9/2001,1.44E+09
7/10/2001,1.44E+09
7/11/2001,1.44E+09
7/12/2001,1.44E+09
7/13/2001,1.44E+09
7/16/2001,1.44E+09
7/17/2001,1.44E+09
7/18/2001,1.44E+09
7/19/2001,1.44E+09
7/20/2001,1.44E+09
7/23/2001,1.44E+09
7/24/2001,1.44E+09
7/25/2001,1.44E+09
7/26/2001,1.44E+09
7/27/2001,1.44E+09
7/30/2001,1.44E+09
7/31/2001,1.44E+09
8/1/2001,1.44E+09
8/2/2001,1.44E+09
8/3/2001,1.44E+09
8/6/2001,1.44E+09
8/7/2001,1.44E+09
8/8/2001,1.44E+09
8/9/2001,1.44E+09
8/10/2001,1.44E+09
8/13/2001,1.44E+09
8/14/2001,1.44E+09
8/15/2001,1.44E+09
8/16/2001,1.44E+09
8/17/2001,1.44E+09
8/20/2001,1.44E+09
8/21/2001,1.44E+09
8/22/2001,1.44E+09
8/23/2001,1.44E+09
8/24/2001,1.44E+09
8/27/2001,1.44E+09
8/28/2001,1.44E+09
8/29/2001,1.44E+09
8/30/2001,1.44E+09
8/31/2001,1.44E+09
9/3/2001,1.44E+09
9/4/2001,1.44E+09
9/5/2001,1.44E+09
9/6/2001,1.44E+09
9/7/2001,1.44E+09
9/10/2001,1.44E+09
9/11/2001,1.44E+09
9/12/2001,1.44E+09
9/13/2001,1.44E+09
9/14/2001,1.44E+09
9/17/2001,1.44E+09
9/18/2001,1.44E+09
9/19/2001,1.44E+09
9/20/2001,1.44E+09
9/21/2001,1.44E+09
9/24/2001,1.44E+09
9/25/2001,1.44E+09
9/26/2001,1.44E+09
9/27/2001,1.44E+09
9/28/2001,1.44E+09
10/1/2001,1.44E+09
10/2/2001,1.44E+09
10/3/2001,1.44E+09
10/4/2001,1.44E+09
10/5/2001,1.44E+09
10/8/2001,1.44E+09
10/9/2001,1.44E+09
10/10/2001,1.44E+09
10/11/2001,1.44E+09
10/12/2001,1.44E+09
10/15/2001,1.44E+09
10/16/2001,1.44E+09
10/17/2001,1.44E+09
10/18/2001,1.44E+09
10/19/2001,1.44E+09
10/22/2001,1.44E+09
10/23/2001,1.44E+09
10/24/2001,1.44E+09
10/25/2001,1.44E+09
10/26/2001,1.44E+09
10/29/2001,1.44E+09
10/30/2001,1.44E+09
10/31/2001,1.44E+09
11/1/2001,1.44E+09
11/2/2001,1.44E+09
11/5/2001,1.44E+09
11/6/2001,1.44E+09
11/7/2001,1.44E+09
11/8/2001,1.44E+09
11/9/2001,1.44E+09
11/12/2001,1.44E+09
11/13/2001,1.44E+09
11/14/2001,1.44E+09
11/15/2001,1.44E+09
11/16/2001,1.44E+09
11/19/2001,1.44E+09
11/20/2001,1.44E+09
11/21/2001,1.44E+09
11/22/2001,1.44E+09
11/23/2001,1.44E+09
11/26/2001,1.44E+09
11/27/2001,1.44E+09
11/28/2001,1.44E+09
11/29/2001,1.44E+09
11/30/2001,1.44E+09
12/3/2001,1.44E+09
12/4/2001,1.44E+09
12/5/2001,1.44E+09
12/6/2001,1.44E+09
12/7/2001,1.44E+09
12/10/2001,1.44E+09
12/11/2001,1.44E+09
12/12/2001,1.44E+09
12/13/2001,1.44E+09
12/14/2001,1.44E+09
12/17/2001,1.44E+09
12/18/2001,1.44E+09
12/19/2001,1.44E+09
12/20/2001,1.44E+09
12/21/2001,1.44E+09
12/24/2001,1.44E+09
12/25/2001,1.44E+09
12/26/2001,1.44E+09
12/27/2001,1.44E+09
12/28/2001,1.44E+09
12/31/2001,1.44E+09
1/1/2002,1.44E+09
1/2/2002,1.44E+09
1/3/2002,1.44E+09
1/4/2002,1.44E+09
1/7/2002,1.44E+09
1/8/2002,1.44E+09
1/9/2002,1.44E+09
1/10/2002,1.44E+09
1/11/2002,1.44E+09
1/14/2002,1.44E+09
1/15/2002,1.44E+09
1/16/2002,1.44E+09
1/17/2002,1.44E+09
1/18/2002,1.44E+09
1/21/2002,1.44E+09
1/22/2002,1.44E+09
1/23/2002,1.44E+09
1/24/2002,1.44E+09
1/25/2002,1.44E+09
1/28/2002,1.44E+09
1/29/2002,1.44E+09
1/30/2002,1.44E+09
1/31/2002,1.44E+09
2/1/2002,1.44E+09
2/4/2002,1.44E+09
2/5/2002,1.44E+09
2/6/2002,1.44E+09
2/7/2002,1.44E+09
2/8/2002,1.44E+09
2/11/2002,1.44E+09
2/12/2002,1.44E+09
2/13/2002,1.44E+09
2/14/2002,1.44E+09
2/15/2002,1.44E+09
2/18/2002,1.44E+09
2/19/2002,1.44E+09
2/20/2002,1.44E+09
2/21/2002,1.44E+09
2/22/2002,1.44E+09
2/25/2002,1.44E+09
2/26/2002,1.44E+09
2/27/2002,1.44E+09
2/28/2002,1.44E+09
3/1/2002,1.44E+09
3/4/2002,1.44E+09
3/5/2002,1.44E+09
3/6/2002,1.44E+09
3/7/2002,1.44E+09
3/8/2002,1.44E+09
3/11/2002,1.44E+09
3/12/2002,1.44E+09
3/13/2002,1.44E+09
3/14/2002,1.44E+09
3/15/2002,1.44E+09
3/18/2002,1.44E+09
3/19/2002,1.44E+09
3/20/2002,1.44E+09
3/21/2002,1.44E+09
3/22/2002,1.44E+09
3/25/2002,1.44E+09
3/26/2002,1.44E+09
3/27/2002,1.44E+09
3/28/2002,1.44E+09
3/29/2002,1.44E+09
4/1/2002,1.44E+09
4/2/2002,1.44E+09
4/3/2002,1.44E+09
4/4/2002,1.44E+09
4/5/2002,1.44E+09
4/8/2002,1.44E+09
4/9/2002,1.44E+09
4/10/2002,1.44E+09
4/11/2002,1.44E+09
4/12/2002,1.44E+09
4/15/2002,1.44E+09
4/16/2002,1.44E+09
4/17/2002,1.44E+09
4/18/2002,1.44E+09
4/19/2002,1.44E+09
4/22/2002,1.44E+09
4/23/2002,1.44E+09
4/24/2002,1.44E+09
4/25/2002,1.44E+09
4/26/2002,1.44E+09
4/29/2002,1.44E+09
4/30/2002,1.44E+09
5/1/2002,1.44E+09
5/2/2002,1.44E+09
5/3/2002,1.44E+09
5/6/2002,1.44E+09
5/7/2002,1.44E+09
5/8/2002,1.44E+09
5/9/2002,1.44E+09
5/10/2002,1.44E+09
5/13/2002,1.44E+09
5/14/2002,1.44E+09
5/15/2002,1.44E+09
5/16/2002,1.44E+09
5/17/2002,1.44E+09
5/20/2002,1.44E+09
5/21/2002,1.44E+09
5/22/2002,1.44E+09
5/23/2002,1.44E+09
5/24/2002,1.44E+09
5/27/2002,1.44E+09
5/28/2002,1.44E+09
5/29/2002,1.44E+09
5/30/2002,1.44E+09
5/31/2002,1.44E+09
6/3/2002,1.44E+09
6/4/2002,1.44E+09
6/5/2002,1.44E+09
6/6/2002,1.44E+09
6/7/2002,1.44E+09
6/10/2002,1.44E+09
6/11/2002,1.44E+09
6/12/2002,1.44E+09
6/13/2002,1.44E+09
6/14/2002,1.44E+09
6/17/2002,1.44E+09
6/18/2002,1.44E+09
6/19/2002,1.44E+09
6/20/2002,1.44E+09
6/21/2002,1.44E+09
6/24/2002,1.44E+09
6/25/2002,1.44E+09
6/26/2002,1.44E+09
6/27/2002,1.44E+09
6/28/2002,1.44E+09
7/1/2002,1.44E+09
7/2/2002,1.44E+09
7/3/2002,1.44E+09
7/4/2002,1.44E+09
7/5/2002,1.44E+09
7/8/2002,1.44E+09
7/9/2002,1.44E+09
7/10/2002,1.44E+09
7/11/2002,1.44E+09
7/12/2002,1.44E+09
7/15/2002,1.44E+09
7/16/2002,1.44E+09
7/17/2002,1.44E+09
7/18/2002,1.44E+09
7/19/2002,1.44E+09
7/22/2002,1.44E+09
7/23/2002,1.44E+09
7/24/2002,1.44E+09
7/25/2002,1.44E+09
7/26/2002,1.44E+09
7/29/2002,1.44E+09
7/30/2002,1.44E+09
7/31/2002,1.44E+09
8/1/2002,1.44E+09
8/2/2002,1.44E+09
8/5/2002,1.44E+09
8/6/2002,1.44E+09
8/7/2002,1.44E+09
8/8/2002,1.44E+09
8/9/2002,1.44E+09
8/12/2002,1.44E+09
8/13/2002,1.44E+09
8/14/2002,1.44E+09
8/15/2002,1.44E+09
8/16/2002,1.44E+09
8/19/2002,1.44E+09
8/20/2002,1.44E+09
8/21/2002,1.44E+09
8/22/2002,1.44E+09
8/23/2002,1.44E+09
8/26/2002,1.44E+09
8/27/2002,1.44E+09
8/28/2002,1.44E+09
8/29/2002,1.44E+09
8/30/2002,1.44E+09
9/2/2002,1.44E+09
9/3/2002,1.44E+09
9/4/2002,1.44E+09
9/5/2002,1.44E+09
9/6/2002,1.44E+09
9/9/2002,1.44E+09
9/10/2002,1.44E+09
9/11/2002,1.44E+09
9/12/2002,1.44E+09
9/13/2002,1.44E+09
9/16/2002,1.44E+09
9/17/2002,1.44E+09
9/18/2002,1.44E+09
9/19/2002,1.44E+09
9/20/2002,1.44E+09
9/23/2002,1.44E+09
9/24/2002,1.44E+09
9/25/2002,1.44E+09
9/26/2002,1.44E+09
9/27/2002,1.44E+09
9/30/2002,1.43E+09
10/1/2002,1.43E+09
10/2/2002,1.43E+09
10/3/2002,1.43E+09
10/4/2002,1.43E+09
10/7/2002,1.43E+09
10/8/2002,1.43E+09
10/9/2002,1.43E+09
10/10/2002,1.43E+09
10/11/2002,1.43E+09
10/14/2002,1.43E+09
10/15/2002,1.43E+09
10/16/2002,1.43E+09
10/17/2002,1.43E+09
10/18/2002,1.43E+09
10/21/2002,1.43E+09
10/22/2002,1.43E+09
10/23/2002,1.43E+09
10/24/2002,1.43E+09
10/25/2002,1.43E+09
10/28/2002,1.43E+09
10/29/2002,1.43E+09
10/30/2002,1.43E+09
10/31/2002,1.43E+09
11/1/2002,1.43E+09
11/4/2002,1.43E+09
11/5/2002,1.43E+09
11/6/2002,1.43E+09
11/7/2002,1.43E+09
11/8/2002,1.43E+09
11/11/2002,1.43E+09
11/12/2002,1.43E+09
11/13/2002,1.43E+09
11/14/2002,1.43E+09
11/15/2002,1.43E+09
11/18/2002,1.43E+09
11/19/2002,1.43E+09
11/20/2002,1.43E+09
11/21/2002,1.43E+09
11/22/2002,1.43E+09
11/25/2002,1.43E+09
11/26/2002,1.43E+09
11/27/2002,1.43E+09
11/28/2002,1.43E+09
11/29/2002,1.43E+09
12/2/2002,1.43E+09
12/3/2002,1.43E+09
12/4/2002,1.43E+09
12/5/2002,1.43E+09
12/6/2002,1.43E+09
12/9/2002,1.43E+09
12/10/2002,1.43E+09
12/11/2002,1.43E+09
12/12/2002,1.43E+09
12/13/2002,1.43E+09
12/16/2002,1.43E+09
12/17/2002,1.43E+09
12/18/2002,1.43E+09
12/19/2002,1.43E+09
12/20/2002,1.43E+09
12/23/2002,1.43E+09
12/24/2002,1.43E+09
12/25/2002,1.43E+09
12/26/2002,1.43E+09
12/27/2002,1.43E+09
12/30/2002,1.43E+09
12/31/2002,1.43E+09
1/1/2003,1.43E+09
1/2/2003,1.43E+09
1/3/2003,1.43E+09
1/6/2003,1.43E+09
1/7/2003,1.43E+09
1/8/2003,1.43E+09
1/9/2003,1.43E+09
1/10/2003,1.43E+09
1/13/2003,1.49E+09
1/14/2003,1.49E+09
1/15/2003,1.49E+09
1/16/2003,1.49E+09
1/17/2003,1.49E+09
1/20/2003,1.49E+09
1/21/2003,1.49E+09
1/22/2003,1.49E+09
1/23/2003,1.49E+09
1/24/2003,1.49E+09
1/27/2003,1.49E+09
1/28/2003,1.49E+09
1/29/2003,1.49E+09
1/30/2003,1.49E+09
1/31/2003,1.49E+09
2/3/2003,1.49E+09
2/4/2003,1.49E+09
2/5/2003,1.49E+09
2/6/2003,1.49E+09
2/7/2003,1.49E+09
2/10/2003,1.49E+09
2/11/2003,1.49E+09
2/12/2003,1.49E+09
2/13/2003,1.49E+09
2/14/2003,1.49E+09
2/17/2003,1.49E+09
2/18/2003,1.49E+09
2/19/2003,1.49E+09
2/20/2003,1.49E+09
2/21/2003,1.49E+09
2/24/2003,1.49E+09
2/25/2003,1.49E+09
2/26/2003,1.49E+09
2/27/2003,1.49E+09
2/28/2003,1.49E+09
3/3/2003,1.49E+09
3/4/2003,1.49E+09
3/5/2003,1.49E+09
3/6/2003,1.49E+09
3/7/2003,1.49E+09
3/10/2003,1.49E+09
3/11/2003,1.49E+09
3/12/2003,1.49E+09
3/13/2003,1.49E+09
3/14/2003,1.49E+09
3/17/2003,1.49E+09
3/18/2003,1.49E+09
3/19/2003,1.49E+09
3/20/2003,1.49E+09
3/21/2003,1.49E+09
3/24/2003,1.49E+09
3/25/2003,1.49E+09
3/26/2003,1.49E+09
3/27/2003,1.49E+09
3/28/2003,1.49E+09
3/31/2003,1.52E+09
4/1/2003,1.52E+09
4/2/2003,1.52E+09
4/3/2003,1.52E+09
4/4/2003,1.52E+09
4/7/2003,1.52E+09
4/8/2003,1.52E+09
4/9/2003,1.52E+09
4/10/2003,1.52E+09
4/11/2003,1.52E+09
4/14/2003,1.52E+09
4/15/2003,1.52E+09
4/16/2003,1.52E+09
4/17/2003,1.52E+09
4/18/2003,1.52E+09
4/21/2003,1.52E+09
4/22/2003,1.52E+09
4/23/2003,1.52E+09
4/24/2003,1.52E+09
4/25/2003,1.52E+09
4/28/2003,1.52E+09
4/29/2003,1.52E+09
4/30/2003,1.52E+09
5/1/2003,1.52E+09
5/2/2003,1.52E+09
5/5/2003,1.52E+09
5/6/2003,1.52E+09
5/7/2003,1.52E+09
5/8/2003,1.52E+09
5/9/2003,1.52E+09
5/12/2003,1.52E+09
5/13/2003,1.52E+09
5/14/2003,1.52E+09
5/15/2003,1.52E+09
5/16/2003,1.52E+09
5/19/2003,1.52E+09
5/20/2003,1.52E+09
5/21/2003,1.52E+09
5/22/2003,1.52E+09
5/23/2003,1.52E+09
5/26/2003,1.52E+09
5/27/2003,1.52E+09
5/28/2003,1.52E+09
5/29/2003,1.52E+09
5/30/2003,1.52E+09
6/2/2003,1.52E+09
6/3/2003,1.52E+09
6/4/2003,1.52E+09
6/5/2003,1.52E+09
6/6/2003,1.52E+09
6/9/2003,1.52E+09
6/10/2003,1.59E+09
6/11/2003,1.59E+09
6/12/2003,1.59E+09
6/13/2003,1.59E+09
6/16/2003,1.59E+09
6/17/2003,1.59E+09
6/18/2003,1.59E+09
6/19/2003,1.59E+09
6/20/2003,1.59E+09
6/23/2003,1.59E+09
6/24/2003,1.59E+09
6/25/2003,1.59E+09
6/26/2003,1.59E+09
6/27/2003,1.59E+09
6/30/2003,1.59E+09
7/1/2003,1.59E+09
7/2/2003,1.59E+09
7/3/2003,1.59E+09
7/4/2003,1.59E+09
7/7/2003,1.59E+09
7/8/2003,1.59E+09
7/9/2003,1.59E+09
7/10/2003,1.59E+09
7/11/2003,1.59E+09
7/14/2003,1.59E+09
7/15/2003,1.59E+09
7/16/2003,1.59E+09
7/17/2003,1.59E+09
7/18/2003,1.59E+09
7/21/2003,1.59E+09
7/22/2003,1.59E+09
7/23/2003,1.59E+09
7/24/2003,1.59E+09
7/25/2003,1.59E+09
7/28/2003,1.59E+09
7/29/2003,1.59E+09
7/30/2003,1.59E+09
7/31/2003,1.59E+09
8/1/2003,1.59E+09
8/4/2003,1.59E+09
8/5/2003,1.59E+09
8/6/2003,1.59E+09
8/7/2003,1.59E+09
8/8/2003,1.59E+09
8/11/2003,1.59E+09
8/12/2003,1.59E+09
8/13/2003,1.59E+09
8/14/2003,1.59E+09
8/15/2003,1.59E+09
8/18/2003,1.59E+09
8/19/2003,1.59E+09
8/20/2003,1.59E+09
8/21/2003,1.59E+09
8/22/2003,1.59E+09
8/25/2003,1.59E+09
8/26/2003,1.59E+09
8/27/2003,1.59E+09
8/28/2003,1.59E+09
8/29/2003,1.59E+09
9/1/2003,1.59E+09
9/2/2003,1.59E+09
9/3/2003,1.59E+09
9/4/2003,1.59E+09
9/5/2003,1.59E+09
9/8/2003,1.59E+09
9/9/2003,1.59E+09
9/10/2003,1.59E+09
9/11/2003,1.59E+09
9/12/2003,1.59E+09
9/15/2003,1.59E+09
9/16/2003,1.59E+09
9/17/2003,1.59E+09
9/18/2003,1.59E+09
9/19/2003,1.59E+09
9/22/2003,1.59E+09
9/23/2003,1.59E+09
9/24/2003,1.59E+09
9/25/2003,1.59E+09
9/26/2003,1.59E+09
9/29/2003,1.59E+09
9/30/2003,1.59E+09
10/1/2003,1.59E+09
10/2/2003,1.59E+09
10/3/2003,1.59E+09
10/6/2003,1.59E+09
10/7/2003,1.59E+09
10/8/2003,1.59E+09
10/9/2003,1.59E+09
10/10/2003,1.59E+09
10/13/2003,1.59E+09
10/14/2003,1.59E+09
10/15/2003,1.59E+09
10/16/2003,1.59E+09
10/17/2003,1.59E+09
10/20/2003,1.59E+09
10/21/2003,1.59E+09
10/22/2003,1.59E+09
10/23/2003,1.59E+09
10/24/2003,1.59E+09
10/27/2003,1.59E+09
10/28/2003,1.59E+09
10/29/2003,1.59E+09
10/30/2003,1.59E+09
10/31/2003,1.59E+09
11/3/2003,1.59E+09
11/4/2003,1.59E+09
11/5/2003,1.59E+09
11/6/2003,1.59E+09
11/7/2003,1.59E+09
11/10/2003,1.59E+09
11/11/2003,1.59E+09
11/12/2003,1.59E+09
11/13/2003,1.59E+09
11/14/2003,1.59E+09
11/17/2003,1.59E+09
11/18/2003,1.59E+09
11/19/2003,1.59E+09
11/20/2003,1.59E+09
11/21/2003,1.59E+09
11/24/2003,1.59E+09
11/25/2003,1.59E+09
11/26/2003,1.59E+09
11/27/2003,1.59E+09
11/28/2003,1.59E+09
12/1/2003,1.59E+09
12/2/2003,1.59E+09
12/3/2003,1.59E+09
12/4/2003,1.59E+09
12/5/2003,1.59E+09
12/8/2003,1.59E+09
12/9/2003,1.59E+09
12/10/2003,1.59E+09
12/11/2003,1.59E+09
12/12/2003,1.59E+09
12/15/2003,1.59E+09
12/16/2003,1.59E+09
12/17/2003,1.59E+09
12/18/2003,1.59E+09
12/19/2003,1.59E+09
12/22/2003,1.59E+09
12/23/2003,1.59E+09
12/24/2003,1.59E+09
12/25/2003,1.59E+09
12/26/2003,1.59E+09
12/29/2003,1.59E+09
12/30/2003,1.59E+09
12/31/2003,1.59E+09
1/1/2004,1.59E+09
1/2/2004,1.59E+09
1/5/2004,1.59E+09
1/6/2004,1.59E+09
1/7/2004,1.59E+09
1/8/2004,1.59E+09
1/9/2004,1.59E+09
1/12/2004,1.59E+09
1/13/2004,1.59E+09
1/14/2004,1.59E+09
1/15/2004,1.59E+09
1/16/2004,1.59E+09
1/19/2004,1.59E+09
1/20/2004,1.59E+09
1/21/2004,1.59E+09
1/22/2004,1.59E+09
1/23/2004,1.59E+09
1/26/2004,1.59E+09
1/27/2004,1.59E+09
1/28/2004,1.59E+09
1/29/2004,1.59E+09
1/30/2004,1.59E+09
2/2/2004,1.59E+09
2/3/2004,1.59E+09
2/4/2004,1.59E+09
2/5/2004,1.59E+09
2/6/2004,1.59E+09
2/9/2004,1.59E+09
2/10/2004,1.59E+09
2/11/2004,1.59E+09
2/12/2004,1.59E+09
2/13/2004,1.59E+09
2/16/2004,1.59E+09
2/17/2004,1.59E+09
2/18/2004,1.59E+09
2/19/2004,1.59E+09
2/20/2004,1.59E+09
2/23/2004,1.59E+09
2/24/2004,1.59E+09
2/25/2004,1.59E+09
2/26/2004,1.59E+09
2/27/2004,1.59E+09
3/1/2004,1.59E+09
3/2/2004,1.59E+09
3/3/2004,1.59E+09
3/4/2004,1.59E+09
3/5/2004,1.59E+09
3/8/2004,1.59E+09
3/9/2004,1.59E+09
3/10/2004,1.59E+09
3/11/2004,1.59E+09
3/12/2004,1.59E+09
3/15/2004,1.59E+09
3/16/2004,1.59E+09
3/17/2004,1.59E+09
3/18/2004,1.59E+09
3/19/2004,1.59E+09
3/22/2004,158530
3/23/2004,158530
3/24/2004,158530
3/25/2004,158530
3/26/2004,158530
3/29/2004,158530
3/30/2004,158530
3/31/2004,158184
4/1/2004,158184
4/2/2004,158184
4/5/2004,158184
4/6/2004,158184
4/7/2004,158184
4/8/2004,158184
4/9/2004,158184
4/12/2004,158184
4/13/2004,158184
4/14/2004,158184
4/15/2004,158184
4/16/2004,158184
4/19/2004,158184
4/20/2004,158184
4/21/2004,158184
4/22/2004,158184
4/23/2004,158184
4/26/2004,158184
4/27/2004,158184
4/28/2004,158184
4/29/2004,158184
4/30/2004,158184
5/3/2004,158184
5/4/2004,158184
5/5/2004,158184
5/6/2004,158184
5/7/2004,158184
5/10/2004,158184
5/11/2004,158184
5/12/2004,158184
5/13/2004,158184
5/14/2004,158184
5/17/2004,158184
5/18/2004,158184
5/19/2004,158184
5/20/2004,158184
5/21/2004,158184
5/24/2004,158184
5/25/2004,158184
5/26/2004,158184
5/27/2004,158184
5/28/2004,158184
5/31/2004,158184
6/1/2004,158184
6/2/2004,158184
6/3/2004,158184
6/4/2004,158184
6/7/2004,158184
6/8/2004,158184
6/9/2004,158184
6/10/2004,158184
6/11/2004,158184
6/14/2004,158184
6/15/2004,158184
6/16/2004,158184
6/17/2004,158184
6/18/2004,158184
6/21/2004,158184
6/22/2004,158184
6/23/2004,158184
6/24/2004,158184
6/25/2004,158184
6/28/2004,158184
6/29/2004,158184
6/30/2004,158171
7/1/2004,158171
7/2/2004,158171
7/5/2004,158171
7/6/2004,158171
7/7/2004,158171
7/8/2004,158171
7/9/2004,158171
7/12/2004,158171
7/13/2004,158171
7/14/2004,158171
7/15/2004,158171
7/16/2004,158171
7/19/2004,158171
7/20/2004,158171
7/21/2004,158171
7/22/2004,158171
7/23/2004,158171
7/26/2004,158171
7/27/2004,158171
7/28/2004,158171
7/29/2004,158171
7/30/2004,158171
8/2/2004,158171
8/3/2004,158171
8/4/2004,158171
8/5/2004,158171
8/6/2004,158171
8/9/2004,158171
8/10/2004,158171
8/11/2004,158171
8/12/2004,158171
8/13/2004,158171
8/16/2004,158171
8/17/2004,158171
8/18/2004,158171
8/19/2004,158171
8/20/2004,158171
8/23/2004,158171
8/24/2004,158171
8/25/2004,158171
8/26/2004,158171
8/27/2004,158171
8/30/2004,158171
8/31/2004,158171
9/1/2004,158171
9/2/2004,158171
9/3/2004,158171
9/6/2004,158171
9/7/2004,158171
9/8/2004,158171
9/9/2004,158171
9/10/2004,158171
9/13/2004,158171
9/14/2004,158171
9/15/2004,158171
9/16/2004,158171
9/17/2004,158171
9/20/2004,158171
9/21/2004,158171
9/22/2004,158171
9/23/2004,158171
9/24/2004,158171
9/27/2004,158171
9/28/2004,158171
9/29/2004,158171
9/30/2004,158144
10/1/2004,158144
10/4/2004,158144
10/5/2004,158144
10/6/2004,158144
10/7/2004,158144
10/8/2004,158144
10/11/2004,158144
10/12/2004,158144
10/13/2004,158144
10/14/2004,158144
10/15/2004,158144
10/18/2004,158144
10/19/2004,158144
10/20/2004,158144
10/21/2004,158144
10/22/2004,158144
10/25/2004,158144
10/26/2004,158144
10/27/2004,158144
10/28/2004,158144
10/29/2004,158144
11/1/2004,158144
11/2/2004,158144
11/3/2004,158144
11/4/2004,158144
11/5/2004,158144
11/8/2004,158144
11/9/2004,158144
11/10/2004,158144
11/11/2004,158144
11/12/2004,158144
11/15/2004,158144
11/16/2004,158144
11/17/2004,158144
11/18/2004,158144
11/19/2004,158144
11/22/2004,158144
11/23/2004,158144
11/24/2004,158144
11/25/2004,158144
11/26/2004,158144
11/29/2004,158144
11/30/2004,158144
12/1/2004,158144
12/2/2004,158144
12/3/2004,158144
12/6/2004,158144
12/7/2004,158144
12/8/2004,158144
12/9/2004,158144
12/10/2004,158144
12/13/2004,158144
12/14/2004,474433
12/15/2004,474433
12/16/2004,474433
12/17/2004,474433
12/20/2004,474433
12/21/2004,474433
12/22/2004,474433
12/23/2004,474433
12/24/2004,474433
12/27/2004,474433
12/28/2004,474433
12/29/2004,474433
12/30/2004,474433
12/31/2004,474433
1/3/2005,491933
1/4/2005,491933
1/5/2005,491933
1/6/2005,491933
1/7/2005,491933
1/10/2005,491933
1/11/2005,491933
1/12/2005,491933
1/13/2005,491933
1/14/2005,491933
1/17/2005,491933
1/18/2005,491933
1/19/2005,491933
1/20/2005,491933
1/21/2005,491933
1/24/2005,491933
1/25/2005,491933
1/26/2005,491933
1/27/2005,491933
1/28/2005,491933
1/31/2005,491933
2/1/2005,491933
2/2/2005,491933
2/3/2005,491933
2/4/2005,491933
2/7/2005,491933
2/8/2005,491933
2/9/2005,491933
2/10/2005,491933
2/11/2005,491933
2/14/2005,491933
2/15/2005,491933
2/16/2005,491933
2/17/2005,491933
2/18/2005,491933
2/21/2005,491933
2/22/2005,491933
2/23/2005,491933
2/24/2005,491933
2/25/2005,491933
2/28/2005,491933
3/1/2005,491933
3/2/2005,491933
3/3/2005,491933
3/4/2005,491933
3/7/2005,491933
3/8/2005,491933
3/9/2005,491933
3/10/2005,491933
3/11/2005,491933
3/14/2005,491933
3/15/2005,491933
3/16/2005,491933
3/17/2005,491933
3/18/2005,491933
3/21/2005,491933
3/22/2005,491933
3/23/2005,491933
3/24/2005,491933
3/25/2005,491933
3/28/2005,491933
3/29/2005,491933
3/30/2005,491933
3/31/2005,491873
4/1/2005,491873
4/4/2005,491873
4/5/2005,491873
4/6/2005,491873
4/7/2005,491873
4/8/2005,491873
4/11/2005,491873
4/12/2005,491873
4/13/2005,491873
4/14/2005,491873
4/15/2005,491873
4/18/2005,491873
4/19/2005,491873
4/20/2005,491873
4/21/2005,491873
4/22/2005,491873
4/25/2005,491873
4/26/2005,491873
4/27/2005,491873
4/28/2005,491873
4/29/2005,491873
5/2/2005,491873
5/3/2005,491873
5/4/2005,491873
5/5/2005,491873
5/6/2005,491873
5/9/2005,491873
5/10/2005,491873
5/11/2005,491873
5/12/2005,491873
5/13/2005,491873
5/16/2005,491873
5/17/2005,491873
5/18/2005,491873
5/19/2005,491873
5/20/2005,491873
5/23/2005,491873
5/24/2005,491873
5/25/2005,491873
5/26/2005,491873
5/27/2005,491873
5/30/2005,491873
5/31/2005,491873
6/1/2005,491873
6/2/2005,491873
6/3/2005,491873
6/6/2005,491873
6/7/2005,491873
6/8/2005,491873
6/9/2005,491873
6/10/2005,491873
6/13/2005,491873
6/14/2005,491873
6/15/2005,491873
6/16/2005,491873
6/17/2005,491873
6/20/2005,491873
6/21/2005,491873
6/22/2005,491873
6/23/2005,491873
6/24/2005,491873
6/27/2005,491873
6/28/2005,491873
6/29/2005,491873
6/30/2005,491071
7/1/2005,491071
7/4/2005,491071
7/5/2005,491071
7/6/2005,491071
7/7/2005,491071
7/8/2005,491071
7/11/2005,491071
7/12/2005,491071
7/13/2005,491071
7/14/2005,491071
7/15/2005,491071
7/18/2005,491071
7/19/2005,491071
7/20/2005,491071
7/21/2005,491071
7/22/2005,491071
7/25/2005,491071
7/26/2005,491071
7/27/2005,491071
7/28/2005,491071
7/29/2005,491071
8/1/2005,491071
8/2/2005,491071
8/3/2005,491071
8/4/2005,491071
8/5/2005,491071
8/8/2005,491071
8/9/2005,491071
8/10/2005,491071
8/11/2005,491071
8/12/2005,491071
8/15/2005,491071
8/16/2005,491071
8/17/2005,491071
8/18/2005,491071
8/19/2005,491071
8/22/2005,491071
8/23/2005,491071
8/24/2005,491071
8/25/2005,491071
8/26/2005,491071
8/29/2005,491071
8/30/2005,491071
8/31/2005,491071
9/1/2005,491071
9/2/2005,491071
9/5/2005,491071
9/6/2005,491071
9/7/2005,491071
9/8/2005,491071
9/9/2005,491071
9/12/2005,491071
9/13/2005,491071
9/14/2005,491071
9/15/2005,491071
9/16/2005,491071
9/19/2005,491071
9/20/2005,491071
9/21/2005,491071
9/22/2005,491071
9/23/2005,491071
9/26/2005,491071
9/27/2005,491071
9/28/2005,491071
9/29/2005,491071
9/30/2005,490229
10/3/2005,490229
10/4/2005,490229
10/5/2005,490229
10/6/2005,490229
10/7/2005,490229
10/10/2005,490229
10/11/2005,490229
10/12/2005,490229
10/13/2005,490229
10/14/2005,490229
10/17/2005,490229
10/18/2005,490229
10/19/2005,490229
10/20/2005,490229
10/21/2005,490229
10/24/2005,490229
10/25/2005,490229
10/26/2005,490229
10/27/2005,490229
10/28/2005,490229
10/31/2005,490229
11/1/2005,490229
11/2/2005,490229
11/3/2005,490229
11/4/2005,490229
11/7/2005,490229
11/8/2005,490229
11/9/2005,490229
11/10/2005,489926
11/11/2005,489926
11/14/2005,489926
11/15/2005,489926
11/16/2005,489926
11/17/2005,489926
11/18/2005,489926
11/21/2005,489926
11/22/2005,489926
11/23/2005,979852
11/24/2005,979852
11/25/2005,979852
11/28/2005,979852
11/29/2005,979852
11/30/2005,979852
12/1/2005,979852
12/2/2005,979852
12/5/2005,979852
12/6/2005,979852
12/7/2005,979852
12/8/2005,979852
12/9/2005,979852
12/12/2005,979852
12/13/2005,979852
12/14/2005,979852
12/15/2005,979852
12/16/2005,979852
12/19/2005,979852
12/20/2005,979852
12/21/2005,979852
12/22/2005,979852
12/23/2005,979852
12/26/2005,979852
12/27/2005,979852
12/28/2005,979852
12/29/2005,979852
12/30/2005,979852
1/2/2006,979389
1/3/2006,979389
1/4/2006,979389
1/5/2006,979389
1/6/2006,979389
1/9/2006,979389
1/10/2006,979389
1/11/2006,979389
1/12/2006,979389
1/13/2006,979389
1/16/2006,979389
1/17/2006,979389
1/18/2006,979389
1/19/2006,979389
1/20/2006,979389
1/23/2006,979389
1/24/2006,979389
1/25/2006,979389
1/26/2006,979389
1/27/2006,979389
1/30/2006,979389
1/31/2006,979389
2/1/2006,979389
2/2/2006,979389
2/3/2006,979389
2/6/2006,979389
2/7/2006,979389
2/8/2006,979389
2/9/2006,979389
2/10/2006,979389
2/13/2006,979389
2/14/2006,979389
2/15/2006,979389
2/16/2006,979389
2/17/2006,979389
2/20/2006,979389
2/21/2006,979389
2/22/2006,979389
2/23/2006,979389
2/24/2006,979389
2/27/2006,979389
2/28/2006,979389
3/1/2006,979389
3/2/2006,979389
3/3/2006,979389
3/6/2006,979389
3/7/2006,979389
3/8/2006,979389
3/9/2006,979389
3/10/2006,979389
3/13/2006,979389
3/14/2006,979389
3/15/2006,979389
3/16/2006,979389
3/17/2006,979389
3/20/2006,979389
3/21/2006,979389
3/22/2006,979389
3/23/2006,979389
3/24/2006,979389
3/27/2006,979389
3/28/2006,979389
3/29/2006,979389
3/30/2006,979389
3/31/2006,979282
4/3/2006,979282
4/4/2006,979282
4/5/2006,979282
4/6/2006,979282
4/7/2006,979282
4/10/2006,979282
4/11/2006,979282
4/12/2006,979282
4/13/2006,979282
4/14/2006,979282
4/17/2006,979282
4/18/2006,979282
4/19/2006,979282
4/20/2006,979282
4/21/2006,979282
4/24/2006,979282
4/25/2006,979282
4/26/2006,979282
4/27/2006,979282
4/28/2006,979282
5/1/2006,979282
5/2/2006,979282
5/3/2006,979282
5/4/2006,979282
5/5/2006,979282
5/8/2006,979282
5/9/2006,979282
5/10/2006,979282
5/11/2006,979282
5/12/2006,979282
5/15/2006,979282
5/16/2006,979282
5/17/2006,979282
5/18/2006,979282
5/19/2006,979282
5/22/2006,979282
5/23/2006,979282
5/24/2006,979282
5/25/2006,979282
5/26/2006,979282
5/29/2006,979282
5/30/2006,979282
5/31/2006,979282
6/1/2006,979282
6/2/2006,979282
6/5/2006,979282
6/6/2006,979282
6/7/2006,979282
6/8/2006,979282
6/9/2006,979282
6/12/2006,979282
6/13/2006,979282
6/14/2006,979282
6/15/2006,979282
6/16/2006,979282
6/19/2006,979282
6/20/2006,979282
6/21/2006,979282
6/22/2006,979282
6/23/2006,979282
6/26/2006,979282
6/27/2006,979282
6/28/2006,979282
6/29/2006,979282
6/30/2006,979225
7/3/2006,979225
7/4/2006,979225
7/5/2006,979225
7/6/2006,979225
7/7/2006,979225
7/10/2006,979225
7/11/2006,979225
7/12/2006,979225
7/13/2006,979225
7/14/2006,979225
7/17/2006,979225
7/18/2006,979225
7/19/2006,979225
7/20/2006,979225
7/21/2006,979225
7/24/2006,979225
7/25/2006,979225
7/26/2006,979225
7/27/2006,979225
7/28/2006,979225
7/31/2006,979225
8/1/2006,979225
8/2/2006,979225
8/3/2006,979225
8/4/2006,979225
8/7/2006,979225
8/8/2006,979225
8/9/2006,979225
8/10/2006,979225
8/11/2006,979225
8/14/2006,979225
8/15/2006,979225
8/16/2006,979225
8/17/2006,979225
8/18/2006,979225
8/21/2006,979225
8/22/2006,979225
8/23/2006,979225
8/24/2006,979225
8/25/2006,979225
8/28/2006,979225
8/29/2006,979225
8/30/2006,979225
8/31/2006,979225
9/1/2006,979225
9/4/2006,979225
9/5/2006,979225
9/6/2006,979225
9/7/2006,979225
9/8/2006,979225
9/11/2006,979225
9/12/2006,979225
9/13/2006,979225
9/14/2006,979225
9/15/2006,979225
9/18/2006,979225
9/19/2006,979225
9/20/2006,979225
9/21/2006,979225
9/22/2006,979225
9/25/2006,979225
9/26/2006,979225
9/27/2006,979225
9/28/2006,979225
9/29/2006,979225
10/2/2006,979199
10/3/2006,979199
10/4/2006,979199
10/5/2006,979199
10/6/2006,1001003
10/9/2006,1001003
10/10/2006,1001003
10/11/2006,1001003
10/12/2006,1001003
10/13/2006,1001003
10/16/2006,1001003
10/17/2006,1001003
10/18/2006,1001003
10/19/2006,1001003
10/20/2006,1001003
10/23/2006,1001003
10/24/2006,1001003
10/25/2006,1001003
10/26/2006,1001003
10/27/2006,1001003
10/30/2006,1001003
10/31/2006,1001003
11/1/2006,1001003
11/2/2006,1001003
11/3/2006,1001003
11/6/2006,1001003
11/7/2006,1001003
11/8/2006,1001003
11/9/2006,1001003
11/10/2006,1001003
11/13/2006,1001003
11/14/2006,1001003
11/15/2006,1001003
11/16/2006,1001003
11/17/2006,1001003
11/20/2006,1001003
11/21/2006,1001003
11/22/2006,1001003
11/23/2006,1001003
11/24/2006,1001003
11/27/2006,1001003
11/28/2006,1001003
11/29/2006,1001003
11/30/2006,1001003
12/1/2006,1001003
12/4/2006,1001003
12/5/2006,1001003
12/6/2006,1001003
12/7/2006,1001003
12/8/2006,1001003
12/11/2006,1001003
12/12/2006,1001003
12/13/2006,1001003
12/14/2006,1001003
12/15/2006,1001003
12/18/2006,1001003
12/19/2006,1001003
12/20/2006,1001003
12/21/2006,1001003
12/22/2006,1001003
12/25/2006,1001003
12/26/2006,1001003
12/27/2006,1001003
12/28/2006,1001003
12/29/2006,1001003
1/1/2007,1000883
1/2/2007,1000883
1/3/2007,1000883
1/4/2007,1000883
1/5/2007,1000883
1/8/2007,1000883
1/9/2007,1000883
1/10/2007,1000883
1/11/2007,1000883
1/12/2007,1000883
1/15/2007,1000883
1/16/2007,1000883
1/17/2007,1000883
1/18/2007,1000883
1/19/2007,1000883
1/22/2007,1000883
1/23/2007,1000883
1/24/2007,1000883
1/25/2007,1000883
1/26/2007,1000883
1/29/2007,1000883
1/30/2007,1000883
1/31/2007,1000883
2/1/2007,1000883
2/2/2007,1000883
2/5/2007,1000883
2/6/2007,1000883
2/7/2007,1000883
2/8/2007,1000883
2/9/2007,1000883
2/12/2007,1000883
2/13/2007,1000883
2/14/2007,1000883
2/15/2007,1000883
2/16/2007,1000883
2/19/2007,1000883
2/20/2007,1000883
2/21/2007,1000883
2/22/2007,1000883
2/23/2007,1000883
2/26/2007,1000883
2/27/2007,1000883
2/28/2007,1000883
3/1/2007,1000883
3/2/2007,1000883
3/5/2007,1000883
3/6/2007,1000883
3/7/2007,1000883
3/8/2007,1000883
3/9/2007,1000883
3/12/2007,1000883
3/13/2007,1000883
3/14/2007,1000883
3/15/2007,1000883
3/16/2007,1000883
3/19/2007,1000883
3/20/2007,1000883
3/21/2007,1000883
3/22/2007,1000883
3/23/2007,1000883
3/26/2007,2001766
3/27/2007,2001766
3/28/2007,2001766
3/29/2007,2001766
3/30/2007,2001766
4/2/2007,2001359
4/3/2007,2001359
4/4/2007,2001359
4/5/2007,2001359
4/6/2007,2001359
4/9/2007,2001359
4/10/2007,2001359
4/11/2007,2001359
4/12/2007,2001359
4/13/2007,2001359
4/16/2007,2001359
4/17/2007,2001359
4/18/2007,2001359
4/19/2007,2001359
4/20/2007,2001359
4/23/2007,2001359
4/24/2007,2001359
4/25/2007,2001359
4/26/2007,2001359
4/27/2007,2001359
4/30/2007,2001359
5/1/2007,2001359
5/2/2007,2001359
5/3/2007,2001359
5/4/2007,2001359
5/7/2007,2001359
5/8/2007,2001359
5/9/2007,2001359
5/10/2007,2001359
5/11/2007,2001359
5/14/2007,2001359
5/15/2007,2001359
5/16/2007,2001359
5/17/2007,2001359
5/18/2007,2001359
5/21/2007,2001359
5/22/2007,2001359
5/23/2007,2001359
5/24/2007,2001359
5/25/2007,2001359
5/28/2007,2001359
5/29/2007,2001359
5/30/2007,2001359
5/31/2007,2001359
6/1/2007,2001359
6/4/2007,2001359
6/5/2007,2001359
6/6/2007,2001359
6/7/2007,2001359
6/8/2007,2001359
6/11/2007,2001359
6/12/2007,2001359
6/13/2007,2001359
6/14/2007,2001359
6/15/2007,2001359
6/18/2007,2001359
6/19/2007,2001359
6/20/2007,2001359
6/21/2007,2001359
6/22/2007,2001359
6/25/2007,2001359
6/26/2007,2001359
6/27/2007,2001359
6/28/2007,2001359
6/29/2007,2001359
7/2/2007,2001167
7/3/2007,2001167
7/4/2007,2001167
7/5/2007,2001167
7/6/2007,2001167
7/9/2007,2001167
7/10/2007,2001167
7/11/2007,2001167
7/12/2007,2001167
7/13/2007,2001167
7/16/2007,2001167
7/17/2007,2001167
7/18/2007,2001167
7/19/2007,2001167
7/20/2007,2001167
7/23/2007,2001167
7/24/2007,2001167
7/25/2007,2001167
7/26/2007,2001167
7/27/2007,2001167
7/30/2007,2001167
7/31/2007,2001167
8/1/2007,2001167
8/2/2007,2001167
8/3/2007,2001167
8/6/2007,2001167
8/7/2007,2001167
8/8/2007,2001167
8/9/2007,2001167
8/10/2007,2001167
8/13/2007,2001167
8/14/2007,2001167
8/15/2007,2001167
8/16/2007,2001167
8/17/2007,2001167
8/20/2007,2001167
8/21/2007,2001167
8/22/2007,2001167
8/23/2007,2001167
8/24/2007,2001167
8/27/2007,2001167
8/28/2007,2001167
8/29/2007,2001167
8/30/2007,2001167
8/31/2007,2001167
9/3/2007,2001167
9/4/2007,2001167
9/5/2007,2001167
9/6/2007,2001167
9/7/2007,2001167
9/10/2007,2001167
9/11/2007,2001167
9/12/2007,2001167
9/13/2007,2001167
9/14/2007,2001167
9/17/2007,2001167
9/18/2007,2001167
9/19/2007,2001167
9/20/2007,2001167
9/21/2007,2001167
9/24/2007,2001167
9/25/2007,2001167
9/26/2007,2001167
9/27/2007,2001167
9/28/2007,2001167
10/1/2007,2019241
10/2/2007,2019241
10/3/2007,2019241
10/4/2007,2019241
10/5/2007,2019241
10/8/2007,2019241
10/9/2007,2019241
10/10/2007,2019241
10/11/2007,2019241
10/12/2007,2019241
10/15/2007,2019241
10/16/2007,2019241
10/17/2007,2019241
10/18/2007,2019241
10/19/2007,2019241
10/22/2007,2019241
10/23/2007,2019241
10/24/2007,2019241
10/25/2007,2019241
10/26/2007,2019241
10/29/2007,2019241
10/30/2007,2019241
10/31/2007,2019241
11/1/2007,2019241
11/2/2007,2019241
11/5/2007,2019241
11/6/2007,2019241
11/7/2007,2019241
11/8/2007,2019241
11/9/2007,2019241
11/12/2007,2019241
11/13/2007,2019241
11/14/2007,2019241
11/15/2007,2019241
11/16/2007,2019241
11/19/2007,2019241
11/20/2007,2019241
11/21/2007,2019241
11/22/2007,2019241
11/23/2007,2019241
11/26/2007,2019241
11/27/2007,2019241
11/28/2007,2019241
11/29/2007,2019241
11/30/2007,2019241
12/3/2007,2019241
12/4/2007,2019241
12/5/2007,2019241
12/6/2007,2019241
12/7/2007,2019241
12/10/2007,2019241
12/11/2007,2019241
12/12/2007,2019241
12/13/2007,2019241
12/14/2007,2019241
12/17/2007,2019241
12/18/2007,2019241
12/19/2007,2019241
12/20/2007,2019241
12/21/2007,2019241
12/24/2007,2019241
12/25/2007,2019241
12/26/2007,2019241
12/27/2007,2019241
12/28/2007,2019241
12/31/2007,2018674
1/1/2008,2018674
1/2/2008,2018674
1/3/2008,2018674
1/4/2008,2018674
1/7/2008,2046580
1/8/2008,2046580
1/9/2008,2046580
1/10/2008,2046580
1/11/2008,2046580
1/14/2008,2046580
1/15/2008,2046580
1/16/2008,2046580
1/17/2008,2046580
1/18/2008,2046580
1/21/2008,2046580
1/22/2008,2046580
1/23/2008,2046580
1/24/2008,2046580
1/25/2008,2046580
1/28/2008,2046580
1/29/2008,2046580
1/30/2008,2046580
1/31/2008,2046580
2/1/2008,2046580
2/4/2008,2046580
2/5/2008,2046580
2/6/2008,2046580
2/7/2008,2046580
2/8/2008,2046580
2/11/2008,2046580
2/12/2008,2046580
2/13/2008,2046580
2/14/2008,2046580
2/15/2008,2046580
2/18/2008,2046580
2/19/2008,2046580
2/20/2008,2046580
2/21/2008,2046580
2/22/2008,2046580
2/25/2008,2046580
2/26/2008,2046580
2/27/2008,2046580
2/28/2008,2046580
2/29/2008,2046580
3/3/2008,2046580
3/4/2008,2046580
3/5/2008,2046580
3/6/2008,2046580
3/7/2008,2046580
3/10/2008,2046580
3/11/2008,2046580
3/12/2008,2046580
3/13/2008,2046580
3/14/2008,2046580
3/17/2008,2046580
3/18/2008,2046580
3/19/2008,2046580
3/20/2008,2046580
3/21/2008,2046580
3/24/2008,2046580
3/25/2008,2046580
3/26/2008,2046580
3/27/2008,2046580
3/28/2008,2046580
3/31/2008,2046580
4/1/2008,2046580
4/2/2008,2046580
4/3/2008,2046580
4/4/2008,2046580
4/7/2008,3069871
4/8/2008,3069871
4/9/2008,3069871
4/10/2008,3069871
4/11/2008,3069871
4/14/2008,3069871
4/15/2008,3069871
4/16/2008,3069871
4/17/2008,3069871
4/18/2008,3069871
4/21/2008,3069871
4/22/2008,3069871
4/23/2008,3069871
4/24/2008,3069871
4/25/2008,3069871
4/28/2008,3069871
4/29/2008,3069871
4/30/2008,3069871
5/1/2008,3069871
5/2/2008,3069871
5/5/2008,3069871
5/6/2008,3069871
5/7/2008,3069871
5/8/2008,3069871
5/9/2008,3069871
5/12/2008,3069871
5/13/2008,3069871
5/14/2008,3069871
5/15/2008,3069871
5/16/2008,3069871
5/19/2008,3069871
5/20/2008,3069871
5/21/2008,3069871
5/22/2008,3069871
5/23/2008,3069871
5/26/2008,3069871
5/27/2008,3069871
5/28/2008,3069871
5/29/2008,3069871
5/30/2008,3069871
6/2/2008,3069871
6/3/2008,3069871
6/4/2008,3069871
6/5/2008,3069871
6/6/2008,3069871
6/9/2008,3069871
6/10/2008,3069871
6/11/2008,3069871
6/12/2008,3069871
6/13/2008,3069871
6/16/2008,3069871
6/17/2008,3069871
6/18/2008,3069871
6/19/2008,3069871
6/20/2008,3069871
6/23/2008,3069871
6/24/2008,3069871
6/25/2008,3069871
6/26/2008,3069871
6/27/2008,3069871
6/30/2008,3069782
7/1/2008,3069782
7/2/2008,3069782
7/3/2008,3069782
7/4/2008,3069782
7/7/2008,3069782
7/8/2008,3069782
7/9/2008,3069782
7/10/2008,3069782
7/11/2008,3069782
7/14/2008,3069782
7/15/2008,3069782
7/16/2008,3069782
7/17/2008,3069782
7/18/2008,3069782
7/21/2008,3069782
7/22/2008,3069782
7/23/2008,3069782
7/24/2008,3069782
7/25/2008,3069782
7/28/2008,3069782
7/29/2008,3069782
7/30/2008,3069782
7/31/2008,3069782
8/1/2008,3069782
8/4/2008,3069782
8/5/2008,3069782
8/6/2008,3069782
8/7/2008,3069782
8/8/2008,3069782
8/11/2008,3069782
8/12/2008,3069782
8/13/2008,3069782
8/14/2008,3069782
8/15/2008,3069782
8/18/2008,3069782
8/19/2008,3069782
8/20/2008,3069782
8/21/2008,3069782
8/22/2008,3069782
8/25/2008,3069782
8/26/2008,3069782
8/27/2008,3069782
8/28/2008,3069782
8/29/2008,3069782
9/1/2008,3069782
9/2/2008,3069782
9/3/2008,3069782
9/4/2008,3069782
9/5/2008,3069782
9/8/2008,3069782
9/9/2008,3069782
9/10/2008,3069782
9/11/2008,3069782
9/12/2008,3069782
9/15/2008,3069782
9/16/2008,3069782
9/17/2008,3069782
9/18/2008,3069782
9/19/2008,3069782
9/22/2008,3069782
9/23/2008,3069782
9/24/2008,3069782
9/25/2008,3069782
9/26/2008,3069782
9/29/2008,3069782
9/30/2008,3069755
10/1/2008,3069755
10/2/2008,3069755
10/3/2008,3069755
10/6/2008,3069755
10/7/2008,3069755
10/8/2008,3069755
10/9/2008,3069755
10/10/2008,3069755
10/13/2008,3069755
10/14/2008,3069755
10/15/2008,3069755
10/16/2008,3069755
10/17/2008,3069755
10/20/2008,3069755
10/21/2008,3069755
10/22/2008,3069755
10/23/2008,3069755
10/24/2008,3069755
10/27/2008,3069755
10/28/2008,3069755
10/29/2008,3069755
10/30/2008,3069755
10/31/2008,3069755
11/3/2008,3069755
11/4/2008,3069755
11/5/2008,3069755
11/6/2008,3069755
11/7/2008,3069755
11/10/2008,3069755
11/11/2008,3069755
11/12/2008,3069755
11/13/2008,3069755
11/14/2008,3069755
11/17/2008,3069755
11/18/2008,3069755
11/19/2008,3069755
11/20/2008,3069755
11/21/2008,3069755
11/24/2008,3069755
11/25/2008,3069755
11/26/2008,3069755
11/27/2008,3069755
11/28/2008,3069755
12/1/2008,3069755
12/2/2008,3069755
12/3/2008,3069755
12/4/2008,3069755
12/5/2008,3069755
12/8/2008,3069755
12/9/2008,3069755
12/10/2008,3069755
12/11/2008,3069755
12/12/2008,3069755
12/15/2008,3069755
12/16/2008,3069755
12/17/2008,3069755
12/18/2008,3069755
12/19/2008,3069755
12/22/2008,3069755
12/23/2008,3069755
12/24/2008,3069755
12/25/2008,3069755
12/26/2008,3069755
12/29/2008,3069755
12/30/2008,3069755
12/31/2008,3069706
1/1/2009,3069706
1/2/2009,3069706
1/5/2009,3069706
1/6/2009,3069706
1/7/2009,3069706
1/8/2009,3069706
1/9/2009,3069706
1/12/2009,3069706
1/13/2009,3069706
1/14/2009,3069706
1/15/2009,3069706
1/16/2009,3069706
1/19/2009,3069706
1/20/2009,3069706
1/21/2009,3069706
1/22/2009,3069706
1/23/2009,3069706
1/26/2009,3069706
1/27/2009,3069706
1/28/2009,3069706
1/29/2009,3069706
1/30/2009,3069706
2/2/2009,3069706
2/3/2009,3069706
2/4/2009,3069706
2/5/2009,3069706
2/6/2009,3069706
2/9/2009,3069706
2/10/2009,3069706
2/11/2009,3069706
2/12/2009,3069706
2/13/2009,3069706
2/16/2009,3069706
2/17/2009,3069706
2/18/2009,3069706
2/19/2009,3069706
2/20/2009,3069706
2/23/2009,3069706
2/24/2009,3069706
2/25/2009,3069706
2/26/2009,3069706
2/27/2009,3069706
3/2/2009,3069706
3/3/2009,3069706
3/4/2009,3069706
3/5/2009,3069706
3/6/2009,3069706
3/9/2009,3069706
3/10/2009,3069706
3/11/2009,3069706
3/12/2009,3069706
3/13/2009,3069706
3/16/2009,3069706
3/17/2009,3069706
3/18/2009,3069706
3/19/2009,3069706
3/20/2009,3069706
3/23/2009,3069706
3/24/2009,3069706
3/25/2009,3069706
3/26/2009,3069706
3/27/2009,3069706
3/30/2009,3069706
3/31/2009,3069688
4/1/2009,3069688
4/2/2009,3069688
4/3/2009,3069688
4/6/2009,3069688
4/7/2009,3069688
4/8/2009,3069688
4/9/2009,3069688
4/10/2009,3069688
4/13/2009,3069688
4/14/2009,3069688
4/15/2009,3069688
4/16/2009,3069688
4/17/2009,3069688
4/20/2009,3069688
4/21/2009,3069688
4/22/2009,3069688
4/23/2009,3069688
4/24/2009,3069688
4/27/2009,3069688
4/28/2009,3069688
4/29/2009,3069688
4/30/2009,3069688
5/1/2009,3069688
5/4/2009,3069688
5/5/2009,3069688
5/6/2009,3069688
5/7/2009,3069688
5/8/2009,3069688
5/11/2009,3069688
5/12/2009,3069688
5/13/2009,3069688
5/14/2009,3069688
5/15/2009,3069688
5/18/2009,3069688
5/19/2009,3069688
5/20/2009,3069688
5/21/2009,3069688
5/22/2009,3069688
5/25/2009,3069688
5/26/2009,3069688
5/27/2009,3069688
5/28/2009,3069688
5/29/2009,3069688
6/1/2009,3069688
6/2/2009,3069688
6/3/2009,3069688
6/4/2009,3069688
6/5/2009,3069688
6/8/2009,3069688
6/9/2009,3069688
6/10/2009,3069688
6/11/2009,3069688
6/12/2009,3069688
6/15/2009,3069688
6/16/2009,3069688
6/17/2009,3069688
6/18/2009,3069688
6/19/2009,3069688
6/22/2009,3069688
6/23/2009,3069688
6/24/2009,3069688
6/25/2009,3069688
6/26/2009,3069688
6/29/2009,3069688
6/30/2009,3069688
7/1/2009,3069688
7/2/2009,3069688
7/3/2009,3069688
7/6/2009,3069688
7/7/2009,3069688
7/8/2009,3069688
7/9/2009,3069688
7/10/2009,3069688
7/13/2009,3069688
7/14/2009,3069688
7/15/2009,3069688
7/16/2009,3069688
7/17/2009,3069688
7/20/2009,3069688
7/21/2009,3069688
7/22/2009,3069688
7/23/2009,3069688
7/24/2009,3069688
7/27/2009,3069688
7/28/2009,3069688
7/29/2009,3069688
7/30/2009,3069688
7/31/2009,3069688
8/3/2009,3069688
8/4/2009,3069688
8/5/2009,3069688
8/6/2009,3069688
8/7/2009,3069688
8/10/2009,3069688
8/11/2009,3069688
8/12/2009,3069688
8/13/2009,3069688
8/14/2009,3069688
8/17/2009,3069688
8/18/2009,3069688
8/19/2009,3069688
8/20/2009,3069688
8/21/2009,3069688
8/24/2009,3069688
8/25/2009,3069688
8/26/2009,3069688
8/27/2009,3069688
8/28/2009,3069688
8/31/2009,3069688
9/1/2009,3069688
9/2/2009,3069688
9/3/2009,3069688
9/4/2009,3069688
9/7/2009,3069688
9/8/2009,3069688
9/9/2009,3069688
9/10/2009,3069688
9/11/2009,3069688
9/14/2009,3069688
9/15/2009,3069688
9/16/2009,3069688
9/17/2009,3069688
9/18/2009,3069688
9/21/2009,3069688
9/22/2009,3069688
9/23/2009,3069688
9/24/2009,3069688
9/25/2009,3069688
9/28/2009,3069688
9/29/2009,3069688
9/30/2009,3066742
10/1/2009,3066742
10/2/2009,3066742
10/5/2009,3066742
10/6/2009,3066742
10/7/2009,3066742
10/8/2009,3066742
10/9/2009,3066742
10/12/2009,3066742
10/13/2009,3066742
10/14/2009,3066742
10/15/2009,3066742
10/16/2009,3066742
10/19/2009,3066742
10/20/2009,3066742
10/21/2009,3066742
10/22/2009,3066742
10/23/2009,3066742
10/26/2009,3066742
10/27/2009,3066742
10/28/2009,3066742
10/29/2009,3066742
10/30/2009,3066742
11/2/2009,3066742
11/3/2009,3066742
11/4/2009,3066742
11/5/2009,3066742
11/6/2009,3066742
11/9/2009,3066742
11/10/2009,3066742
11/11/2009,3066742
11/12/2009,3066742
11/13/2009,3066742
11/16/2009,3066742
11/17/2009,3066742
11/18/2009,3066742
11/19/2009,3066742
11/20/2009,3066742
11/23/2009,3066742
11/24/2009,3066742
11/25/2009,3066742
11/26/2009,3066742
11/27/2009,3066742
11/30/2009,3112405
12/1/2009,3112405
12/2/2009,3112405
12/3/2009,3112405
12/4/2009,3112405
12/7/2009,3112405
12/8/2009,3112405
12/9/2009,3112405
12/10/2009,3112405
12/11/2009,3112405
12/14/2009,3112405
12/15/2009,3112405
12/16/2009,3112405
12/17/2009,3112405
12/18/2009,3112405
12/21/2009,3112405
12/22/2009,3112405
12/23/2009,3112405
12/24/2009,3112405
12/25/2009,3112405
12/28/2009,3112405
12/29/2009,3112405
12/30/2009,3112405
12/31/2009,3112405
1/1/2010,3112405
1/4/2010,3112405
1/5/2010,3112405
1/6/2010,3112405
1/7/2010,3112405
1/8/2010,3112405
1/11/2010,3112405
1/12/2010,3112405
1/13/2010,3112405
1/14/2010,3112405
1/15/2010,3112405
1/18/2010,3112405
1/19/2010,3112405
1/20/2010,3423645
1/21/2010,3423645
1/22/2010,3423645
1/25/2010,3423645
1/26/2010,3423645
1/27/2010,3423645
1/28/2010,3423645
1/29/2010,3423645
2/1/2010,3423645
2/2/2010,3423645
2/3/2010,3423645
2/4/2010,3423645
2/5/2010,3423645
2/8/2010,3423645
2/9/2010,3423645
2/10/2010,3423645
2/11/2010,3423645
2/12/2010,3423645
2/15/2010,3423645
2/16/2010,3423645
2/17/2010,3423645
2/18/2010,3423645
2/19/2010,3423645
2/22/2010,3423645
2/23/2010,3423645
2/24/2010,3423645
2/25/2010,3423645
2/26/2010,3423645
3/1/2010,3423645
3/2/2010,3423645
3/3/2010,3423645
3/4/2010,3423645
3/5/2010,3423645
3/8/2010,3423645
3/9/2010,3423645
3/10/2010,3423645
3/11/2010,3423645
3/12/2010,3423645
3/15/2010,3423645
3/16/2010,3423645
3/17/2010,3423645
3/18/2010,3423645
3/19/2010,3423645
3/22/2010,3423645
3/23/2010,3423645
3/24/2010,3423645
3/25/2010,3423645
3/26/2010,3423645
3/29/2010,3423645
3/30/2010,3423645
3/31/2010,3420409
4/1/2010,3420409
4/2/2010,3420409
4/5/2010,3420409
4/6/2010,3420409
4/7/2010,3420409
4/8/2010,3420409
4/9/2010,3420409
4/12/2010,3420409
4/13/2010,3420409
4/14/2010,3420409
4/15/2010,3420409
4/16/2010,3420409
4/19/2010,3420409
4/20/2010,3420409
4/21/2010,3420409
4/22/2010,3420409
4/23/2010,3420409
4/26/2010,3420409
4/27/2010,3420409
4/28/2010,3420409
4/29/2010,3420409
4/30/2010,3420409
5/3/2010,3420409
5/4/2010,3420409
5/5/2010,3420409
5/6/2010,3420409
5/7/2010,3420409
5/10/2010,3420409
5/11/2010,3420409
5/12/2010,3420409
5/13/2010,3420409
5/14/2010,3420409
5/17/2010,3420409
5/18/2010,3420409
5/19/2010,3420409
5/20/2010,3420409
5/21/2010,3420409
5/24/2010,3420409
5/25/2010,3420409
5/26/2010,3420409
5/27/2010,3420409
5/28/2010,3420409
5/31/2010,3420409
6/1/2010,3420409
6/2/2010,3420409
6/3/2010,3420409
6/4/2010,3420409
6/7/2010,3420409
6/8/2010,3420409
6/9/2010,3420409
6/10/2010,3420409
6/11/2010,3420409
6/14/2010,3420409
6/15/2010,3420409
6/16/2010,3420409
6/17/2010,3420409
6/18/2010,3420409
6/21/2010,3420409
6/22/2010,3420409
6/23/2010,3420409
6/24/2010,3420409
6/25/2010,3420409
6/28/2010,3420409
6/29/2010,3420409
6/30/2010,3420409
7/1/2010,3420409
7/2/2010,3420409
7/5/2010,3420409
7/6/2010,3420409
7/7/2010,3420409
7/8/2010,3420409
7/9/2010,3420409
7/12/2010,3420409
7/13/2010,3420409
7/14/2010,3762450
7/15/2010,3762450
7/16/2010,3762450
7/19/2010,3762450
7/20/2010,3762450
7/21/2010,3762450
7/22/2010,3762450
7/23/2010,3762450
7/26/2010,3762450
7/27/2010,3762450
7/28/2010,3762450
7/29/2010,3762450
7/30/2010,3762450
8/2/2010,3762450
8/3/2010,3762450
8/4/2010,3762450
8/5/2010,3762450
8/6/2010,3762450
8/9/2010,3762450
8/10/2010,3762450
8/11/2010,3762450
8/12/2010,3762450
8/13/2010,3762450
8/16/2010,3762450
8/17/2010,3762450
8/18/2010,3762450
8/19/2010,3762450
8/20/2010,3762450
8/23/2010,3762450
8/24/2010,3762450
8/25/2010,3762450
8/26/2010,3762450
8/27/2010,3762450
8/30/2010,3762450
8/31/2010,3762450
9/1/2010,3762450
9/2/2010,3762450
9/3/2010,3762450
9/6/2010,3762450
9/7/2010,3762450
9/8/2010,3762450
9/9/2010,3762450
9/10/2010,3762450
9/13/2010,3762450
9/14/2010,3762450
9/15/2010,3762450
9/16/2010,3762450
9/17/2010,3762450
9/20/2010,3762450
9/21/2010,3762450
9/22/2010,3762450
9/23/2010,3762450
9/24/2010,3762450
9/27/2010,3762450
9/28/2010,3762450
9/29/2010,3762450
9/30/2010,3762450
10/1/2010,3762450
10/4/2010,3762450
10/5/2010,3762450
10/6/2010,3762450
10/7/2010,3762450
10/8/2010,3762450
10/11/2010,3762450
10/12/2010,3762450
10/13/2010,3762450
10/14/2010,3762450
10/15/2010,3762450
10/18/2010,3762450
10/19/2010,3762450
10/20/2010,3762450
10/21/2010,3762450
10/22/2010,3762450
10/25/2010,3762450
10/26/2010,3762450
10/27/2010,3762450
10/28/2010,3762450
10/29/2010,3762450
11/1/2010,3762450
11/2/2010,3762450
11/3/2010,3762450
11/4/2010,3762450
11/5/2010,3762450
11/8/2010,3762450
11/9/2010,3762450
11/10/2010,3762450
11/11/2010,3762450
11/12/2010,3762450
11/15/2010,3762450
11/16/2010,3762450
11/17/2010,3762450
11/18/2010,3762450
11/19/2010,3762450
11/22/2010,3762450
11/23/2010,3762450
11/24/2010,3762450
11/25/2010,3762450
11/26/2010,3762450
11/29/2010,3762450
11/30/2010,3762450
12/1/2010,3762450
12/2/2010,3762450
12/3/2010,3762450
12/6/2010,3762450
12/7/2010,3762450
12/8/2010,3762450
12/9/2010,3762450
12/10/2010,3762450
12/13/2010,3762450
12/14/2010,3762450
12/15/2010,3762450
12/16/2010,3762450
12/17/2010,3762450
12/20/2010,3762450
12/21/2010,3762450
12/22/2010,3762450
12/23/2010,3762450
12/24/2010,3762450
12/27/2010,3762450
12/28/2010,3762450
12/29/2010,3762450
12/30/2010,3762450
12/31/2010,3762055
1/3/2011,3762055
1/4/2011,3762055
1/5/2011,3762055
1/6/2011,3762055
1/7/2011,3762055
1/10/2011,3762055
1/11/2011,3762055
1/12/2011,3762055
1/13/2011,3762055
1/14/2011,3762055
1/17/2011,3762055
1/18/2011,3762055
1/19/2011,3762055
1/20/2011,3762055
1/21/2011,3762055
1/24/2011,3762055
1/25/2011,3762055
1/26/2011,3762055
1/27/2011,3762055
1/28/2011,3762055
1/31/2011,3762055
2/1/2011,3762055
2/2/2011,3762055
2/3/2011,3762055
2/4/2011,3762055
2/7/2011,3762055
2/8/2011,3762055
2/9/2011,3762055
2/10/2011,3762055
2/11/2011,3762055
2/14/2011,3762055
2/15/2011,3762055
2/16/2011,3762055
2/17/2011,3762055
2/18/2011,3762055
2/21/2011,3762055
2/22/2011,3762055
2/23/2011,3762055
2/24/2011,3762055
2/25/2011,3762055
2/28/2011,3762055
3/1/2011,3762055
3/2/2011,3762055
3/3/2011,3762055
3/4/2011,3762055
3/7/2011,3762055
3/8/2011,3762055
3/9/2011,3762055
3/10/2011,3762055
3/11/2011,3824399
3/14/2011,3824399
3/15/2011,3824399
3/16/2011,3824399
3/17/2011,3824399
3/18/2011,3824399
3/21/2011,3824399
3/22/2011,3824399
3/23/2011,3824399
3/24/2011,3824399
3/25/2011,3824399
3/28/2011,3824399
3/29/2011,3824399
3/30/2011,3824399
3/31/2011,3822307
4/1/2011,3822307
4/4/2011,3822307
4/5/2011,3822307
4/6/2011,3822307
4/7/2011,3822307
4/8/2011,3822307
4/11/2011,3822307
4/12/2011,3822307
4/13/2011,3822307
4/14/2011,3822307
4/15/2011,3822307
4/18/2011,3822307
4/19/2011,3822307
4/20/2011,3822307
4/21/2011,3822307
4/22/2011,3822307
4/25/2011,3822307
4/26/2011,3822307
4/27/2011,3822307
4/28/2011,3822307
4/29/2011,3822307
5/2/2011,3822307
5/3/2011,3822307
5/4/2011,3822307
5/5/2011,3822307
5/6/2011,3822307
5/9/2011,3822307
5/10/2011,3822307
5/11/2011,3822307
5/12/2011,3822307
5/13/2011,3822307
5/16/2011,3822307
5/17/2011,3822307
5/18/2011,3822307
5/19/2011,3822307
5/20/2011,3822307
5/23/2011,3822307
5/24/2011,3822307
5/25/2011,3822307
5/26/2011,3822307
5/27/2011,3822307
5/30/2011,3822307
5/31/2011,3822307
6/1/2011,3822307
6/2/2011,3822307
6/3/2011,3822307
6/6/2011,3822307
6/7/2011,3822307
6/8/2011,3822307
6/9/2011,3822307
6/10/2011,3822307
6/13/2011,3822307
6/14/2011,3822307
6/15/2011,3822307
6/16/2011,3822307
6/17/2011,3822307
6/20/2011,3822307
6/21/2011,3822307
6/22/2011,3822307
6/23/2011,3822307
6/24/2011,3822307
6/27/2011,3822307
6/28/2011,3822307
6/29/2011,3822307
6/30/2011,3822307
7/1/2011,3822307
7/4/2011,3822307
7/5/2011,3822307
7/6/2011,3822307
7/7/2011,3822307
7/8/2011,3822307
7/11/2011,3822307
7/12/2011,3822307
7/13/2011,3822307
7/14/2011,3822307
7/15/2011,3822307
7/18/2011,3822307
7/19/2011,3822307
7/20/2011,3822307
7/21/2011,3822307
7/22/2011,3822307
7/25/2011,3822307
7/26/2011,3822307
7/27/2011,3822307
7/28/2011,3822307
7/29/2011,3822307
8/1/2011,3822307
8/2/2011,3822307
8/3/2011,3822307
8/4/2011,3822307
8/5/2011,3822307
8/8/2011,3822307
8/9/2011,3822307
8/10/2011,3822307
8/11/2011,3822307
8/12/2011,3822307
8/15/2011,3822307
8/16/2011,3822307
8/17/2011,3822307
8/18/2011,3822307
8/19/2011,3822307
8/22/2011,3822307
8/23/2011,3822307
8/24/2011,3822307
8/25/2011,3822307
8/26/2011,3822307
8/29/2011,3822307
8/30/2011,3822307
8/31/2011,3822307
9/1/2011,3822307
9/2/2011,3822307
9/5/2011,3822307
9/6/2011,3822307
9/7/2011,3822307
9/8/2011,3822307
9/9/2011,3822307
9/12/2011,3822307
9/13/2011,3822307
9/14/2011,3822307
9/15/2011,3822307
9/16/2011,3822307
9/19/2011,3822307
9/20/2011,3822307
9/21/2011,3822307
9/22/2011,3822307
9/23/2011,3822307
9/26/2011,3822307
9/27/2011,3822307
9/28/2011,3822307
9/29/2011,3822307
9/30/2011,3817841
10/3/2011,3817841
10/4/2011,3817841
10/5/2011,3817841
10/6/2011,3817841
10/7/2011,3817841
10/10/2011,3817841
10/11/2011,3817841
10/12/2011,3817841
10/13/2011,3817841
10/14/2011,3817841
10/17/2011,3817841
10/18/2011,3817841
10/19/2011,3817841
10/20/2011,3817841
10/21/2011,3817841
10/24/2011,3817841
10/25/2011,3817841
10/26/2011,3817841
10/27/2011,3817841
10/28/2011,3817841
10/31/2011,3817841
11/1/2011,3817841
11/2/2011,3817841
11/3/2011,3817841
11/4/2011,3817841
11/7/2011,3817841
11/8/2011,3817841
11/9/2011,3817841
11/10/2011,3817841
11/11/2011,3817841
11/14/2011,3817841
11/15/2011,3817841
11/16/2011,3817841
11/17/2011,3817841
11/18/2011,3817841
11/21/2011,3817841
11/22/2011,3817841
11/23/2011,3817841
11/24/2011,3817841
11/25/2011,3817841
11/28/2011,3817841
11/29/2011,3817841
11/30/2011,3817841
12/1/2011,3817841
12/2/2011,3817841
12/5/2011,3817841
12/6/2011,3817841
12/7/2011,3817841
12/8/2011,3817841
12/9/2011,3817841
12/12/2011,3817841
12/13/2011,3817841
12/14/2011,3817841
12/15/2011,3817841
12/16/2011,3817841
12/19/2011,3817841
12/20/2011,3817841
12/21/2011,3817841
12/22/2011,3817841
12/23/2011,3817841
12/26/2011,3817841
12/27/2011,3817841
12/28/2011,3817841
12/29/2011,3817841
12/30/2011,3817841
1/2/2012,3817841
1/3/2012,3817841
1/4/2012,3817841
1/5/2012,3817841
1/6/2012,3817841
1/9/2012,3817841
1/10/2012,3817841
1/11/2012,3817841
1/12/2012,3817841
1/13/2012,3817841
1/16/2012,3817841
1/17/2012,3817841
1/18/2012,3817841
1/19/2012,3817841
1/20/2012,3817841
1/23/2012,3817841
1/24/2012,3817841
1/25/2012,3817841
1/26/2012,3817841
1/27/2012,3817841
1/30/2012,3817841
1/31/2012,3817841
2/1/2012,3817841
2/2/2012,3817841
2/3/2012,3817841
2/6/2012,3817841
2/7/2012,3817841
2/8/2012,3817841
2/9/2012,3817841
2/10/2012,3817841
2/13/2012,3817841
2/14/2012,3817841
2/15/2012,3817841
2/16/2012,3817841
2/17/2012,3817841
2/20/2012,3817841
2/21/2012,3817841
2/22/2012,3817841
2/23/2012,3817841
2/24/2012,3817841
2/27/2012,3817841
2/28/2012,3817841
2/29/2012,3817841
3/1/2012,3817841
3/2/2012,3817841
3/5/2012,3817841
3/6/2012,3817841
3/7/2012,3817841
3/8/2012,3817841
3/9/2012,3817841
3/12/2012,3817841
3/13/2012,3817841
3/14/2012,3817841
3/15/2012,3817841
3/16/2012,3817841
3/19/2012,3817841
3/20/2012,3817841
3/21/2012,3817841
3/22/2012,3817841
3/23/2012,3817841
3/26/2012,3817841
3/27/2012,3817841
3/28/2012,3817841
3/29/2012,3817841
3/30/2012,3817841
4/2/2012,3817769
4/3/2012,3817769
4/4/2012,3817769
4/5/2012,3817769
4/6/2012,3817769
4/9/2012,3817769
4/10/2012,3817769
4/11/2012,3817769
4/12/2012,3817769
4/13/2012,3817769
4/16/2012,3817769
4/17/2012,3817769
4/18/2012,3817769
4/19/2012,3817769
4/20/2012,3817769
4/23/2012,3817769
4/24/2012,3817769
4/25/2012,3817769
4/26/2012,3817769
4/27/2012,3817769
4/30/2012,3817769
5/1/2012,3817769
5/2/2012,3817769
5/3/2012,3817769
5/4/2012,3817769
5/7/2012,3817769
5/8/2012,3817769
5/9/2012,3817769
5/10/2012,3817769
5/11/2012,3817769
5/14/2012,3817769
5/15/2012,3817769
5/16/2012,3817769
5/17/2012,3817769
5/18/2012,3817769
5/21/2012,3817769
5/22/2012,3817769
5/23/2012,3817769
5/24/2012,3817769
5/25/2012,3817769
5/28/2012,3817769
5/29/2012,3817769
5/30/2012,3817769
5/31/2012,3817769
6/1/2012,3817769
6/4/2012,3817769
6/5/2012,3817769
6/6/2012,3817769
6/7/2012,3817769
6/8/2012,3817769
6/11/2012,3817769
6/12/2012,3817769
6/13/2012,3817769
6/14/2012,3817769
6/15/2012,3817769
6/18/2012,3817769
6/19/2012,3817769
6/20/2012,3817769
6/21/2012,3817769
6/22/2012,3817769
6/25/2012,3817769
6/26/2012,3817769
6/27/2012,3817769
6/28/2012,3817769
6/29/2012,3817769
7/2/2012,3817769
7/3/2012,3817769
7/4/2012,3817769
7/5/2012,3817769
7/6/2012,3817769
7/9/2012,3817769
7/10/2012,3817769
7/11/2012,3817769
7/12/2012,3817769
7/13/2012,3817769
7/16/2012,3817769
7/17/2012,3817769
7/18/2012,3817769
7/19/2012,3817769
7/20/2012,3817769
7/23/2012,3817769
7/24/2012,3817769
7/25/2012,3817769
7/26/2012,3817769
7/27/2012,3817769
7/30/2012,3817769
7/31/2012,3817769
8/1/2012,3817769
8/2/2012,3817769
8/3/2012,3817769
8/6/2012,3817769
8/7/2012,3817769
8/8/2012,3817769
8/9/2012,3817769
8/10/2012,3817769
8/13/2012,3817769
8/14/2012,3817769
8/15/2012,3817769
8/16/2012,3817769
8/17/2012,3817769
8/20/2012,3817769
8/21/2012,3817769
8/22/2012,3817769
8/23/2012,3817769
8/24/2012,3817769
8/27/2012,3817769
8/28/2012,3817769
8/29/2012,3817769
8/30/2012,3817769
8/31/2012,3817769
9/3/2012,3817769
9/4/2012,3817769
9/5/2012,3817769
9/6/2012,3817769
9/7/2012,3817769
9/10/2012,3817769
9/11/2012,3817769
9/12/2012,3817769
9/13/2012,3817769
9/14/2012,3817769
9/17/2012,3817769
9/18/2012,3817769
9/19/2012,3817769
9/20/2012,3817769
9/21/2012,3817769
9/24/2012,3817769
9/25/2012,3817769
9/26/2012,3817769
9/27/2012,3817769
9/28/2012,3817769
10/1/2012,3817372
10/2/2012,3817372
10/3/2012,3817372
10/4/2012,3817372
10/5/2012,3817372
10/8/2012,3817372
10/9/2012,3817372
10/10/2012,3817372
10/11/2012,3817372
10/12/2012,3817372
10/15/2012,3817372
10/16/2012,3817372
10/17/2012,3817372
10/18/2012,3817372
10/19/2012,3817372
10/22/2012,3817372
10/23/2012,3817372
10/24/2012,3817372
10/25/2012,3817372
10/26/2012,3817372
10/29/2012,3817372
10/30/2012,3817372
10/31/2012,3817372
11/1/2012,3817372
11/2/2012,3817372
11/5/2012,3817372
11/6/2012,3817372
11/7/2012,3817372
11/8/2012,3817372
11/9/2012,3817372
11/12/2012,3817372
11/13/2012,3817372
11/14/2012,3817372
11/15/2012,3817372
11/16/2012,3817372
11/19/2012,3817372
11/20/2012,3817372
11/21/2012,3817372
11/22/2012,3817372
11/23/2012,3817372
11/26/2012,3817372
11/27/2012,3817372
11/28/2012,3817372
11/29/2012,3817372
11/30/2012,3817372
12/3/2012,3817372
12/4/2012,3817372
12/5/2012,3817372
12/6/2012,3817372
12/7/2012,3817372
12/10/2012,3817372
12/11/2012,3817372
12/12/2012,3817372
12/13/2012,3817372
12/14/2012,3817372
12/17/2012,3817372
12/18/2012,3817372
12/19/2012,3817372
12/20/2012,3817372
12/21/2012,3817372
12/24/2012,3817372
12/25/2012,3817372
12/26/2012,3817372
12/27/2012,3817372
12/28/2012,3817372
12/31/2012,3817372
1/1/2013,3817372
1/2/2013,3817372
1/3/2013,3817372
1/4/2013,3817372
1/7/2013,3817372
1/8/2013,3817372
1/9/2013,3817372
1/10/2013,3817372
1/11/2013,3817372
1/14/2013,3817372
1/15/2013,3817372
1/16/2013,3817372
1/17/2013,3817372
1/18/2013,3817372
1/21/2013,3817372
1/22/2013,3817372
1/23/2013,3817372
1/24/2013,3817372
1/25/2013,3817372
1/28/2013,3817372
1/29/2013,3817372
1/30/2013,3817372
1/31/2013,3817372
2/1/2013,3817372
2/4/2013,3817372
2/5/2013,3817372
2/6/2013,3817372
2/7/2013,3817372
2/8/2013,3817372
2/11/2013,3817372
2/12/2013,3817372
2/13/2013,3817372
2/14/2013,3817372
2/15/2013,3817372
2/18/2013,3817372
2/19/2013,3817372
2/20/2013,3817372
2/21/2013,3817372
2/22/2013,3817372
2/25/2013,3817372
2/26/2013,3817372
2/27/2013,3817372
2/28/2013,3817372
3/1/2013,3817372
3/4/2013,3817372
3/5/2013,3817372
3/6/2013,3817372
3/7/2013,3817372
3/8/2013,3817372
3/11/2013,3817372
3/12/2013,3817372
3/13/2013,3817372
3/14/2013,3817372
3/15/2013,3817372
3/18/2013,3817372
3/19/2013,3817372
3/20/2013,3817372
3/21/2013,3817372
3/22/2013,3817372
3/25/2013,3817372
3/26/2013,4199109
3/27/2013,4199109
3/28/2013,4199109
3/29/2013,4199109
4/1/2013,4199110
4/2/2013,4199110
4/3/2013,4199110
4/4/2013,4199110
4/5/2013,4199110
4/8/2013,4199110
4/9/2013,4199110
4/10/2013,4199110
4/11/2013,4199110
4/12/2013,4199110
4/15/2013,4199110
4/16/2013,4199110
4/17/2013,4199110
4/18/2013,4199110
4/19/2013,4199110
4/22/2013,4199110
4/23/2013,4199110
4/24/2013,4199110
4/25/2013,4199110
4/26/2013,4199110
4/29/2013,4199110
4/30/2013,4199110
5/1/2013,4199110
5/2/2013,4199110
5/3/2013,4199110
5/6/2013,4199110
5/7/2013,4199110
5/8/2013,4199110
5/9/2013,4199110
5/10/2013,4199110
5/13/2013,4199110
5/14/2013,4199110
5/15/2013,4199110
5/16/2013,4199110
5/17/2013,4199110
5/20/2013,4199110
5/21/2013,4199110
5/22/2013,4199110
5/23/2013,4199110
5/24/2013,4199110
5/27/2013,4199110
5/28/2013,4199110
5/29/2013,4199110
5/30/2013,4199110
5/31/2013,4199110
6/3/2013,4199110
6/4/2013,4199110
6/5/2013,4199110
6/6/2013,4199110
6/7/2013,4199110
6/10/2013,4199110
6/11/2013,4199110
6/12/2013,4199110
6/13/2013,4199110
6/14/2013,4199110
6/17/2013,4199110
6/18/2013,4199110
6/19/2013,4199110
6/20/2013,4199110
6/21/2013,4199110
6/24/2013,4199110
6/25/2013,4199110
6/26/2013,4199110
6/27/2013,4199110
6/28/2013,4199110
7/1/2013,4199110
7/2/2013,4199110
7/3/2013,4199110
7/4/2013,4199110
7/5/2013,4199110
7/8/2013,4199110
7/9/2013,4199110
7/10/2013,4199110
7/11/2013,4199110
7/12/2013,4199110
7/15/2013,4199110
7/16/2013,4199110
7/17/2013,4199110
7/18/2013,4199110
7/19/2013,4199110
7/22/2013,4199110
7/23/2013,4199110
7/24/2013,4199110
7/25/2013,4199110
7/26/2013,4199110
7/29/2013,4199110
7/30/2013,4199110
7/31/2013,4199110
8/1/2013,4199110
8/2/2013,4199110
8/5/2013,4199110
8/6/2013,4199110
8/7/2013,4199110
8/8/2013,4199110
8/9/2013,4199110
8/12/2013,4199110
8/13/2013,4199110
8/14/2013,4199110
8/15/2013,4199110
8/16/2013,4199110
8/19/2013,4199110
8/20/2013,4199110
8/21/2013,4199110
8/22/2013,4199110
8/23/2013,4199110
8/26/2013,4199110
8/27/2013,4199110
8/28/2013,4199110
8/29/2013,4199110
8/30/2013,4199110
9/2/2013,4199110
9/3/2013,4199110
9/4/2013,4199110
9/5/2013,4199110
9/6/2013,4199110
9/9/2013,4199110
9/10/2013,4199110
9/11/2013,4199110
9/12/2013,4199110
9/13/2013,4199110
9/16/2013,4199110
9/17/2013,4199110
9/18/2013,4199110
9/19/2013,4199110
9/20/2013,4199110
9/23/2013,4199110
9/24/2013,4199110
9/25/2013,4199110
9/26/2013,4199110
9/27/2013,4199110
9/30/2013,4196745
10/1/2013,4196745
10/2/2013,4196745
10/3/2013,4196745
10/4/2013,4196745
10/7/2013,4196745
10/8/2013,4196745
10/9/2013,4196745
10/10/2013,4196745
10/11/2013,4196745
10/14/2013,4196745
10/15/2013,4196745
10/16/2013,4196745
10/17/2013,4196745
10/18/2013,4196745
10/21/2013,4196745
10/22/2013,4196745
10/23/2013,4196745
10/24/2013,4196745
10/25/2013,4196745
10/28/2013,4196745
10/29/2013,4196745
10/30/2013,4196745
10/31/2013,4196745
11/1/2013,4196745
11/4/2013,4196745
11/5/2013,4196745
11/6/2013,4196745
11/7/2013,4196745
11/8/2013,4196745
11/11/2013,4196745
11/12/2013,4196745
11/13/2013,4196745
11/14/2013,4196745
11/15/2013,4196745
11/18/2013,4196745
11/19/2013,4196745
11/20/2013,4196745
11/21/2013,4196745
11/22/2013,4196745
11/25/2013,4196745
11/26/2013,4196745
11/27/2013,4196745
11/28/2013,4196745
11/29/2013,4196745
12/2/2013,4196745
12/3/2013,4196745
12/4/2013,4196745
12/5/2013,4196745
12/6/2013,4196745
12/9/2013,4196745
12/10/2013,4196745
12/11/2013,4196745
12/12/2013,4196745
12/13/2013,4196745
12/16/2013,4196745
12/17/2013,4196745
12/18/2013,4196745
12/19/2013,4196745
12/20/2013,4196745
12/23/2013,4196745
12/24/2013,4196745
12/25/2013,4196745
12/26/2013,4196745
12/27/2013,4196745
12/30/2013,4196745
12/31/2013,4196509
1/1/2014,4196509
1/2/2014,4196509
1/3/2014,4196509
1/6/2014,4196509
1/7/2014,4196509
1/8/2014,4196509
1/9/2014,4196509
1/10/2014,4196509
1/13/2014,4196509
1/14/2014,4196509
1/15/2014,4196509
1/16/2014,4196509
1/17/2014,4196509
1/20/2014,4196509
1/21/2014,4196509
1/22/2014,4196509
1/23/2014,4196509
1/24/2014,4196509
1/27/2014,4196509
1/28/2014,4196509
1/29/2014,4196509
1/30/2014,4196509
1/31/2014,4196509
2/3/2014,4196509
2/4/2014,4196509
2/5/2014,4196509
2/6/2014,4196509
2/7/2014,4196509
2/10/2014,4196509
2/11/2014,4196509
2/12/2014,4196509
2/13/2014,4196509
2/14/2014,4196509
2/17/2014,4196509
2/18/2014,4196509
2/19/2014,4196509
2/20/2014,4196509
2/21/2014,4196509
2/24/2014,4196509
2/25/2014,4196509
2/26/2014,4196509
2/27/2014,4196509
2/28/2014,4196509
3/3/2014,4196509
3/4/2014,4196509
3/5/2014,4196509
3/6/2014,4196509
3/7/2014,4196509
3/10/2014,4196509
3/11/2014,4196509
3/12/2014,4196509
3/13/2014,4196509
3/14/2014,4196509
3/17/2014,4196509
3/18/2014,4196509
3/19/2014,4196509
3/20/2014,4196509
3/21/2014,4196509
3/24/2014,4196509
3/25/2014,4196509
3/26/2014,4196509
3/27/2014,4196509
3/28/2014,4196509
3/31/2014,4195390
4/1/2014,4195390
4/2/2014,4195390
4/3/2014,4195390
4/4/2014,4195390
4/7/2014,4195390
4/8/2014,4195390
4/9/2014,4195390
4/10/2014,4195390
4/11/2014,4195390
4/14/2014,4195390
4/15/2014,4195390
4/16/2014,4195390
4/17/2014,4195390
4/18/2014,4195390
4/21/2014,4195390
4/22/2014,4195390
4/23/2014,4195390
4/24/2014,4195390
4/25/2014,4195390
4/28/2014,4195390
4/29/2014,4195390
4/30/2014,4195390
5/1/2014,4195390
5/2/2014,4195390
5/5/2014,4195390
5/6/2014,4195390
5/7/2014,4195390
5/8/2014,4195390
5/9/2014,4195390
5/12/2014,4195390
5/13/2014,4195390
5/14/2014,4195390
5/15/2014,4195390
5/16/2014,4195390
5/19/2014,4195390
5/20/2014,4195390
5/21/2014,4195390
5/22/2014,4195390
5/23/2014,4195390
5/26/2014,4195390
5/27/2014,4195390
5/28/2014,4195390
5/29/2014,4195390
5/30/2014,4195390
6/2/2014,4195390
6/3/2014,4195390
6/4/2014,4195390
6/5/2014,4195390
6/6/2014,4195390
6/9/2014,4195390
6/10/2014,4195390
6/11/2014,4195390
6/12/2014,4195390
6/13/2014,4195390
6/16/2014,4195390
6/17/2014,4195390
6/18/2014,4195390
6/19/2014,4195390
6/20/2014,4195390
6/23/2014,4195390
6/24/2014,4195390
6/25/2014,4195390
6/26/2014,4195390
6/27/2014,4195390
6/30/2014,4195390
7/1/2014,4195390
7/2/2014,4195390
7/3/2014,4195390
7/4/2014,4195390
7/7/2014,4195390
7/8/2014,4195390
7/9/2014,4195390
7/10/2014,4195390
7/11/2014,4195390
7/14/2014,4195390
7/15/2014,4195390
7/16/2014,4195390
7/17/2014,4195390
7/18/2014,4195390
7/21/2014,4195390
7/22/2014,4195390
7/23/2014,4195390
7/24/2014,4195390
7/25/2014,4195390
7/28/2014,4195390
7/29/2014,4195390
7/30/2014,4195390
7/31/2014,4195390
8/1/2014,4195390
8/4/2014,4195390
8/5/2014,4195390
8/6/2014,4195390
8/7/2014,4195390
8/8/2014,4195390
8/11/2014,4195390
8/12/2014,4195390
8/13/2014,4195390
8/14/2014,4195390
8/15/2014,4195390
8/18/2014,4195390
8/19/2014,4195390
8/20/2014,4195390
8/21/2014,4195390
8/22/2014,4195390
8/25/2014,4195390
8/26/2014,4195390
8/27/2014,4195390
8/28/2014,4195390
8/29/2014,4195390
9/1/2014,4195390
9/2/2014,4195390
9/3/2014,4195390
9/4/2014,4195390
9/5/2014,4195390
9/8/2014,4195390
9/9/2014,4195390
9/10/2014,4195390
9/11/2014,4195390
9/12/2014,4195390
9/15/2014,4195390
9/16/2014,4195390
9/17/2014,4195390
9/18/2014,4195390
9/19/2014,4195390
9/22/2014,4195390
9/23/2014,4195390
9/24/2014,4195390
9/25/2014,4195390
9/26/2014,4195390
9/29/2014,4195390
9/30/2014,4195390
10/1/2014,4195390
10/2/2014,4195390
10/3/2014,4195390
10/6/2014,4195390
10/7/2014,4195390
10/8/2014,4195390
10/9/2014,4195390
10/10/2014,4195390
10/13/2014,4195390
10/14/2014,4195390
10/15/2014,4195390
10/16/2014,4195390
10/17/2014,4195390
10/20/2014,4195390
10/21/2014,4195390
10/22/2014,4195390
10/23/2014,4195390
10/24/2014,4195390
10/27/2014,4195390
10/28/2014,4195390
10/29/2014,4195390
10/30/2014,4195390
10/31/2014,4195390
11/3/2014,4195390
11/4/2014,4195390
11/5/2014,4195390
11/6/2014,4195390
11/7/2014,4195390
11/10/2014,4195390
11/11/2014,4195390
11/12/2014,4195390
11/13/2014,4195390
11/14/2014,4195390
11/17/2014,4195390
11/18/2014,4195390
11/19/2014,4195390
11/20/2014,4195390
11/21/2014,4195390
11/24/2014,4195390
11/25/2014,4195390
11/26/2014,4195390
11/27/2014,4195390
11/28/2014,4195390
12/1/2014,4195390
12/2/2014,4195390
12/3/2014,4195390
12/4/2014,4195390
12/5/2014,4195390
12/8/2014,4195390
12/9/2014,4195390
12/10/2014,4195390
12/11/2014,4195390
12/12/2014,4195390
12/15/2014,4195390
12/16/2014,4195390
12/17/2014,4195390
12/18/2014,4195390
12/19/2014,4195390
12/22/2014,4195390
12/23/2014,4195390
12/24/2014,4195390
12/25/2014,4195390
12/26/2014,4195390
12/29/2014,4195390
12/30/2014,4195390
12/31/2014,4195390
1/1/2015,4195390
1/2/2015,4195390
1/5/2015,4195390
1/6/2015,4195390
1/7/2015,4195390
1/8/2015,4195390
1/9/2015,4195390
1/12/2015,4195390
1/13/2015,4195390
1/14/2015,4195390
1/15/2015,4195390
1/16/2015,4195390
1/19/2015,4195390
1/20/2015,4195390
1/21/2015,4195390
1/22/2015,4195390
1/23/2015,4195390
1/26/2015,4195390
1/27/2015,4195390
1/28/2015,4195390
1/29/2015,4195390
1/30/2015,4195390
2/2/2015,4195390
2/3/2015,4195390
2/4/2015,4195390
2/5/2015,4195390
2/6/2015,4195390
2/9/2015,4195390
2/10/2015,4195390
2/11/2015,4195390
2/12/2015,4195390
2/13/2015,4195390
2/16/2015,4195390
2/17/2015,4195390
2/18/2015,4195390
2/19/2015,4195390
2/20/2015,4195390
2/23/2015,4195390
2/24/2015,4195390
2/25/2015,4195390
2/26/2015,4195390
2/27/2015,4195390
3/2/2015,4195390
3/3/2015,4195390
3/4/2015,4195390
3/5/2015,4195390
3/6/2015,4195390
3/9/2015,4195390
3/10/2015,4195390
3/11/2015,4195390
3/12/2015,4195390
3/13/2015,4195390
3/16/2015,4195390
3/17/2015,4195390
3/18/2015,4195390
3/19/2015,4195390
3/20/2015,4195390
3/23/2015,4195390
3/24/2015,4195390
3/25/2015,4195390
3/26/2015,4195390
3/27/2015,5034468
3/30/2015,5034468
3/31/2015,5034469
4/1/2015,5034469
4/2/2015,5034469
4/3/2015,5034469
4/6/2015,5034469
4/7/2015,5034469
4/8/2015,5034469
4/9/2015,5034469
4/10/2015,5034469
4/13/2015,5034469
4/14/2015,5034469
4/15/2015,5034469
4/16/2015,5034469
4/17/2015,5034469
4/20/2015,5034469
4/21/2015,5034469
4/22/2015,5034469
4/23/2015,5034469
4/24/2015,5034469
4/27/2015,5034469
4/28/2015,5034469
4/29/2015,5034469
4/30/2015,5034469
5/1/2015,5034469
5/4/2015,5034469
5/5/2015,5034469
5/6/2015,5034469
5/7/2015,5034469
5/8/2015,5034469
5/11/2015,5034469
5/12/2015,5034469
5/13/2015,5034469
5/14/2015,5034469
5/15/2015,5034469
5/18/2015,5034469
5/19/2015,5034469
5/20/2015,5034469
5/21/2015,5034469
5/22/2015,5034469
5/25/2015,5034469
5/26/2015,5034469
5/27/2015,5034469
5/28/2015,5034469
5/29/2015,5034469
6/1/2015,5034469
6/2/2015,5034469
6/3/2015,5034469
6/4/2015,5034469
6/5/2015,5034469
6/8/2015,5034469
6/9/2015,5034469
6/10/2015,5034469
6/11/2015,5034469
6/12/2015,5034469
6/15/2015,5034469
6/16/2015,5034469
6/17/2015,5034469
6/18/2015,5034469
6/19/2015,5034469
6/22/2015,5034469
6/23/2015,5034469
6/24/2015,5034469
6/25/2015,5034469
6/26/2015,5034469
6/29/2015,5034469
6/30/2015,5031884
7/1/2015,5031884
7/2/2015,5031884
7/3/2015,5031884
7/6/2015,5031884
7/7/2015,5031884
7/8/2015,5031884
7/9/2015,5031884
7/10/2015,5031884
7/13/2015,5031884
7/14/2015,5031884
7/15/2015,5031884
7/16/2015,5031884
7/17/2015,5031884
7/20/2015,5031884
7/21/2015,5031884
7/22/2015,5031884
7/23/2015,5031884
7/24/2015,5031884
7/27/2015,5031884
7/28/2015,5031884
7/29/2015,5031884
7/30/2015,5031884
7/31/2015,5031884
8/3/2015,5031884
8/4/2015,5031884
8/5/2015,5031884
8/6/2015,5031884
8/7/2015,5031884
8/10/2015,5031884
8/11/2015,5031884
8/12/2015,5031884
8/13/2015,5031884
8/14/2015,5031884
8/17/2015,5031884
8/18/2015,5031884
8/19/2015,5031884
8/20/2015,5031884
8/21/2015,5031884
8/24/2015,5031884
8/25/2015,5031884
8/26/2015,5031884
8/27/2015,5031884
8/28/2015,5031884
8/31/2015,5031884
9/1/2015,5031884
9/2/2015,5031884
9/3/2015,5031884
9/4/2015,5031884
9/7/2015,5031884
9/8/2015,5031884
9/9/2015,5031884
9/10/2015,5031884
9/11/2015,5031884
9/14/2015,5031884
9/15/2015,5031884
9/16/2015,5031884
9/17/2015,5031884
9/18/2015,5031884
9/21/2015,5031884
9/22/2015,5031884
9/23/2015,5031884
9/24/2015,5031884
9/25/2015,5031884
9/28/2015,5031884
9/29/2015,5031884
9/30/2015,5029992
10/1/2015,5029992
10/2/2015,5029992
10/5/2015,5029992
10/6/2015,5029992
10/7/2015,5029992
10/8/2015,5029992
10/9/2015,5029992
10/12/2015,5029992
10/13/2015,5029992
10/14/2015,5029992
10/15/2015,5029992
10/16/2015,5029992
10/19/2015,5029992
10/20/2015,5029992
10/21/2015,5029992
10/22/2015,5029992
10/23/2015,5029992
10/26/2015,5029992
10/27/2015,5029992
10/28/2015,5029992
10/29/2015,5029992
10/30/2015,5029992
11/2/2015,5029992
11/3/2015,5029992
11/4/2015,5029992
11/5/2015,5029992
11/6/2015,5029992
11/9/2015,5029992
11/10/2015,5029992
11/11/2015,5029992
11/12/2015,5029992
11/13/2015,5029992
11/16/2015,5029992
11/17/2015,5029992
11/18/2015,5029992
11/19/2015,5029992
11/20/2015,5029992
11/23/2015,5029992
11/24/2015,5029992
11/25/2015,5029992
11/26/2015,5029992
11/27/2015,5029992
11/30/2015,5029992
12/1/2015,5029992
12/2/2015,5029992
12/3/2015,5029992
12/4/2015,5029992
12/7/2015,5029992
12/8/2015,5029992
12/9/2015,5029992
12/10/2015,5029992
12/11/2015,5029992
12/14/2015,5029992
12/15/2015,5029992
12/16/2015,5029992
12/17/2015,5029992
12/18/2015,5029992
12/21/2015,5029992
12/22/2015,5029992
12/23/2015,5029992
12/24/2015,5029992
12/25/2015,5029992
12/28/2015,5029992
12/29/2015,5029992
12/30/2015,5029992
12/31/2015,5029476
1/1/2016,5029476
1/4/2016,5029476
1/5/2016,5029476
1/6/2016,5029476
1/7/2016,5029476
1/8/2016,5029476
1/11/2016,5029476
1/12/2016,5029476
1/13/2016,5029476
1/14/2016,5029476
1/15/2016,5029476
1/18/2016,5029476
1/19/2016,5029476
1/20/2016,5029476
1/21/2016,5029476
1/22/2016,5029476
1/25/2016,5029476
1/26/2016,5029476
1/27/2016,5029476
1/28/2016,5029476
1/29/2016,5029476
2/1/2016,5029476
2/2/2016,5029476
2/3/2016,5029476
2/4/2016,5029476
2/5/2016,5029476
2/8/2016,5029476
2/9/2016,5029476
2/10/2016,5029476
2/11/2016,5029476
2/12/2016,5029476
2/15/2016,5029476
2/16/2016,5029476
