12/31/1999,388559
1/3/2000,388559
1/4/2000,388559
1/5/2000,388559
1/6/2000,388559
1/7/2000,388559
1/10/2000,388559
1/11/2000,388559
1/12/2000,388559
1/13/2000,388559
1/14/2000,388559
1/17/2000,388559
1/18/2000,388559
1/19/2000,388559
1/20/2000,388559
1/21/2000,388559
1/24/2000,388559
1/25/2000,388559
1/26/2000,388559
1/27/2000,388559
1/28/2000,388559
1/31/2000,388559
2/1/2000,388559
2/2/2000,388559
2/3/2000,388559
2/4/2000,388559
2/7/2000,388559
2/8/2000,388559
2/9/2000,388559
2/10/2000,388559
2/11/2000,388559
2/14/2000,388559
2/15/2000,388559
2/16/2000,388559
2/17/2000,388559
2/18/2000,388559
2/21/2000,388559
2/22/2000,388559
2/23/2000,388559
2/24/2000,388559
2/25/2000,388559
2/28/2000,388559
2/29/2000,388559
3/1/2000,388559
3/2/2000,388559
3/3/2000,388559
3/6/2000,388559
3/7/2000,388559
3/8/2000,388559
3/9/2000,388559
3/10/2000,388559
3/13/2000,388559
3/14/2000,388559
3/15/2000,388559
3/16/2000,388559
3/17/2000,388559
3/20/2000,388559
3/21/2000,388559
3/22/2000,388559
3/23/2000,388559
3/24/2000,388559
3/27/2000,388559
3/28/2000,388559
3/29/2000,388559
3/30/2000,388559
3/31/2000,384900
4/3/2000,384900
4/4/2000,384900
4/5/2000,384900
4/6/2000,384900
4/7/2000,384900
4/10/2000,384900
4/11/2000,384900
4/12/2000,384900
4/13/2000,384900
4/14/2000,384900
4/17/2000,384900
4/18/2000,384900
4/19/2000,384900
4/20/2000,384900
4/21/2000,384900
4/24/2000,384900
4/25/2000,384900
4/26/2000,384900
4/27/2000,384900
4/28/2000,384900
5/1/2000,384900
5/2/2000,384900
5/3/2000,384900
5/4/2000,384900
5/5/2000,384900
5/8/2000,384900
5/9/2000,384900
5/10/2000,384900
5/11/2000,384900
5/12/2000,384900
5/15/2000,384900
5/16/2000,384900
5/17/2000,384900
5/18/2000,384900
5/19/2000,384900
5/22/2000,384900
5/23/2000,384900
5/24/2000,384900
5/25/2000,384900
5/26/2000,384900
5/29/2000,384900
5/30/2000,384900
5/31/2000,384900
6/1/2000,384900
6/2/2000,384900
6/5/2000,384900
6/6/2000,384900
6/7/2000,384900
6/8/2000,384900
6/9/2000,384900
6/12/2000,384900
6/13/2000,384900
6/14/2000,384900
6/15/2000,384900
6/16/2000,384900
6/19/2000,384900
6/20/2000,384900
6/21/2000,384900
6/22/2000,384900
6/23/2000,384900
6/26/2000,384900
6/27/2000,384900
6/28/2000,384900
6/29/2000,384900
6/30/2000,384900
7/3/2000,384900
7/4/2000,384900
7/5/2000,384900
7/6/2000,384900
7/7/2000,384900
7/10/2000,384900
7/11/2000,384900
7/12/2000,384900
7/13/2000,384900
7/14/2000,384900
7/17/2000,384900
7/18/2000,384900
7/19/2000,384900
7/20/2000,384900
7/21/2000,384900
7/24/2000,384900
7/25/2000,384900
7/26/2000,384900
7/27/2000,384900
7/28/2000,384900
7/31/2000,384900
8/1/2000,384900
8/2/2000,384900
8/3/2000,384900
8/4/2000,384900
8/7/2000,384900
8/8/2000,384900
8/9/2000,384900
8/10/2000,384900
8/11/2000,384900
8/14/2000,384900
8/15/2000,384900
8/16/2000,384900
8/17/2000,384900
8/18/2000,384900
8/21/2000,384900
8/22/2000,384900
8/23/2000,384900
8/24/2000,384900
8/25/2000,384900
8/28/2000,384900
8/29/2000,384900
8/30/2000,384900
8/31/2000,384900
9/1/2000,384900
9/4/2000,384900
9/5/2000,384900
9/6/2000,384900
9/7/2000,384900
9/8/2000,384900
9/11/2000,384900
9/12/2000,384900
9/13/2000,384900
9/14/2000,384900
9/15/2000,384900
9/18/2000,384900
9/19/2000,384900
9/20/2000,384900
9/21/2000,384900
9/22/2000,384900
9/25/2000,384900
9/26/2000,384900
9/27/2000,384900
9/28/2000,384900
9/29/2000,384900
10/2/2000,384900
10/3/2000,384900
10/4/2000,384900
10/5/2000,384900
10/6/2000,384900
10/9/2000,384900
10/10/2000,384900
10/11/2000,384900
10/12/2000,384900
10/13/2000,384900
10/16/2000,384900
10/17/2000,384900
10/18/2000,384900
10/19/2000,384900
10/20/2000,384900
10/23/2000,384900
10/24/2000,384900
10/25/2000,384900
10/26/2000,384900
10/27/2000,384900
10/30/2000,384900
10/31/2000,384900
11/1/2000,384900
11/2/2000,384900
11/3/2000,384900
11/6/2000,384900
11/7/2000,384900
11/8/2000,384900
11/9/2000,384900
11/10/2000,384900
11/13/2000,384900
11/14/2000,384900
11/15/2000,384900
11/16/2000,384900
11/17/2000,384900
11/20/2000,384900
11/21/2000,384900
11/22/2000,384900
11/23/2000,384900
11/24/2000,384900
11/27/2000,384900
11/28/2000,384900
11/29/2000,384900
11/30/2000,384900
12/1/2000,384900
12/4/2000,384900
12/5/2000,384900
12/6/2000,384900
12/7/2000,384900
12/8/2000,384900
12/11/2000,384900
12/12/2000,384900
12/13/2000,384900
12/14/2000,384900
12/15/2000,384900
12/18/2000,384900
12/19/2000,384900
12/20/2000,384900
12/21/2000,384900
12/22/2000,384900
12/25/2000,384900
12/26/2000,384900
12/27/2000,384900
12/28/2000,384900
12/29/2000,384900
1/1/2001,384893
1/2/2001,384893
1/3/2001,384893
1/4/2001,384893
1/5/2001,384893
1/8/2001,384893
1/9/2001,384893
1/10/2001,384893
1/11/2001,384893
1/12/2001,384893
1/15/2001,384893
1/16/2001,384893
1/17/2001,384893
1/18/2001,384893
1/19/2001,384893
1/22/2001,384893
1/23/2001,384893
1/24/2001,384893
1/25/2001,384893
1/26/2001,384893
1/29/2001,384893
1/30/2001,384893
1/31/2001,384893
2/1/2001,384893
2/2/2001,384893
2/5/2001,384893
2/6/2001,384893
2/7/2001,384893
2/8/2001,384893
2/9/2001,384893
2/12/2001,384893
2/13/2001,384893
2/14/2001,384893
2/15/2001,384893
2/16/2001,384893
2/19/2001,384893
2/20/2001,384893
2/21/2001,384893
2/22/2001,384893
2/23/2001,384893
2/26/2001,384893
2/27/2001,384893
2/28/2001,384893
3/1/2001,384893
3/2/2001,384893
3/5/2001,384893
3/6/2001,384893
3/7/2001,384893
3/8/2001,384893
3/9/2001,384893
3/12/2001,384893
3/13/2001,384893
3/14/2001,384893
3/15/2001,384893
3/16/2001,384893
3/19/2001,384893
3/20/2001,384893
3/21/2001,384893
3/22/2001,384893
3/23/2001,384893
3/26/2001,384893
3/27/2001,384893
3/28/2001,384893
3/29/2001,384893
3/30/2001,384893
4/2/2001,385033
4/3/2001,385033
4/4/2001,385033
4/5/2001,385033
4/6/2001,385033
4/9/2001,385033
4/10/2001,385033
4/11/2001,385033
4/12/2001,385033
4/13/2001,385033
4/16/2001,385033
4/17/2001,385033
4/18/2001,385033
4/19/2001,385033
4/20/2001,385033
4/23/2001,385033
4/24/2001,385033
4/25/2001,385033
4/26/2001,385033
4/27/2001,385033
4/30/2001,385033
5/1/2001,385033
5/2/2001,385033
5/3/2001,385033
5/4/2001,385033
5/7/2001,385033
5/8/2001,385033
5/9/2001,385033
5/10/2001,385033
5/11/2001,385033
5/14/2001,385033
5/15/2001,385033
5/16/2001,385033
5/17/2001,385033
5/18/2001,385033
5/21/2001,385033
5/22/2001,385033
5/23/2001,385033
5/24/2001,385033
5/25/2001,385033
5/28/2001,385033
5/29/2001,385033
5/30/2001,385033
5/31/2001,385033
6/1/2001,385033
6/4/2001,385033
6/5/2001,385033
6/6/2001,385033
6/7/2001,385033
6/8/2001,385033
6/11/2001,385033
6/12/2001,385033
6/13/2001,385033
6/14/2001,385033
6/15/2001,385033
6/18/2001,385033
6/19/2001,385033
6/20/2001,385033
6/21/2001,385033
6/22/2001,385033
6/25/2001,385033
6/26/2001,385033
6/27/2001,385033
6/28/2001,385033
6/29/2001,385033
7/2/2001,385033
7/3/2001,385033
7/4/2001,385033
7/5/2001,385033
7/6/2001,385033
7/9/2001,385033
7/10/2001,385033
7/11/2001,385033
7/12/2001,385033
7/13/2001,385033
7/16/2001,385033
7/17/2001,385033
7/18/2001,385033
7/19/2001,385033
7/20/2001,385033
7/23/2001,385033
7/24/2001,385033
7/25/2001,385033
7/26/2001,385033
7/27/2001,385033
7/30/2001,385033
7/31/2001,385033
8/1/2001,385033
8/2/2001,385033
8/3/2001,385033
8/6/2001,385033
8/7/2001,385033
8/8/2001,385033
8/9/2001,385033
8/10/2001,385033
8/13/2001,385033
8/14/2001,385033
8/15/2001,385033
8/16/2001,385033
8/17/2001,385033
8/20/2001,385033
8/21/2001,385033
8/22/2001,385033
8/23/2001,385033
8/24/2001,385033
8/27/2001,385033
8/28/2001,385033
8/29/2001,385033
8/30/2001,385033
8/31/2001,385033
9/3/2001,385033
9/4/2001,385033
9/5/2001,385033
9/6/2001,385033
9/7/2001,385033
9/10/2001,385033
9/11/2001,385033
9/12/2001,385033
9/13/2001,385033
9/14/2001,385033
9/17/2001,385033
9/18/2001,385033
9/19/2001,385033
9/20/2001,385033
9/21/2001,385033
9/24/2001,385033
9/25/2001,385033
9/26/2001,385033
9/27/2001,385033
9/28/2001,385033
10/1/2001,384309
10/2/2001,384309
10/3/2001,384309
10/4/2001,384309
10/5/2001,384309
10/8/2001,384309
10/9/2001,384309
10/10/2001,384309
10/11/2001,384309
10/12/2001,384309
10/15/2001,384309
10/16/2001,384309
10/17/2001,384309
10/18/2001,384309
10/19/2001,384309
10/22/2001,384309
10/23/2001,384309
10/24/2001,384309
10/25/2001,384309
10/26/2001,384309
10/29/2001,384309
10/30/2001,384309
10/31/2001,384309
11/1/2001,384309
11/2/2001,384309
11/5/2001,384309
11/6/2001,384309
11/7/2001,384309
11/8/2001,384309
11/9/2001,384309
11/12/2001,384309
11/13/2001,384309
11/14/2001,384309
11/15/2001,384309
11/16/2001,384309
11/19/2001,384309
11/20/2001,384309
11/21/2001,384309
11/22/2001,384309
11/23/2001,384309
11/26/2001,384309
11/27/2001,384309
11/28/2001,384309
11/29/2001,384309
11/30/2001,384309
12/3/2001,384309
12/4/2001,384309
12/5/2001,384309
12/6/2001,384309
12/7/2001,384309
12/10/2001,384309
12/11/2001,384309
12/12/2001,384309
12/13/2001,384309
12/14/2001,384309
12/17/2001,384309
12/18/2001,384309
12/19/2001,384309
12/20/2001,384309
12/21/2001,384309
12/24/2001,384309
12/25/2001,384309
12/26/2001,384309
12/27/2001,384309
12/28/2001,384309
12/31/2001,383844
1/1/2002,383844
1/2/2002,383844
1/3/2002,383844
1/4/2002,383844
1/7/2002,383844
1/8/2002,383844
1/9/2002,383844
1/10/2002,383844
1/11/2002,383844
1/14/2002,383844
1/15/2002,383844
1/16/2002,383844
1/17/2002,383844
1/18/2002,383844
1/21/2002,383844
1/22/2002,383844
1/23/2002,383844
1/24/2002,383844
1/25/2002,383844
1/28/2002,383844
1/29/2002,383844
1/30/2002,383844
1/31/2002,383844
2/1/2002,383844
2/4/2002,383844
2/5/2002,383844
2/6/2002,383844
2/7/2002,383844
2/8/2002,383844
2/11/2002,383844
2/12/2002,383844
2/13/2002,383844
2/14/2002,383844
2/15/2002,383844
2/18/2002,383844
2/19/2002,383844
2/20/2002,383844
2/21/2002,383844
2/22/2002,383844
2/25/2002,383844
2/26/2002,383844
2/27/2002,383844
2/28/2002,383844
3/1/2002,383844
3/4/2002,383844
3/5/2002,383844
3/6/2002,383844
3/7/2002,383844
3/8/2002,383844
3/11/2002,383844
3/12/2002,383844
3/13/2002,383844
3/14/2002,383844
3/15/2002,383844
3/18/2002,383844
3/19/2002,383844
3/20/2002,383844
3/21/2002,383844
3/22/2002,383844
3/25/2002,383844
3/26/2002,383844
3/27/2002,383844
3/28/2002,383844
3/29/2002,383844
4/1/2002,383839
4/2/2002,383839
4/3/2002,383839
4/4/2002,383839
4/5/2002,383839
4/8/2002,383839
4/9/2002,383839
4/10/2002,383839
4/11/2002,383839
4/12/2002,383839
4/15/2002,383839
4/16/2002,383839
4/17/2002,383839
4/18/2002,383839
4/19/2002,383839
4/22/2002,383839
4/23/2002,383839
4/24/2002,383839
4/25/2002,383839
4/26/2002,383839
4/29/2002,383839
4/30/2002,383839
5/1/2002,383839
5/2/2002,383839
5/3/2002,383839
5/6/2002,383839
5/7/2002,383839
5/8/2002,383839
5/9/2002,383839
5/10/2002,383839
5/13/2002,383839
5/14/2002,383839
5/15/2002,383839
5/16/2002,383839
5/17/2002,383839
5/20/2002,383839
5/21/2002,383839
5/22/2002,383839
5/23/2002,383839
5/24/2002,383839
5/27/2002,383839
5/28/2002,383839
5/29/2002,383839
5/30/2002,383839
5/31/2002,383839
6/3/2002,383839
6/4/2002,383839
6/5/2002,383839
6/6/2002,383839
6/7/2002,383839
6/10/2002,383839
6/11/2002,383839
6/12/2002,383839
6/13/2002,383839
6/14/2002,383839
6/17/2002,383839
6/18/2002,383839
6/19/2002,383839
6/20/2002,383839
6/21/2002,383839
6/24/2002,383839
6/25/2002,383839
6/26/2002,383839
6/27/2002,383839
6/28/2002,383839
7/1/2002,383839
7/2/2002,383839
7/3/2002,383839
7/4/2002,383839
7/5/2002,383839
7/8/2002,383839
7/9/2002,383839
7/10/2002,383839
7/11/2002,383839
7/12/2002,383839
7/15/2002,383839
7/16/2002,383839
7/17/2002,383839
7/18/2002,383839
7/19/2002,383839
7/22/2002,383839
7/23/2002,383839
7/24/2002,383839
7/25/2002,383839
7/26/2002,383839
7/29/2002,383839
7/30/2002,383839
7/31/2002,383839
8/1/2002,383839
8/2/2002,383839
8/5/2002,383839
8/6/2002,383839
8/7/2002,383839
8/8/2002,383839
8/9/2002,383839
8/12/2002,383839
8/13/2002,383839
8/14/2002,383839
8/15/2002,383839
8/16/2002,383839
8/19/2002,383839
8/20/2002,383839
8/21/2002,383839
8/22/2002,383839
8/23/2002,383839
8/26/2002,383839
8/27/2002,383839
8/28/2002,383839
8/29/2002,383839
8/30/2002,383839
9/2/2002,383839
9/3/2002,383839
9/4/2002,383839
9/5/2002,383839
9/6/2002,383839
9/9/2002,383839
9/10/2002,383839
9/11/2002,383839
9/12/2002,383839
9/13/2002,383839
9/16/2002,383839
9/17/2002,383839
9/18/2002,383839
9/19/2002,383839
9/20/2002,383839
9/23/2002,383839
9/24/2002,383839
9/25/2002,383839
9/26/2002,383839
9/27/2002,383839
9/30/2002,383839
10/1/2002,383839
10/2/2002,383839
10/3/2002,383839
10/4/2002,383839
10/7/2002,383839
10/8/2002,383839
10/9/2002,383839
10/10/2002,383839
10/11/2002,383839
10/14/2002,383839
10/15/2002,383839
10/16/2002,383839
10/17/2002,383839
10/18/2002,383839
10/21/2002,383839
10/22/2002,383839
10/23/2002,383839
10/24/2002,383839
10/25/2002,383839
10/28/2002,383839
10/29/2002,383839
10/30/2002,383839
10/31/2002,383839
11/1/2002,383839
11/4/2002,383839
11/5/2002,383839
11/6/2002,383839
11/7/2002,383839
11/8/2002,383839
11/11/2002,383839
11/12/2002,383839
11/13/2002,383839
11/14/2002,383839
11/15/2002,383839
11/18/2002,383839
11/19/2002,383839
11/20/2002,383839
11/21/2002,383839
11/22/2002,383839
11/25/2002,383839
11/26/2002,383839
11/27/2002,383839
11/28/2002,383839
11/29/2002,383839
12/2/2002,383839
12/3/2002,383839
12/4/2002,383839
12/5/2002,383839
12/6/2002,383839
12/9/2002,383839
12/10/2002,383839
12/11/2002,383839
12/12/2002,383839
12/13/2002,383839
12/16/2002,383839
12/17/2002,383839
12/18/2002,383839
12/19/2002,383839
12/20/2002,383839
12/23/2002,383839
12/24/2002,383839
12/25/2002,383839
12/26/2002,383839
12/27/2002,383839
12/30/2002,383839
12/31/2002,383839
1/1/2003,383839
1/2/2003,383839
1/3/2003,383839
1/6/2003,383839
1/7/2003,383839
1/8/2003,383839
1/9/2003,383839
1/10/2003,383839
1/13/2003,383839
1/14/2003,383839
1/15/2003,383839
1/16/2003,383839
1/17/2003,383839
1/20/2003,383839
1/21/2003,383839
1/22/2003,383839
1/23/2003,383839
1/24/2003,383839
1/27/2003,383839
1/28/2003,383839
1/29/2003,383839
1/30/2003,383839
1/31/2003,383839
2/3/2003,383839
2/4/2003,383839
2/5/2003,383839
2/6/2003,383839
2/7/2003,383839
2/10/2003,383839
2/11/2003,383839
2/12/2003,383839
2/13/2003,383839
2/14/2003,383839
2/17/2003,383839
2/18/2003,383839
2/19/2003,383839
2/20/2003,383839
2/21/2003,383839
2/24/2003,383839
2/25/2003,383839
2/26/2003,383839
2/27/2003,383839
2/28/2003,383839
3/3/2003,383839
3/4/2003,383839
3/5/2003,383839
3/6/2003,383839
3/7/2003,383839
3/10/2003,383839
3/11/2003,383839
3/12/2003,383839
3/13/2003,383839
3/14/2003,383839
3/17/2003,383839
3/18/2003,383839
3/19/2003,383839
3/20/2003,383839
3/21/2003,383839
3/24/2003,383839
3/25/2003,383839
3/26/2003,383839
3/27/2003,383839
3/28/2003,383839
3/31/2003,383839
4/1/2003,383839
4/2/2003,383839
4/3/2003,383839
4/4/2003,383839
4/7/2003,383839
4/8/2003,383839
4/9/2003,383839
4/10/2003,383839
4/11/2003,383839
4/14/2003,383839
4/15/2003,383839
4/16/2003,383839
4/17/2003,383839
4/18/2003,383839
4/21/2003,383839
4/22/2003,383839
4/23/2003,383839
4/24/2003,383839
4/25/2003,383839
4/28/2003,383839
4/29/2003,383839
4/30/2003,383839
5/1/2003,383839
5/2/2003,383839
5/5/2003,383839
5/6/2003,383839
5/7/2003,383839
5/8/2003,383839
5/9/2003,383839
5/12/2003,383839
5/13/2003,383839
5/14/2003,383839
5/15/2003,383839
5/16/2003,383839
5/19/2003,383839
5/20/2003,383839
5/21/2003,383839
5/22/2003,383839
5/23/2003,383839
5/26/2003,383839
5/27/2003,383839
5/28/2003,383839
5/29/2003,383839
5/30/2003,383839
6/2/2003,383839
6/3/2003,383839
6/4/2003,383839
6/5/2003,383839
6/6/2003,383839
6/9/2003,383839
6/10/2003,383839
6/11/2003,383839
6/12/2003,383839
6/13/2003,383839
6/16/2003,383839
6/17/2003,383839
6/18/2003,383839
6/19/2003,383839
6/20/2003,383839
6/23/2003,383839
6/24/2003,383839
6/25/2003,383839
6/26/2003,383839
6/27/2003,383839
6/30/2003,383839
7/1/2003,383839
7/2/2003,383839
7/3/2003,383839
7/4/2003,383839
7/7/2003,383839
7/8/2003,383839
7/9/2003,383839
7/10/2003,383839
7/11/2003,383839
7/14/2003,383839
7/15/2003,383839
7/16/2003,383839
7/17/2003,383839
7/18/2003,383839
7/21/2003,383839
7/22/2003,383839
7/23/2003,383839
7/24/2003,383839
7/25/2003,383839
7/28/2003,383839
7/29/2003,383839
7/30/2003,383839
7/31/2003,383839
8/1/2003,383839
8/4/2003,383839
8/5/2003,383839
8/6/2003,383839
8/7/2003,383839
8/8/2003,383839
8/11/2003,383839
8/12/2003,383839
8/13/2003,383839
8/14/2003,383839
8/15/2003,383839
8/18/2003,383839
8/19/2003,383839
8/20/2003,383839
8/21/2003,383839
8/22/2003,383839
8/25/2003,383839
8/26/2003,383839
8/27/2003,383839
8/28/2003,383839
8/29/2003,383839
9/1/2003,383839
9/2/2003,383839
9/3/2003,383839
9/4/2003,383839
9/5/2003,383839
9/8/2003,383839
9/9/2003,383839
9/10/2003,383839
9/11/2003,383839
9/12/2003,383839
9/15/2003,383839
9/16/2003,383839
9/17/2003,383839
9/18/2003,383839
9/19/2003,383839
9/22/2003,383839
9/23/2003,383839
9/24/2003,383839
9/25/2003,383839
9/26/2003,383839
9/29/2003,383839
9/30/2003,383840
10/1/2003,383840
10/2/2003,383840
10/3/2003,383840
10/6/2003,383840
10/7/2003,383840
10/8/2003,383840
10/9/2003,383840
10/10/2003,383840
10/13/2003,383840
10/14/2003,383840
10/15/2003,383840
10/16/2003,383840
10/17/2003,383840
10/20/2003,383840
10/21/2003,383840
10/22/2003,383840
10/23/2003,383840
10/24/2003,383840
10/27/2003,383840
10/28/2003,383840
10/29/2003,383840
10/30/2003,383840
10/31/2003,383840
11/3/2003,383840
11/4/2003,383840
11/5/2003,383840
11/6/2003,383840
11/7/2003,383840
11/10/2003,383840
11/11/2003,383840
11/12/2003,383840
11/13/2003,383840
11/14/2003,383840
11/17/2003,383840
11/18/2003,383840
11/19/2003,383840
11/20/2003,383840
11/21/2003,383840
11/24/2003,383840
11/25/2003,383840
11/26/2003,383840
11/27/2003,383840
11/28/2003,383840
12/1/2003,383840
12/2/2003,383840
12/3/2003,383840
12/4/2003,383840
12/5/2003,383840
12/8/2003,383840
12/9/2003,383840
12/10/2003,383840
12/11/2003,383840
12/12/2003,383840
12/15/2003,383840
12/16/2003,383840
12/17/2003,383840
12/18/2003,383840
12/19/2003,383840
12/22/2003,383840
12/23/2003,383840
12/24/2003,383840
12/25/2003,383840
12/26/2003,383840
12/29/2003,383840
12/30/2003,383840
12/31/2003,383840
1/1/2004,383840
1/2/2004,383840
1/5/2004,383840
1/6/2004,383840
1/7/2004,383840
1/8/2004,383840
1/9/2004,383840
1/12/2004,383840
1/13/2004,383840
1/14/2004,383840
1/15/2004,383840
1/16/2004,383840
1/19/2004,383840
1/20/2004,383840
1/21/2004,383840
1/22/2004,383840
1/23/2004,383840
1/26/2004,383840
1/27/2004,383840
1/28/2004,383840
1/29/2004,383840
1/30/2004,383840
2/2/2004,383840
2/3/2004,383840
2/4/2004,383840
2/5/2004,383840
2/6/2004,383840
2/9/2004,383840
2/10/2004,383840
2/11/2004,383840
2/12/2004,383840
2/13/2004,383840
2/16/2004,383840
2/17/2004,383840
2/18/2004,383840
2/19/2004,383840
2/20/2004,383840
2/23/2004,383840
2/24/2004,383840
2/25/2004,383840
2/26/2004,383840
2/27/2004,383840
3/1/2004,383840
3/2/2004,383840
3/3/2004,383840
3/4/2004,383840
3/5/2004,383840
3/8/2004,383840
3/9/2004,383840
3/10/2004,383840
3/11/2004,383840
3/12/2004,383840
3/15/2004,383840
3/16/2004,383840
3/17/2004,383840
3/18/2004,383840
3/19/2004,383840
3/22/2004,383840
3/23/2004,383840
3/24/2004,383840
3/25/2004,383840
3/26/2004,383840
3/29/2004,383840
3/30/2004,383840
3/31/2004,383840
4/1/2004,383840
4/2/2004,383840
4/5/2004,383840
4/6/2004,383840
4/7/2004,383840
4/8/2004,383840
4/9/2004,383840
4/12/2004,383840
4/13/2004,383840
4/14/2004,383840
4/15/2004,383840
4/16/2004,383840
4/19/2004,383840
4/20/2004,383840
4/21/2004,383840
4/22/2004,383840
4/23/2004,383840
4/26/2004,383840
4/27/2004,383840
4/28/2004,383840
4/29/2004,383840
4/30/2004,383840
5/3/2004,383840
5/4/2004,383840
5/5/2004,383840
5/6/2004,383840
5/7/2004,383840
5/10/2004,383840
5/11/2004,383840
5/12/2004,383840
5/13/2004,383840
5/14/2004,383840
5/17/2004,383840
5/18/2004,383840
5/19/2004,383840
5/20/2004,383840
5/21/2004,383840
5/24/2004,383840
5/25/2004,383840
5/26/2004,383840
5/27/2004,383840
5/28/2004,383840
5/31/2004,383840
6/1/2004,383840
6/2/2004,383840
6/3/2004,383840
6/4/2004,383840
6/7/2004,383840
6/8/2004,383840
6/9/2004,383840
6/10/2004,383840
6/11/2004,383840
6/14/2004,383840
6/15/2004,383840
6/16/2004,383840
6/17/2004,383840
6/18/2004,383840
6/21/2004,383840
6/22/2004,383840
6/23/2004,383840
6/24/2004,383840
6/25/2004,383840
6/28/2004,383840
6/29/2004,383840
6/30/2004,383840
7/1/2004,383840
7/2/2004,383840
7/5/2004,383840
7/6/2004,383840
7/7/2004,383840
7/8/2004,383840
7/9/2004,383840
7/12/2004,383840
7/13/2004,383840
7/14/2004,383840
7/15/2004,383840
7/16/2004,383840
7/19/2004,383840
7/20/2004,383840
7/21/2004,383840
7/22/2004,383840
7/23/2004,383840
7/26/2004,383840
7/27/2004,383840
7/28/2004,383840
7/29/2004,383840
7/30/2004,383840
8/2/2004,383840
8/3/2004,383840
8/4/2004,383840
8/5/2004,383840
8/6/2004,383840
8/9/2004,383840
8/10/2004,383840
8/11/2004,383840
8/12/2004,383840
8/13/2004,383840
8/16/2004,383840
8/17/2004,383840
8/18/2004,383840
8/19/2004,1151520
8/20/2004,1151520
8/23/2004,1151520
8/24/2004,1151520
8/25/2004,1151520
8/26/2004,1151520
8/27/2004,1151520
8/30/2004,1151520
8/31/2004,1151520
9/1/2004,1151520
9/2/2004,1151520
9/3/2004,1151520
9/6/2004,1151520
9/7/2004,1151520
9/8/2004,1151520
9/9/2004,1151520
9/10/2004,1151520
9/13/2004,1151520
9/14/2004,1151520
9/15/2004,1151520
9/16/2004,1151520
9/17/2004,1151520
9/20/2004,1151520
9/21/2004,1151520
9/22/2004,1151520
9/23/2004,1151520
9/24/2004,1151520
9/27/2004,1151520
9/28/2004,1151520
9/29/2004,1151520
9/30/2004,1151519
10/1/2004,1151519
10/4/2004,1151519
10/5/2004,1151519
10/6/2004,1151519
10/7/2004,1151519
10/8/2004,1151519
10/11/2004,1151519
10/12/2004,1151519
10/13/2004,1151519
10/14/2004,1151519
10/15/2004,1151519
10/18/2004,1151519
10/19/2004,1151519
10/20/2004,1151519
10/21/2004,1151519
10/22/2004,1151519
10/25/2004,1151519
10/26/2004,1151519
10/27/2004,1151519
10/28/2004,1151519
10/29/2004,1151519
11/1/2004,1151519
11/2/2004,1151519
11/3/2004,1151519
11/4/2004,1151519
11/5/2004,1151519
11/8/2004,1151519
11/9/2004,1151519
11/10/2004,1151519
11/11/2004,1151519
11/12/2004,1151519
11/15/2004,1151519
11/16/2004,1151519
11/17/2004,1151519
11/18/2004,1151519
11/19/2004,1151519
11/22/2004,1151519
11/23/2004,1151519
11/24/2004,1151519
11/25/2004,1151519
11/26/2004,1151519
11/29/2004,1151519
11/30/2004,1151519
12/1/2004,1151519
12/2/2004,1151519
12/3/2004,1151519
12/6/2004,1151519
12/7/2004,1151519
12/8/2004,1151519
12/9/2004,1151519
12/10/2004,1151519
12/13/2004,1151519
12/14/2004,1151519
12/15/2004,1151519
12/16/2004,1151519
12/17/2004,1151519
12/20/2004,1151519
12/21/2004,1151519
12/22/2004,1151519
12/23/2004,1151519
12/24/2004,1151519
12/27/2004,1151519
12/28/2004,1151519
12/29/2004,1151519
12/30/2004,1151519
12/31/2004,1151519
1/3/2005,1151519
1/4/2005,1151519
1/5/2005,1151519
1/6/2005,1151519
1/7/2005,1151519
1/10/2005,1151519
1/11/2005,1151519
1/12/2005,1151519
1/13/2005,1151519
1/14/2005,1151519
1/17/2005,1151519
1/18/2005,1151519
1/19/2005,1151519
1/20/2005,1151519
1/21/2005,1151519
1/24/2005,1151519
1/25/2005,1151519
1/26/2005,1151519
1/27/2005,1151519
1/28/2005,1151519
1/31/2005,1151519
2/1/2005,1151519
2/2/2005,1151519
2/3/2005,1151519
2/4/2005,1151519
2/7/2005,1151519
2/8/2005,1151519
2/9/2005,1151519
2/10/2005,1151519
2/11/2005,1151519
2/14/2005,1151519
2/15/2005,1151519
2/16/2005,1151519
2/17/2005,1151519
2/18/2005,1151519
2/21/2005,1151519
2/22/2005,1151519
2/23/2005,1151519
2/24/2005,1151519
2/25/2005,1151519
2/28/2005,1151519
3/1/2005,1151519
3/2/2005,1151519
3/3/2005,1151519
3/4/2005,1151519
3/7/2005,1151519
3/8/2005,1151519
3/9/2005,1151519
3/10/2005,1151519
3/11/2005,1151519
3/14/2005,1151519
3/15/2005,1151519
3/16/2005,1151519
3/17/2005,1151519
3/18/2005,1151519
3/21/2005,1151519
3/22/2005,1151519
3/23/2005,1151519
3/24/2005,1151519
3/25/2005,1151519
3/28/2005,1151519
3/29/2005,1151519
3/30/2005,1151519
3/31/2005,1151519
4/1/2005,1151519
4/4/2005,1151519
4/5/2005,1151519
4/6/2005,1151519
4/7/2005,1151519
4/8/2005,1151519
4/11/2005,1151519
4/12/2005,1151519
4/13/2005,1151519
4/14/2005,1151519
4/15/2005,1151519
4/18/2005,1151519
4/19/2005,1151519
4/20/2005,1151519
4/21/2005,1151519
4/22/2005,1151519
4/25/2005,1151519
4/26/2005,1151519
4/27/2005,1151519
4/28/2005,1151519
4/29/2005,1151519
5/2/2005,1151519
5/3/2005,1151519
5/4/2005,1151519
5/5/2005,1151519
5/6/2005,1151519
5/9/2005,1151519
5/10/2005,1151519
5/11/2005,1151519
5/12/2005,1151519
5/13/2005,1151519
5/16/2005,1151519
5/17/2005,1151519
5/18/2005,1151519
5/19/2005,1151519
5/20/2005,1151519
5/23/2005,1151519
5/24/2005,1151519
5/25/2005,1151519
5/26/2005,1151519
5/27/2005,1151519
5/30/2005,1151519
5/31/2005,1151519
6/1/2005,1151519
6/2/2005,1151519
6/3/2005,1151519
6/6/2005,1151519
6/7/2005,1151519
6/8/2005,1151519
6/9/2005,1151519
6/10/2005,1151519
6/13/2005,1151519
6/14/2005,1151519
6/15/2005,1151519
6/16/2005,1151519
6/17/2005,1151519
6/20/2005,1151519
6/21/2005,1151519
6/22/2005,1151519
6/23/2005,1151519
6/24/2005,1151519
6/27/2005,1151519
6/28/2005,1151519
6/29/2005,1151519
6/30/2005,1151519
7/1/2005,1151519
7/4/2005,1151519
7/5/2005,1151519
7/6/2005,1151519
7/7/2005,1151519
7/8/2005,1151519
7/11/2005,1151519
7/12/2005,1151519
7/13/2005,1151519
7/14/2005,1151519
7/15/2005,1151519
7/18/2005,1151519
7/19/2005,1151519
7/20/2005,1151519
7/21/2005,1151519
7/22/2005,1151519
7/25/2005,1151519
7/26/2005,1151519
7/27/2005,1151519
7/28/2005,1151519
7/29/2005,1151519
8/1/2005,1151519
8/2/2005,1151519
8/3/2005,1151519
8/4/2005,1151519
8/5/2005,1151519
8/8/2005,1151519
8/9/2005,1151519
8/10/2005,1151519
8/11/2005,1151519
8/12/2005,1151519
8/15/2005,1151519
8/16/2005,1151519
8/17/2005,1151519
8/18/2005,1151519
8/19/2005,1151519
8/22/2005,1151519
8/23/2005,1151519
8/24/2005,1151519
8/25/2005,1151519
8/26/2005,1151519
8/29/2005,1151519
8/30/2005,1151519
8/31/2005,1151519
9/1/2005,1151519
9/2/2005,1151519
9/5/2005,1151519
9/6/2005,1151519
9/7/2005,1151519
9/8/2005,1151519
9/9/2005,1151519
9/12/2005,1151519
9/13/2005,1151519
9/14/2005,1151519
9/15/2005,1151519
9/16/2005,1151519
9/19/2005,1151519
9/20/2005,1151519
9/21/2005,1151519
9/22/2005,1151519
9/23/2005,1151519
9/26/2005,1151519
9/27/2005,1151519
9/28/2005,1151519
9/29/2005,1151519
9/30/2005,1151519
10/3/2005,1151519
10/4/2005,1151519
10/5/2005,1151519
10/6/2005,1151519
10/7/2005,1151519
10/10/2005,1151519
10/11/2005,1151519
10/12/2005,1151519
10/13/2005,1151519
10/14/2005,1151519
10/17/2005,1151519
10/18/2005,1151519
10/19/2005,1151519
10/20/2005,1151519
10/21/2005,1151519
10/24/2005,1151519
10/25/2005,1151519
10/26/2005,1151519
10/27/2005,1151519
10/28/2005,1151519
10/31/2005,1151519
11/1/2005,1151519
11/2/2005,1151519
11/3/2005,1151519
11/4/2005,1151519
11/7/2005,1151519
11/8/2005,1151519
11/9/2005,1151519
11/10/2005,1151519
11/11/2005,1151519
11/14/2005,1151519
11/15/2005,1151519
11/16/2005,1151519
11/17/2005,1151519
11/18/2005,1151519
11/21/2005,1151519
11/22/2005,1151519
11/23/2005,1151519
11/24/2005,1151519
11/25/2005,1151519
11/28/2005,1151519
11/29/2005,1151519
11/30/2005,1151519
12/1/2005,1151519
12/2/2005,1151519
12/5/2005,1151519
12/6/2005,1151519
12/7/2005,1151519
12/8/2005,1151519
12/9/2005,1151519
12/12/2005,1151519
12/13/2005,1151519
12/14/2005,1151519
12/15/2005,1151519
12/16/2005,1151519
12/19/2005,1151519
12/20/2005,1151519
12/21/2005,1151519
12/22/2005,1151519
12/23/2005,1151519
12/26/2005,1151519
12/27/2005,1151519
12/28/2005,1151519
12/29/2005,1151519
12/30/2005,1151519
1/2/2006,1151520
1/3/2006,1151520
1/4/2006,1151520
1/5/2006,1151520
1/6/2006,1151520
1/9/2006,1151520
1/10/2006,1151520
1/11/2006,1151520
1/12/2006,1151520
1/13/2006,1151520
1/16/2006,1151520
1/17/2006,1151520
1/18/2006,1151520
1/19/2006,1151520
1/20/2006,1151520
1/23/2006,1151520
1/24/2006,1151520
1/25/2006,1151520
1/26/2006,1151520
1/27/2006,1151520
1/30/2006,1151520
1/31/2006,1151520
2/1/2006,1151520
2/2/2006,1151520
2/3/2006,1151520
2/6/2006,1151520
2/7/2006,1151520
2/8/2006,1151520
2/9/2006,1151520
2/10/2006,1151520
2/13/2006,1151520
2/14/2006,1151520
2/15/2006,1151520
2/16/2006,1151520
2/17/2006,1151520
2/20/2006,1151520
2/21/2006,1151520
2/22/2006,1151520
2/23/2006,1151520
2/24/2006,1151520
2/27/2006,1151520
2/28/2006,1151520
3/1/2006,1151520
3/2/2006,1151520
3/3/2006,1151520
3/6/2006,1151520
3/7/2006,1151520
3/8/2006,1151520
3/9/2006,1151520
3/10/2006,1151520
3/13/2006,1151520
3/14/2006,1151520
3/15/2006,1215671
3/16/2006,1215671
3/17/2006,1215671
3/20/2006,1215671
3/21/2006,1215671
3/22/2006,1215671
3/23/2006,1215671
3/24/2006,1215671
3/27/2006,1215671
3/28/2006,1215671
3/29/2006,1215671
3/30/2006,1215671
3/31/2006,1215671
4/3/2006,1215671
4/4/2006,1215671
4/5/2006,1215671
4/6/2006,1215671
4/7/2006,1215671
4/10/2006,1215671
4/11/2006,1215671
4/12/2006,1215671
4/13/2006,1215671
4/14/2006,1215671
4/17/2006,1215671
4/18/2006,1215671
4/19/2006,1215671
4/20/2006,1215671
4/21/2006,1215671
4/24/2006,1215671
4/25/2006,1215671
4/26/2006,1215671
4/27/2006,1215671
4/28/2006,1215671
5/1/2006,1215671
5/2/2006,1215671
5/3/2006,1215671
5/4/2006,1215671
5/5/2006,1215671
5/8/2006,1215671
5/9/2006,1215671
5/10/2006,1215671
5/11/2006,1215671
5/12/2006,1215671
5/15/2006,1215671
5/16/2006,1215671
5/17/2006,1215671
5/18/2006,1215671
5/19/2006,1215671
5/22/2006,2431342
5/23/2006,2431342
5/24/2006,2431342
5/25/2006,2431342
5/26/2006,2431342
5/29/2006,2431342
5/30/2006,2431342
5/31/2006,2431342
6/1/2006,2431342
6/2/2006,2431342
6/5/2006,2431342
6/6/2006,2431342
6/7/2006,2431342
6/8/2006,2431342
6/9/2006,2431342
6/12/2006,2431342
6/13/2006,2431342
6/14/2006,2431342
6/15/2006,2431342
6/16/2006,2431342
6/19/2006,2431342
6/20/2006,2431342
6/21/2006,2431342
6/22/2006,2431342
6/23/2006,2431342
6/26/2006,2431342
6/27/2006,2431342
6/28/2006,2431342
6/29/2006,2431342
6/30/2006,2430062
7/3/2006,2430062
7/4/2006,2430062
7/5/2006,2430062
7/6/2006,2430062
7/7/2006,2430062
7/10/2006,2430062
7/11/2006,2430062
7/12/2006,2430062
7/13/2006,2430062
7/14/2006,2430062
7/17/2006,2430062
7/18/2006,2430062
7/19/2006,2430062
7/20/2006,2430062
7/21/2006,2430062
7/24/2006,2430062
7/25/2006,2430062
7/26/2006,2430062
7/27/2006,2430062
7/28/2006,2430062
7/31/2006,2430062
8/1/2006,2430062
8/2/2006,2430062
8/3/2006,2430062
8/4/2006,2430062
8/7/2006,2430062
8/8/2006,2430062
8/9/2006,2430062
8/10/2006,2430062
8/11/2006,2430062
8/14/2006,2430062
8/15/2006,2430062
8/16/2006,2430062
8/17/2006,2430062
8/18/2006,2430062
8/21/2006,2430062
8/22/2006,2430062
8/23/2006,2430062
8/24/2006,2430062
8/25/2006,2430062
8/28/2006,2430062
8/29/2006,2430062
8/30/2006,2430062
8/31/2006,2430062
9/1/2006,2430062
9/4/2006,2430062
9/5/2006,2430062
9/6/2006,2430062
9/7/2006,2430062
9/8/2006,2430062
9/11/2006,2430062
9/12/2006,2430062
9/13/2006,2430062
9/14/2006,2430062
9/15/2006,2430062
9/18/2006,2430062
9/19/2006,2430062
9/20/2006,2430062
9/21/2006,2430062
9/22/2006,2430062
9/25/2006,2430062
9/26/2006,2430062
9/27/2006,2430062
9/28/2006,2430062
9/29/2006,2430062
10/2/2006,2416194
10/3/2006,2416194
10/4/2006,2416194
10/5/2006,2416194
10/6/2006,2416194
10/9/2006,2416194
10/10/2006,2416194
10/11/2006,2416194
10/12/2006,2416194
10/13/2006,2416194
10/16/2006,2416194
10/17/2006,2416194
10/18/2006,2416194
10/19/2006,2416194
10/20/2006,2416194
10/23/2006,2416194
10/24/2006,2416194
10/25/2006,2416194
10/26/2006,2416194
10/27/2006,2416194
10/30/2006,2416194
10/31/2006,2416194
11/1/2006,2416194
11/2/2006,2416194
11/3/2006,2416194
11/6/2006,2416194
11/7/2006,2416194
11/8/2006,2416194
11/9/2006,2416194
11/10/2006,2416194
11/13/2006,2416194
11/14/2006,2416194
11/15/2006,2416194
11/16/2006,2416194
11/17/2006,2416194
11/20/2006,2416194
11/21/2006,2416194
11/22/2006,2416194
11/23/2006,2416194
11/24/2006,2416194
11/27/2006,2416194
11/28/2006,2416194
11/29/2006,2416194
11/30/2006,2416194
12/1/2006,2416194
12/4/2006,2416194
12/5/2006,2416194
12/6/2006,2416194
12/7/2006,2416194
12/8/2006,2416194
12/11/2006,2416194
12/12/2006,2416194
12/13/2006,2416194
12/14/2006,2416194
12/15/2006,2416194
12/18/2006,2416194
12/19/2006,2416194
12/20/2006,2416194
12/21/2006,2416194
12/22/2006,2416194
12/25/2006,2416194
12/26/2006,2416194
12/27/2006,2416194
12/28/2006,2416194
12/29/2006,2416194
1/1/2007,2416194
1/2/2007,2416194
1/3/2007,2416194
1/4/2007,2416194
1/5/2007,2416194
1/8/2007,2416194
1/9/2007,2416194
1/10/2007,2416194
1/11/2007,2416194
1/12/2007,2416194
1/15/2007,2416194
1/16/2007,2416194
1/17/2007,2416194
1/18/2007,2416194
1/19/2007,2416194
1/22/2007,2416194
1/23/2007,2416194
1/24/2007,2416194
1/25/2007,2416194
1/26/2007,2416194
1/29/2007,2416194
1/30/2007,2416194
1/31/2007,2416194
2/1/2007,2416194
2/2/2007,2416194
2/5/2007,2416194
2/6/2007,2416194
2/7/2007,2416194
2/8/2007,2416194
2/9/2007,2416194
2/12/2007,2416194
2/13/2007,2416194
2/14/2007,2416194
2/15/2007,2416194
2/16/2007,2416194
2/19/2007,2416194
2/20/2007,2416194
2/21/2007,2416194
2/22/2007,2416194
2/23/2007,2416194
2/26/2007,2416194
2/27/2007,2416194
2/28/2007,2416194
3/1/2007,2416194
3/2/2007,2416194
3/5/2007,2416194
3/6/2007,2416194
3/7/2007,2416194
3/8/2007,2416194
3/9/2007,2416194
3/12/2007,2416194
3/13/2007,2416194
3/14/2007,2416194
3/15/2007,2416194
3/16/2007,2416194
3/19/2007,2416194
3/20/2007,2416194
3/21/2007,2416194
3/22/2007,2416194
3/23/2007,2416194
3/26/2007,2416194
3/27/2007,2416194
3/28/2007,2416194
3/29/2007,2416194
3/30/2007,2416194
4/2/2007,2416195
4/3/2007,2416195
4/4/2007,2416195
4/5/2007,2416195
4/6/2007,2416195
4/9/2007,2416195
4/10/2007,2416195
4/11/2007,2416195
4/12/2007,2416195
4/13/2007,2416195
4/16/2007,2416195
4/17/2007,2416195
4/18/2007,2416195
4/19/2007,2416195
4/20/2007,2416195
4/23/2007,2416195
4/24/2007,2416195
4/25/2007,2416195
4/26/2007,2416195
4/27/2007,2416195
4/30/2007,2416195
5/1/2007,2416195
5/2/2007,2416195
5/3/2007,2416195
5/4/2007,2416195
5/7/2007,2416195
5/8/2007,2416195
5/9/2007,2416195
5/10/2007,2416195
5/11/2007,2416195
5/14/2007,2416195
5/15/2007,2416195
5/16/2007,2416195
5/17/2007,2416195
5/18/2007,2416195
5/21/2007,2416195
5/22/2007,2416195
5/23/2007,2416195
5/24/2007,2416195
5/25/2007,2416195
5/28/2007,2416195
5/29/2007,2416195
5/30/2007,2416195
5/31/2007,2416195
6/1/2007,2416195
6/4/2007,2416195
6/5/2007,2416195
6/6/2007,2416195
6/7/2007,2416195
6/8/2007,2416195
6/11/2007,2416195
6/12/2007,2416195
6/13/2007,2416195
6/14/2007,2416195
6/15/2007,2416195
6/18/2007,2416195
6/19/2007,2416195
6/20/2007,2416195
6/21/2007,2416195
6/22/2007,2416195
6/25/2007,2416195
6/26/2007,2416195
6/27/2007,2416195
6/28/2007,2416195
6/29/2007,2416195
7/2/2007,2416195
7/3/2007,2416195
7/4/2007,2416195
7/5/2007,2416195
7/6/2007,2416195
7/9/2007,2416195
7/10/2007,2416195
7/11/2007,2416195
7/12/2007,2416195
7/13/2007,2416195
7/16/2007,2416195
7/17/2007,2416195
7/18/2007,2416195
7/19/2007,2416195
7/20/2007,2416195
7/23/2007,2416195
7/24/2007,2416195
7/25/2007,2416195
7/26/2007,2416195
7/27/2007,2416195
7/30/2007,2416195
7/31/2007,2416195
8/1/2007,2416195
8/2/2007,2416195
8/3/2007,2416195
8/6/2007,2416195
8/7/2007,2416195
8/8/2007,2416195
8/9/2007,2416195
8/10/2007,2416195
8/13/2007,2416195
8/14/2007,2416195
8/15/2007,2416195
8/16/2007,2416195
8/17/2007,2416195
8/20/2007,2416195
8/21/2007,2416195
8/22/2007,2416195
8/23/2007,2416195
8/24/2007,2416195
8/27/2007,2416195
8/28/2007,2416195
8/29/2007,2416195
8/30/2007,2416195
8/31/2007,2416195
9/3/2007,4832390
9/4/2007,4832390
9/5/2007,4832390
9/6/2007,4832390
9/7/2007,4832390
9/10/2007,4832390
9/11/2007,4832390
9/12/2007,4832390
9/13/2007,4832390
9/14/2007,4832390
9/17/2007,4832390
9/18/2007,4832390
9/19/2007,4832390
9/20/2007,4832390
9/21/2007,4832390
9/24/2007,4832390
9/25/2007,4832390
9/26/2007,4832390
9/27/2007,4832390
9/28/2007,4832390
10/1/2007,4832391
10/2/2007,4832391
10/3/2007,4832391
10/4/2007,4832391
10/5/2007,4832391
10/8/2007,4832391
10/9/2007,4832391
10/10/2007,4832391
10/11/2007,4832391
10/12/2007,4832391
10/15/2007,4832391
10/16/2007,4832391
10/17/2007,4832391
10/18/2007,4832391
10/19/2007,4832391
10/22/2007,4832391
10/23/2007,4832391
10/24/2007,4832391
10/25/2007,4832391
10/26/2007,4832391
10/29/2007,4832391
10/30/2007,4832391
10/31/2007,4832391
11/1/2007,4832391
11/2/2007,4832391
11/5/2007,4832391
11/6/2007,4832391
11/7/2007,4832391
11/8/2007,4832391
11/9/2007,4832391
11/12/2007,4832391
11/13/2007,4832391
11/14/2007,4832391
11/15/2007,4832391
11/16/2007,4832391
11/19/2007,4832391
11/20/2007,4832391
11/21/2007,4832391
11/22/2007,4832391
11/23/2007,4832391
11/26/2007,4832391
11/27/2007,4832391
11/28/2007,4832391
11/29/2007,4832391
11/30/2007,4832391
12/3/2007,4832391
12/4/2007,4832391
12/5/2007,4832391
12/6/2007,4832391
12/7/2007,4832391
12/10/2007,4832391
12/11/2007,4832391
12/12/2007,4832391
12/13/2007,4832391
12/14/2007,4832391
12/17/2007,4832391
12/18/2007,4832391
12/19/2007,4832391
12/20/2007,4832391
12/21/2007,4832391
12/24/2007,4832391
12/25/2007,4832391
12/26/2007,4832391
12/27/2007,4832391
12/28/2007,4832391
12/31/2007,4832391
1/1/2008,4832391
1/2/2008,4832391
1/3/2008,4832391
1/4/2008,4832391
1/7/2008,4832391
1/8/2008,4832391
1/9/2008,4832391
1/10/2008,4832391
1/11/2008,4832391
1/14/2008,4832391
1/15/2008,4832391
1/16/2008,4832391
1/17/2008,4832391
1/18/2008,4832391
1/21/2008,4832391
1/22/2008,4832391
1/23/2008,4832391
1/24/2008,4832391
1/25/2008,4832391
1/28/2008,4832391
1/29/2008,4832391
1/30/2008,4832391
1/31/2008,4832391
2/1/2008,4832391
2/4/2008,4832391
2/5/2008,4832391
2/6/2008,4832391
2/7/2008,4832391
2/8/2008,4832391
2/11/2008,4832391
2/12/2008,4832391
2/13/2008,4832391
2/14/2008,4832391
2/15/2008,4832391
2/18/2008,4832391
2/19/2008,4832391
2/20/2008,4832391
2/21/2008,4832391
2/22/2008,4832391
2/25/2008,4832391
2/26/2008,4832391
2/27/2008,4832391
2/28/2008,4832391
2/29/2008,4832391
3/3/2008,4832391
3/4/2008,4832391
3/5/2008,4832391
3/6/2008,4832391
3/7/2008,4832391
3/10/2008,4832391
3/11/2008,4832391
3/12/2008,4832391
3/13/2008,4832391
3/14/2008,4832391
3/17/2008,4832391
3/18/2008,4832391
3/19/2008,4832391
3/20/2008,4832391
3/21/2008,4832391
3/24/2008,4832391
3/25/2008,4832391
3/26/2008,4832391
3/27/2008,4832391
3/28/2008,4832391
3/31/2008,4832391
4/1/2008,4832391
4/2/2008,4832391
4/3/2008,4832391
4/4/2008,4832391
4/7/2008,4832391
4/8/2008,4832391
4/9/2008,4832391
4/10/2008,4832391
4/11/2008,4832391
4/14/2008,4832391
4/15/2008,4832391
4/16/2008,4832391
4/17/2008,4832391
4/18/2008,4832391
4/21/2008,4832391
4/22/2008,4832391
4/23/2008,4832391
4/24/2008,4832391
4/25/2008,4832391
4/28/2008,4832391
4/29/2008,4832391
4/30/2008,4832391
5/1/2008,4832391
5/2/2008,4832391
5/5/2008,4832391
5/6/2008,4832391
5/7/2008,4832391
5/8/2008,4832391
5/9/2008,4832391
5/12/2008,4832391
5/13/2008,4832391
5/14/2008,4832391
5/15/2008,4832391
5/16/2008,4832391
5/19/2008,4832391
5/20/2008,4832391
5/21/2008,4832391
5/22/2008,4832391
5/23/2008,4832391
5/26/2008,4832391
5/27/2008,4832391
5/28/2008,4832391
5/29/2008,4832391
5/30/2008,4832391
6/2/2008,4832391
6/3/2008,4832391
6/4/2008,4832391
6/5/2008,4832391
6/6/2008,4832391
6/9/2008,4832391
6/10/2008,4832391
6/11/2008,4832391
6/12/2008,4832391
6/13/2008,4832391
6/16/2008,4832391
6/17/2008,4832391
6/18/2008,4832391
6/19/2008,4832391
6/20/2008,4832391
6/23/2008,4832391
6/24/2008,4832391
6/25/2008,4832391
6/26/2008,4832391
6/27/2008,4832391
6/30/2008,4832391
7/1/2008,4832391
7/2/2008,4832391
7/3/2008,4832391
7/4/2008,4832391
7/7/2008,4832391
7/8/2008,4832391
7/9/2008,4832391
7/10/2008,4832391
7/11/2008,4832391
7/14/2008,4832391
7/15/2008,4832391
7/16/2008,4832391
7/17/2008,5253721
7/18/2008,5253721
7/21/2008,5253721
7/22/2008,5253721
7/23/2008,5253721
7/24/2008,5253721
7/25/2008,5253721
7/28/2008,5253721
7/29/2008,5253721
7/30/2008,5253721
7/31/2008,5253721
8/1/2008,5253721
8/4/2008,5253721
8/5/2008,5253721
8/6/2008,5278381
8/7/2008,5278381
8/8/2008,5278381
8/11/2008,5278381
8/12/2008,5278381
8/13/2008,5278381
8/14/2008,5278381
8/15/2008,5278381
8/18/2008,5278381
8/19/2008,5278381
8/20/2008,5278381
8/21/2008,5278381
8/22/2008,5278381
8/25/2008,5278381
8/26/2008,5278381
8/27/2008,5278381
8/28/2008,5278381
8/29/2008,5278381
9/1/2008,5278381
9/2/2008,5278381
9/3/2008,5278381
9/4/2008,5278381
9/5/2008,5278381
9/8/2008,5278381
9/9/2008,5278381
9/10/2008,5278381
9/11/2008,5278381
9/12/2008,5278381
9/15/2008,5278381
9/16/2008,5278381
9/17/2008,5278381
9/18/2008,5278381
9/19/2008,5278381
9/22/2008,5278381
9/23/2008,5278381
9/24/2008,5278381
9/25/2008,5278381
9/26/2008,5278381
9/29/2008,5278381
9/30/2008,5278381
10/1/2008,5278381
10/2/2008,5278381
10/3/2008,5278381
10/6/2008,5278381
10/7/2008,5278381
10/8/2008,5278381
10/9/2008,5278381
10/10/2008,5278381
10/13/2008,5278381
10/14/2008,5278381
10/15/2008,5278381
10/16/2008,5278381
10/17/2008,5278381
10/20/2008,5278381
10/21/2008,5278381
10/22/2008,5278381
10/23/2008,5278381
10/24/2008,5278381
10/27/2008,5278381
10/28/2008,5278381
10/29/2008,5278381
10/30/2008,5278381
10/31/2008,5278381
11/3/2008,5278381
11/4/2008,5278381
11/5/2008,5278381
11/6/2008,5278381
11/7/2008,5278381
11/10/2008,5278381
11/11/2008,5278381
11/12/2008,5278381
11/13/2008,5278381
11/14/2008,5278381
11/17/2008,5278381
11/18/2008,5278381
11/19/2008,5278381
11/20/2008,5278381
11/21/2008,5278381
11/24/2008,5278381
11/25/2008,5278381
11/26/2008,5278381
11/27/2008,5278381
11/28/2008,5278381
12/1/2008,5278381
12/2/2008,5278381
12/3/2008,5278381
12/4/2008,5278381
12/5/2008,5278381
12/8/2008,5278381
12/9/2008,5278381
12/10/2008,5278381
12/11/2008,5278381
12/12/2008,5278381
12/15/2008,5278381
12/16/2008,5278381
12/17/2008,5278381
12/18/2008,5278381
12/19/2008,5278381
12/22/2008,5278381
12/23/2008,5278381
12/24/2008,5278381
12/25/2008,5278381
12/26/2008,5278381
12/29/2008,5278381
12/30/2008,5278381
12/31/2008,5213512
1/1/2009,5213512
1/2/2009,5213512
1/5/2009,5213512
1/6/2009,5213512
1/7/2009,5213512
1/8/2009,5213512
1/9/2009,5213512
1/12/2009,5213512
1/13/2009,5213512
1/14/2009,5213512
1/15/2009,5213512
1/16/2009,5213512
1/19/2009,5213512
1/20/2009,5213512
1/21/2009,5213512
1/22/2009,5213512
1/23/2009,5213512
1/26/2009,5213512
1/27/2009,5213512
1/28/2009,5213512
1/29/2009,5213512
1/30/2009,5213512
2/2/2009,5213512
2/3/2009,5213512
2/4/2009,5213512
2/5/2009,5213512
2/6/2009,5213512
2/9/2009,5213512
2/10/2009,5213512
2/11/2009,5213512
2/12/2009,5213512
2/13/2009,5213512
2/16/2009,5213512
2/17/2009,5213512
2/18/2009,5213512
2/19/2009,5213512
2/20/2009,5213512
2/23/2009,5213512
2/24/2009,5213512
2/25/2009,5213512
2/26/2009,5213512
2/27/2009,5213512
3/2/2009,5213512
3/3/2009,5213512
3/4/2009,5213512
3/5/2009,5213512
3/6/2009,5213512
3/9/2009,5213512
3/10/2009,5213512
3/11/2009,5213512
3/12/2009,5213512
3/13/2009,5213512
3/16/2009,5213512
3/17/2009,5213512
3/18/2009,5213512
3/19/2009,5213512
3/20/2009,5213512
3/23/2009,5213512
3/24/2009,5213512
3/25/2009,5213512
3/26/2009,5213512
3/27/2009,5213512
3/30/2009,5213512
3/31/2009,5212680
4/1/2009,5212680
4/2/2009,5212680
4/3/2009,5212680
4/6/2009,5212680
4/7/2009,5212680
4/8/2009,5212680
4/9/2009,5212680
4/10/2009,5212680
4/13/2009,5212680
4/14/2009,5212680
4/15/2009,5212680
4/16/2009,5212680
4/17/2009,5212680
4/20/2009,5212680
4/21/2009,5212680
4/22/2009,5212680
4/23/2009,5212680
4/24/2009,5212680
4/27/2009,5212680
4/28/2009,5212680
4/29/2009,5212680
4/30/2009,5212680
5/1/2009,5212680
5/4/2009,5212680
5/5/2009,5212680
5/6/2009,5212680
5/7/2009,5212680
5/8/2009,5212680
5/11/2009,5212680
5/12/2009,5212680
5/13/2009,5212680
5/14/2009,5212680
5/15/2009,5212680
5/18/2009,5212680
5/19/2009,5212680
5/20/2009,5212680
5/21/2009,5212680
5/22/2009,5212680
5/25/2009,5212680
5/26/2009,5212680
5/27/2009,5212680
5/28/2009,5212680
5/29/2009,5212680
6/1/2009,5212680
6/2/2009,5212680
6/3/2009,5212680
6/4/2009,5212680
6/5/2009,5212680
6/8/2009,5212680
6/9/2009,5212680
6/10/2009,5212680
6/11/2009,5212680
6/12/2009,5212680
6/15/2009,5212680
6/16/2009,5212680
6/17/2009,5212680
6/18/2009,5212680
6/19/2009,5212680
6/22/2009,5212680
6/23/2009,5212680
6/24/2009,5212680
6/25/2009,5212680
6/26/2009,5212680
6/29/2009,5212680
6/30/2009,5212691
7/1/2009,5212691
7/2/2009,5212691
7/3/2009,5212691
7/6/2009,5212691
7/7/2009,5212691
7/8/2009,5212691
7/9/2009,5212691
7/10/2009,5212691
7/13/2009,5212691
7/14/2009,5212691
7/15/2009,5212691
7/16/2009,5212691
7/17/2009,5212691
7/20/2009,5212691
7/21/2009,5212691
7/22/2009,5212691
7/23/2009,5212691
7/24/2009,5212691
7/27/2009,5212691
7/28/2009,5212691
7/29/2009,5212691
7/30/2009,5212691
7/31/2009,5212691
8/3/2009,5212691
8/4/2009,5212691
8/5/2009,5212691
8/6/2009,5212691
8/7/2009,5212691
8/10/2009,5212691
8/11/2009,5212691
8/12/2009,5212691
8/13/2009,5212691
8/14/2009,5212691
8/17/2009,5212691
8/18/2009,5212691
8/19/2009,5212691
8/20/2009,5212691
8/21/2009,5212691
8/24/2009,5212691
8/25/2009,5212691
8/26/2009,5212691
8/27/2009,5212691
8/28/2009,5212691
8/31/2009,5212691
9/1/2009,5212691
9/2/2009,5212691
9/3/2009,5212691
9/4/2009,5212691
9/7/2009,5212691
9/8/2009,5212691
9/9/2009,5212691
9/10/2009,5212691
9/11/2009,5212691
9/14/2009,5212691
9/15/2009,5212691
9/16/2009,5212691
9/17/2009,5212691
9/18/2009,5212691
9/21/2009,5212691
9/22/2009,5212691
9/23/2009,5212691
9/24/2009,5212691
9/25/2009,5212691
9/28/2009,5212691
9/29/2009,5212691
9/30/2009,5212725
10/1/2009,5212725
10/2/2009,5212725
10/5/2009,5212725
10/6/2009,5212725
10/7/2009,5212725
10/8/2009,5212725
10/9/2009,5212725
10/12/2009,5212725
10/13/2009,5212725
10/14/2009,5212725
10/15/2009,5212725
10/16/2009,5212725
10/19/2009,5212725
10/20/2009,5212725
10/21/2009,5212725
10/22/2009,5212725
10/23/2009,5212725
10/26/2009,5212725
10/27/2009,5212725
10/28/2009,5212725
10/29/2009,5212725
10/30/2009,5212725
11/2/2009,5212725
11/3/2009,5212725
11/4/2009,5212725
11/5/2009,5212725
11/6/2009,5212725
11/9/2009,5212725
11/10/2009,5212725
11/11/2009,5212725
11/12/2009,5212725
11/13/2009,5212725
11/16/2009,5212725
11/17/2009,5212725
11/18/2009,5212725
11/19/2009,5212725
11/20/2009,5212725
11/23/2009,5212725
11/24/2009,5212725
11/25/2009,5212725
11/26/2009,5212725
11/27/2009,5212725
11/30/2009,5212725
12/1/2009,5212725
12/2/2009,5212725
12/3/2009,5212725
12/4/2009,5212725
12/7/2009,5212725
12/8/2009,5212725
12/9/2009,5212725
12/10/2009,5212725
12/11/2009,5212725
12/14/2009,5212725
12/15/2009,5212725
12/16/2009,5212725
12/17/2009,5212725
12/18/2009,5212725
12/21/2009,5212725
12/22/2009,5212725
12/23/2009,5212725
12/24/2009,5212725
12/25/2009,5212725
12/28/2009,5212725
12/29/2009,5212725
12/30/2009,5212725
12/31/2009,5212725
1/1/2010,5212725
1/4/2010,5212725
1/5/2010,5212725
1/6/2010,5212725
1/7/2010,5212725
1/8/2010,5212725
1/11/2010,5212725
1/12/2010,5212725
1/13/2010,5212725
1/14/2010,5212725
1/15/2010,5212725
1/18/2010,5212725
1/19/2010,5212725
1/20/2010,5212725
1/21/2010,5212725
1/22/2010,5212725
1/25/2010,5212725
1/26/2010,5212725
1/27/2010,5212725
1/28/2010,5212725
1/29/2010,5212725
2/1/2010,5212725
2/2/2010,5212725
2/3/2010,5212725
2/4/2010,5212725
2/5/2010,5212725
2/8/2010,5212725
2/9/2010,5212725
2/10/2010,5212725
2/11/2010,5212725
2/12/2010,5212725
2/15/2010,5212725
2/16/2010,5212725
2/17/2010,5212725
2/18/2010,5212725
2/19/2010,5212725
2/22/2010,5212725
2/23/2010,5212725
2/24/2010,5212725
2/25/2010,5212725
2/26/2010,5212725
3/1/2010,5212725
3/2/2010,5212725
3/3/2010,5212725
3/4/2010,5212725
3/5/2010,5212725
3/8/2010,5212725
3/9/2010,5212725
3/10/2010,5212725
3/11/2010,5212725
3/12/2010,5212725
3/15/2010,5212725
3/16/2010,5212725
3/17/2010,5212725
3/18/2010,5212725
3/19/2010,5212725
3/22/2010,5212725
3/23/2010,5212725
3/24/2010,5212725
3/25/2010,5212725
3/26/2010,5212725
3/29/2010,5212725
3/30/2010,5212725
3/31/2010,5212725
4/1/2010,5212725
4/2/2010,5212725
4/5/2010,5212725
4/6/2010,5212725
4/7/2010,5212725
4/8/2010,5212725
4/9/2010,5212725
4/12/2010,5212725
4/13/2010,5212725
4/14/2010,5212725
4/15/2010,5212725
4/16/2010,5212725
4/19/2010,5212725
4/20/2010,5212725
4/21/2010,5212725
4/22/2010,5212725
4/23/2010,5212725
4/26/2010,5212725
4/27/2010,5212725
4/28/2010,5212725
4/29/2010,5212725
4/30/2010,5212725
5/3/2010,5212725
5/4/2010,5212725
5/5/2010,5212725
5/6/2010,5212725
5/7/2010,5212725
5/10/2010,5212725
5/11/2010,5212725
5/12/2010,5212725
5/13/2010,5212725
5/14/2010,5212725
5/17/2010,5212725
5/18/2010,5212725
5/19/2010,5212725
5/20/2010,5212725
5/21/2010,5212725
5/24/2010,5212725
5/25/2010,5212725
5/26/2010,5212725
5/27/2010,5212725
5/28/2010,5212725
5/31/2010,5212725
6/1/2010,5212725
6/2/2010,5212725
6/3/2010,5212725
6/4/2010,5212725
6/7/2010,5212725
6/8/2010,5212725
6/9/2010,5212725
6/10/2010,5212725
6/11/2010,5212725
6/14/2010,5212725
6/15/2010,5212725
6/16/2010,5212725
6/17/2010,5212725
6/18/2010,5212725
6/21/2010,5212725
6/22/2010,5212725
6/23/2010,5212725
6/24/2010,5212725
6/25/2010,5212725
6/28/2010,5212725
6/29/2010,5212725
6/30/2010,5288160
7/1/2010,5288160
7/2/2010,5288160
7/5/2010,5288160
7/6/2010,5288160
7/7/2010,5288160
7/8/2010,5288160
7/9/2010,5288160
7/12/2010,5288160
7/13/2010,5288160
7/14/2010,5288160
7/15/2010,5288160
7/16/2010,5288160
7/19/2010,5288160
7/20/2010,5288160
7/21/2010,5288160
7/22/2010,5288160
7/23/2010,5288160
7/26/2010,5288160
7/27/2010,5288160
7/28/2010,5288160
7/29/2010,5288160
7/30/2010,5288160
8/2/2010,5288160
8/3/2010,5288160
8/4/2010,5288160
8/5/2010,5288160
8/6/2010,5288160
8/9/2010,5288160
8/10/2010,5288160
8/11/2010,5288160
8/12/2010,5288160
8/13/2010,5288160
8/16/2010,5288160
8/17/2010,5288160
8/18/2010,5288160
8/19/2010,5288160
8/20/2010,5288160
8/23/2010,5288160
8/24/2010,5288160
8/25/2010,5288160
8/26/2010,5288160
8/27/2010,5288160
8/30/2010,5288160
8/31/2010,5288160
9/1/2010,5288160
9/2/2010,5288160
9/3/2010,5288160
9/6/2010,5288160
9/7/2010,5288160
9/8/2010,5288160
9/9/2010,5288160
9/10/2010,5288160
9/13/2010,5288160
9/14/2010,5288160
9/15/2010,5288160
9/16/2010,5288160
9/17/2010,5288160
9/20/2010,5288160
9/21/2010,5288160
9/22/2010,5288160
9/23/2010,5288160
9/24/2010,5288160
9/27/2010,5288160
9/28/2010,5288160
9/29/2010,5288160
9/30/2010,5257006
10/1/2010,5257006
10/4/2010,5257006
10/5/2010,5257006
10/6/2010,5257006
10/7/2010,5257006
10/8/2010,5257006
10/11/2010,5257006
10/12/2010,5257006
10/13/2010,5257006
10/14/2010,5257006
10/15/2010,5257006
10/18/2010,5257006
10/19/2010,5257006
10/20/2010,5257006
10/21/2010,5257006
10/22/2010,5257006
10/25/2010,5257006
10/26/2010,5257006
10/27/2010,5257006
10/28/2010,5257006
10/29/2010,5257006
11/1/2010,5257006
11/2/2010,5257006
11/3/2010,5257006
11/4/2010,5257006
11/5/2010,5257006
11/8/2010,5257006
11/9/2010,5257006
11/10/2010,5257006
11/11/2010,5257006
11/12/2010,5257006
11/15/2010,5257006
11/16/2010,5257006
11/17/2010,5257006
11/18/2010,5257006
11/19/2010,5257006
11/22/2010,5257006
11/23/2010,5257006
11/24/2010,5257006
11/25/2010,5257006
11/26/2010,5257006
11/29/2010,5257006
11/30/2010,5257006
12/1/2010,5257006
12/2/2010,5257006
12/3/2010,5257006
12/6/2010,5257006
12/7/2010,5257006
12/8/2010,5257006
12/9/2010,5257006
12/10/2010,5257006
12/13/2010,5257006
12/14/2010,5257006
12/15/2010,5257006
12/16/2010,5257006
12/17/2010,5257006
12/20/2010,5257006
12/21/2010,5257006
12/22/2010,5257006
12/23/2010,5257006
12/24/2010,5257006
12/27/2010,5257006
12/28/2010,5257006
12/29/2010,5257006
12/30/2010,5257006
12/31/2010,5218280
1/3/2011,5218280
1/4/2011,5218280
1/5/2011,5218280
1/6/2011,5218280
1/7/2011,5218280
1/10/2011,5218280
1/11/2011,5218280
1/12/2011,5218280
1/13/2011,5218280
1/14/2011,5218280
1/17/2011,5218280
1/18/2011,5218280
1/19/2011,5218280
1/20/2011,5218280
1/21/2011,5218280
1/24/2011,5218280
1/25/2011,5218280
1/26/2011,5218280
1/27/2011,5218280
1/28/2011,5218280
1/31/2011,5218280
2/1/2011,5218280
2/2/2011,5218280
2/3/2011,5218280
2/4/2011,5218280
2/7/2011,5218280
2/8/2011,5218280
2/9/2011,5218280
2/10/2011,5218280
2/11/2011,5218280
2/14/2011,5218280
2/15/2011,5218280
2/16/2011,5218280
2/17/2011,5218280
2/18/2011,5218280
2/21/2011,5218280
2/22/2011,5218280
2/23/2011,5218280
2/24/2011,5218280
2/25/2011,5218280
2/28/2011,5218280
3/1/2011,5218280
3/2/2011,5218280
3/3/2011,5218280
3/4/2011,5218280
3/7/2011,5218280
3/8/2011,5218280
3/9/2011,5218280
3/10/2011,5218280
3/11/2011,5218280
3/14/2011,5218280
3/15/2011,5218280
3/16/2011,5218280
3/17/2011,5218280
3/18/2011,5218280
3/21/2011,5218280
3/22/2011,5218280
3/23/2011,5218280
3/24/2011,5218280
3/25/2011,5218280
3/28/2011,5218280
3/29/2011,5218280
3/30/2011,5218280
3/31/2011,5218280
4/1/2011,5218280
4/4/2011,5218280
4/5/2011,5218280
4/6/2011,5218280
4/7/2011,5218280
4/8/2011,5218280
4/11/2011,5218280
4/12/2011,5218280
4/13/2011,5218280
4/14/2011,5218280
4/15/2011,5218280
4/18/2011,5218280
4/19/2011,5218280
4/20/2011,5218280
4/21/2011,5218280
4/22/2011,5218280
4/25/2011,5218280
4/26/2011,5218280
4/27/2011,5218280
4/28/2011,5218280
4/29/2011,5218280
5/2/2011,5218280
5/3/2011,5218280
5/4/2011,5218280
5/5/2011,5218280
5/6/2011,5218280
5/9/2011,5218280
5/10/2011,5218280
5/11/2011,5218280
5/12/2011,5218280
5/13/2011,5218280
5/16/2011,5218280
5/17/2011,5218280
5/18/2011,5218280
5/19/2011,5218280
5/20/2011,5218280
5/23/2011,5218280
5/24/2011,5218280
5/25/2011,5218280
5/26/2011,5218280
5/27/2011,5218280
5/30/2011,5218280
5/31/2011,5218280
6/1/2011,5218280
6/2/2011,5218280
6/3/2011,5218280
6/6/2011,5218280
6/7/2011,5218280
6/8/2011,5218280
6/9/2011,5218280
6/10/2011,5218280
6/13/2011,5218280
6/14/2011,5218280
6/15/2011,5218280
6/16/2011,5218280
6/17/2011,5218280
6/20/2011,5218280
6/21/2011,5218280
6/22/2011,5218280
6/23/2011,5218280
6/24/2011,5218280
6/27/2011,5218280
6/28/2011,5218280
6/29/2011,5218280
6/30/2011,5218280
7/1/2011,5218280
7/4/2011,5218280
7/5/2011,5218280
7/6/2011,5218280
7/7/2011,5218280
7/8/2011,5218280
7/11/2011,5218280
7/12/2011,5218280
7/13/2011,5218280
7/14/2011,5218280
7/15/2011,5218280
7/18/2011,5218280
7/19/2011,5218280
7/20/2011,5218280
7/21/2011,5218280
7/22/2011,5218280
7/25/2011,5218280
7/26/2011,5218280
7/27/2011,5218280
7/28/2011,5218280
7/29/2011,5218280
8/1/2011,5218280
8/2/2011,5218280
8/3/2011,5218280
8/4/2011,5218280
8/5/2011,5218280
8/8/2011,5218280
8/9/2011,5218280
8/10/2011,5218280
8/11/2011,5218280
8/12/2011,5218280
8/15/2011,5218280
8/16/2011,5218280
8/17/2011,5218280
8/18/2011,5218280
8/19/2011,5218280
8/22/2011,5218280
8/23/2011,5218280
8/24/2011,5218280
8/25/2011,5218280
8/26/2011,5218280
8/29/2011,5218280
8/30/2011,5218280
8/31/2011,5218280
9/1/2011,5218280
9/2/2011,5218280
9/5/2011,5218280
9/6/2011,5218280
9/7/2011,5218280
9/8/2011,5218280
9/9/2011,5218280
9/12/2011,5218280
9/13/2011,5218280
9/14/2011,5218280
9/15/2011,5218280
9/16/2011,5218280
9/19/2011,5218280
9/20/2011,5218280
9/21/2011,5218280
9/22/2011,5218280
9/23/2011,5218280
9/26/2011,5218280
9/27/2011,5218280
9/28/2011,5218280
9/29/2011,5218280
9/30/2011,5139186
10/3/2011,5139186
10/4/2011,5139186
10/5/2011,5139186
10/6/2011,5139186
10/7/2011,5139186
10/10/2011,5139186
10/11/2011,5139186
10/12/2011,5139186
10/13/2011,5139186
10/14/2011,5139186
10/17/2011,5139186
10/18/2011,5139186
10/19/2011,5139186
10/20/2011,5139186
10/21/2011,5139186
10/24/2011,5139186
10/25/2011,5139186
10/26/2011,5139186
10/27/2011,5139186
10/28/2011,5139186
10/31/2011,5139186
11/1/2011,5139186
11/2/2011,5139186
11/3/2011,5139186
11/4/2011,5139186
11/7/2011,5139186
11/8/2011,5139186
11/9/2011,5139186
11/10/2011,5139186
11/11/2011,5139186
11/14/2011,5139186
11/15/2011,5139186
11/16/2011,5139186
11/17/2011,5139186
11/18/2011,5139186
11/21/2011,5139186
11/22/2011,5139186
11/23/2011,5139186
11/24/2011,5139186
11/25/2011,5139186
11/28/2011,5139186
11/29/2011,5139186
11/30/2011,5139186
12/1/2011,5139186
12/2/2011,5139186
12/5/2011,5139186
12/6/2011,5139186
12/7/2011,5139186
12/8/2011,5139186
12/9/2011,5139186
12/12/2011,5139186
12/13/2011,5139186
12/14/2011,5139186
12/15/2011,5139186
12/16/2011,5139186
12/19/2011,5139186
12/20/2011,5139186
12/21/2011,5139186
12/22/2011,5139186
12/23/2011,5139186
12/26/2011,5139186
12/27/2011,5139186
12/28/2011,5139186
12/29/2011,5139186
12/30/2011,5139186
1/2/2012,5097292
1/3/2012,5097292
1/4/2012,5097292
1/5/2012,5097292
1/6/2012,5097292
1/9/2012,5097292
1/10/2012,5097292
1/11/2012,5097292
1/12/2012,5097292
1/13/2012,5097292
1/16/2012,5097292
1/17/2012,5097292
1/18/2012,5097292
1/19/2012,5097292
1/20/2012,5097292
1/23/2012,5097292
1/24/2012,5097292
1/25/2012,5097292
1/26/2012,5097292
1/27/2012,5097292
1/30/2012,5097292
1/31/2012,5097292
2/1/2012,5097292
2/2/2012,5097292
2/3/2012,5097292
2/6/2012,5097292
2/7/2012,5097292
2/8/2012,5097292
2/9/2012,5097292
2/10/2012,5097292
2/13/2012,5097292
2/14/2012,5097292
2/15/2012,5097292
2/16/2012,5097292
2/17/2012,5097292
2/20/2012,5097292
2/21/2012,5097292
2/22/2012,5097292
2/23/2012,5097292
2/24/2012,5097292
2/27/2012,5097292
2/28/2012,5097292
2/29/2012,5097292
3/1/2012,5097292
3/2/2012,5097292
3/5/2012,5097292
3/6/2012,5097292
3/7/2012,5097292
3/8/2012,5097292
3/9/2012,5097292
3/12/2012,5097292
3/13/2012,5097292
3/14/2012,5097292
3/15/2012,5097292
3/16/2012,5097292
3/19/2012,5097292
3/20/2012,5097292
3/21/2012,5097292
3/22/2012,5097292
3/23/2012,5097292
3/26/2012,5097292
3/27/2012,5097292
3/28/2012,5097292
3/29/2012,5097292
3/30/2012,5097292
4/2/2012,5097294
4/3/2012,5097294
4/4/2012,5097294
4/5/2012,5097294
4/6/2012,5097294
4/9/2012,5097294
4/10/2012,5097294
4/11/2012,5097294
4/12/2012,5097294
4/13/2012,5097294
4/16/2012,5097294
4/17/2012,5097294
4/18/2012,5097294
4/19/2012,5097294
4/20/2012,5097294
4/23/2012,5097294
4/24/2012,5097294
4/25/2012,5097294
4/26/2012,5097294
4/27/2012,5097294
4/30/2012,5097294
5/1/2012,5097294
5/2/2012,5097294
5/3/2012,5097294
5/4/2012,5097294
5/7/2012,5097294
5/8/2012,5097294
5/9/2012,5097294
5/10/2012,5097294
5/11/2012,5097294
5/14/2012,5097294
5/15/2012,5097294
5/16/2012,5097294
5/17/2012,5097294
5/18/2012,5097294
5/21/2012,5097294
5/22/2012,5097294
5/23/2012,5097294
5/24/2012,5097294
5/25/2012,5097294
5/28/2012,5097294
5/29/2012,5097294
5/30/2012,5097294
5/31/2012,5097294
6/1/2012,5097294
6/4/2012,5097294
6/5/2012,5097294
6/6/2012,5097294
6/7/2012,5097294
6/8/2012,5097294
6/11/2012,5097294
6/12/2012,5097294
6/13/2012,5097294
6/14/2012,5097294
6/15/2012,5097294
6/18/2012,5097294
6/19/2012,5097294
6/20/2012,5097294
6/21/2012,5097294
6/22/2012,5097294
6/25/2012,5097294
6/26/2012,5097294
6/27/2012,5097294
6/28/2012,5097294
6/29/2012,5097294
7/2/2012,5153376
7/3/2012,5153376
7/4/2012,5153376
7/5/2012,5153376
7/6/2012,5153376
7/9/2012,5153376
7/10/2012,5153376
7/11/2012,5153376
7/12/2012,5153376
7/13/2012,5153376
7/16/2012,5153376
7/17/2012,5153376
7/18/2012,5153376
7/19/2012,5153376
7/20/2012,5153376
7/23/2012,5153376
7/24/2012,5153376
7/25/2012,5153376
7/26/2012,5153376
7/27/2012,5153376
7/30/2012,5153376
7/31/2012,5153376
8/1/2012,5153376
8/2/2012,5153376
8/3/2012,5153376
8/6/2012,5153376
8/7/2012,5153376
8/8/2012,5153376
8/9/2012,5153376
8/10/2012,5153376
8/13/2012,5153376
8/14/2012,5153376
8/15/2012,5153376
8/16/2012,5153376
8/17/2012,5153376
8/20/2012,5153376
8/21/2012,5153376
8/22/2012,5153376
8/23/2012,5153376
8/24/2012,5153376
8/27/2012,5153376
8/28/2012,5153376
8/29/2012,5153376
8/30/2012,5153376
8/31/2012,5153376
9/3/2012,5153376
9/4/2012,5153376
9/5/2012,5153376
9/6/2012,5153376
9/7/2012,5153376
9/10/2012,5153376
9/11/2012,5153376
9/12/2012,5153376
9/13/2012,5153376
9/14/2012,5153376
9/17/2012,5153376
9/18/2012,5153376
9/19/2012,5153376
9/20/2012,5153376
9/21/2012,5153376
9/24/2012,5153376
9/25/2012,5153376
9/26/2012,5153376
9/27/2012,5153376
9/28/2012,5153376
10/1/2012,5153376
10/2/2012,5153376
10/3/2012,5153376
10/4/2012,5153376
10/5/2012,5153376
10/8/2012,5153376
10/9/2012,5153376
10/10/2012,5153376
10/11/2012,5153376
10/12/2012,5153376
10/15/2012,5153376
10/16/2012,5153376
10/17/2012,5153376
10/18/2012,5153376
10/19/2012,5153376
10/22/2012,5153376
10/23/2012,5153376
10/24/2012,5153376
10/25/2012,5153376
10/26/2012,5153376
10/29/2012,5153376
10/30/2012,5153376
10/31/2012,5153376
11/1/2012,5153376
11/2/2012,5153376
11/5/2012,5153376
11/6/2012,5153376
11/7/2012,5153376
11/8/2012,5153376
11/9/2012,5153376
11/12/2012,5153376
11/13/2012,5153376
11/14/2012,5153376
11/15/2012,5153376
11/16/2012,5153376
11/19/2012,5153376
11/20/2012,5153376
11/21/2012,5153376
11/22/2012,5153376
11/23/2012,5153376
11/26/2012,5153376
11/27/2012,5153376
11/28/2012,5153376
11/29/2012,5153376
11/30/2012,5153376
12/3/2012,5153376
12/4/2012,5153376
12/5/2012,5153376
12/6/2012,5153376
12/7/2012,5153376
12/10/2012,5153376
12/11/2012,5153376
12/12/2012,5153376
12/13/2012,5153376
12/14/2012,5153376
12/17/2012,5153376
12/18/2012,5153376
12/19/2012,5153376
12/20/2012,5153376
12/21/2012,5153376
12/24/2012,5153376
12/25/2012,5153376
12/26/2012,5153376
12/27/2012,5153376
12/28/2012,5153376
12/31/2012,5153376
1/1/2013,5153376
1/2/2013,5153376
1/3/2013,5153376
1/4/2013,5153376
1/7/2013,5153376
1/8/2013,5153376
1/9/2013,5153376
1/10/2013,5153376
1/11/2013,5153376
1/14/2013,5153376
1/15/2013,5153376
1/16/2013,5153376
1/17/2013,5153376
1/18/2013,5153376
1/21/2013,5153376
1/22/2013,5153376
1/23/2013,5153376
1/24/2013,5153376
1/25/2013,5153376
1/28/2013,5153376
1/29/2013,5153376
1/30/2013,5153376
1/31/2013,5153376
2/1/2013,5153376
2/4/2013,5153376
2/5/2013,5153376
2/6/2013,5153376
2/7/2013,5153376
2/8/2013,5153376
2/11/2013,5153376
2/12/2013,5153376
2/13/2013,5153376
2/14/2013,5153376
2/15/2013,5153376
2/18/2013,5153376
2/19/2013,5153376
2/20/2013,5153376
2/21/2013,5153376
2/22/2013,5153376
2/25/2013,5153376
2/26/2013,5153376
2/27/2013,5153376
2/28/2013,5153376
3/1/2013,5153376
3/4/2013,5153376
3/5/2013,5153376
3/6/2013,5153376
3/7/2013,5153376
3/8/2013,5153376
3/11/2013,5153376
3/12/2013,5153376
3/13/2013,5153376
3/14/2013,5153376
3/15/2013,5153376
3/18/2013,5153376
3/19/2013,5153376
3/20/2013,5153376
3/21/2013,5153376
3/22/2013,5153376
3/25/2013,5153376
3/26/2013,5153376
3/27/2013,5153376
3/28/2013,5153376
3/29/2013,5153376
4/1/2013,5153376
4/2/2013,5153376
4/3/2013,5153376
4/4/2013,5153376
4/5/2013,5153376
4/8/2013,5153376
4/9/2013,5153376
4/10/2013,5153376
4/11/2013,5153376
4/12/2013,5153376
4/15/2013,5153376
4/16/2013,5153376
4/17/2013,5153376
4/18/2013,5153376
4/19/2013,5153376
4/22/2013,5153376
4/23/2013,5153376
4/24/2013,5153376
4/25/2013,5153376
4/26/2013,5153376
4/29/2013,5153376
4/30/2013,5153376
5/1/2013,5153376
5/2/2013,5153376
5/3/2013,5153376
5/6/2013,5153376
5/7/2013,5153376
5/8/2013,5153376
5/9/2013,5153376
5/10/2013,5153376
5/13/2013,5153376
5/14/2013,5153376
5/15/2013,5153376
5/16/2013,5153376
5/17/2013,5153376
5/20/2013,5153376
5/21/2013,5153376
5/22/2013,5153376
5/23/2013,5153376
5/24/2013,5153376
5/27/2013,5153376
5/28/2013,5153376
5/29/2013,5153376
5/30/2013,5153376
5/31/2013,5153376
6/3/2013,5153376
6/4/2013,5153376
6/5/2013,5153376
6/6/2013,5153376
6/7/2013,5153376
6/10/2013,5153376
6/11/2013,5153376
6/12/2013,5153376
6/13/2013,5153376
6/14/2013,5153376
6/17/2013,5153376
6/18/2013,5153376
6/19/2013,5153376
6/20/2013,5153376
6/21/2013,5153376
6/24/2013,5153376
6/25/2013,5153376
6/26/2013,5153376
6/27/2013,5153376
6/28/2013,5153376
7/1/2013,5153376
7/2/2013,5153376
7/3/2013,5153376
7/4/2013,5153376
7/5/2013,5153376
7/8/2013,5153376
7/9/2013,5153376
7/10/2013,5153376
7/11/2013,5153376
7/12/2013,5153376
7/15/2013,5153376
7/16/2013,5153376
7/17/2013,5153376
7/18/2013,5153376
7/19/2013,5153376
7/22/2013,5153376
7/23/2013,5153376
7/24/2013,5153376
7/25/2013,5153376
7/26/2013,5153376
7/29/2013,5153376
7/30/2013,5153376
7/31/2013,5153376
8/1/2013,5153376
8/2/2013,5153376
8/5/2013,5153376
8/6/2013,5153376
8/7/2013,5153376
8/8/2013,5153376
8/9/2013,5153376
8/12/2013,5153376
8/13/2013,5153376
8/14/2013,5153376
8/15/2013,5153376
8/16/2013,5153376
8/19/2013,5153376
8/20/2013,5153376
8/21/2013,5153376
8/22/2013,5153376
8/23/2013,5153376
8/26/2013,5153376
8/27/2013,5153376
8/28/2013,5153376
8/29/2013,5153376
8/30/2013,5153376
9/2/2013,5153376
9/3/2013,5153376
9/4/2013,5153376
9/5/2013,5153376
9/6/2013,5153376
9/9/2013,5153376
9/10/2013,5153376
9/11/2013,5153376
9/12/2013,5153376
9/13/2013,5153376
9/16/2013,5153376
9/17/2013,5153376
9/18/2013,5153376
9/19/2013,5153376
9/20/2013,5153376
9/23/2013,5153376
9/24/2013,5153376
9/25/2013,5153376
9/26/2013,5153376
9/27/2013,5153376
9/30/2013,5153376
10/1/2013,5153376
10/2/2013,5153376
10/3/2013,5153376
10/4/2013,5153376
10/7/2013,5153376
10/8/2013,5153376
10/9/2013,5153376
10/10/2013,5153376
10/11/2013,5153376
10/14/2013,5153376
10/15/2013,5153376
10/16/2013,5153376
10/17/2013,5153376
10/18/2013,5153376
10/21/2013,5153376
10/22/2013,5153376
10/23/2013,5153376
10/24/2013,5153376
10/25/2013,5153376
10/28/2013,5153376
10/29/2013,5153376
10/30/2013,5153376
10/31/2013,5153376
11/1/2013,5153376
11/4/2013,5153376
11/5/2013,5153376
11/6/2013,5153376
11/7/2013,5153376
11/8/2013,5153376
11/11/2013,5153376
11/12/2013,5153376
11/13/2013,5153376
11/14/2013,5153376
11/15/2013,5153376
11/18/2013,5153376
11/19/2013,5153376
11/20/2013,5153376
11/21/2013,5153376
11/22/2013,5153376
11/25/2013,5153376
11/26/2013,5153376
11/27/2013,5153376
11/28/2013,5153376
11/29/2013,5153376
12/2/2013,5153376
12/3/2013,5153376
12/4/2013,5153376
12/5/2013,5153376
12/6/2013,5153376
12/9/2013,5153376
12/10/2013,5153376
12/11/2013,5153376
12/12/2013,5153376
12/13/2013,5153376
12/16/2013,5153376
12/17/2013,5153376
12/18/2013,5153376
12/19/2013,5153376
12/20/2013,5153376
12/23/2013,5153376
12/24/2013,5153376
12/25/2013,5153376
12/26/2013,5153376
12/27/2013,5153376
12/30/2013,5153376
12/31/2013,5153376
1/1/2014,5153376
1/2/2014,5153376
1/3/2014,5153376
1/6/2014,5153376
1/7/2014,5153376
1/8/2014,5153376
1/9/2014,5153376
1/10/2014,5153376
1/13/2014,5153376
1/14/2014,5153376
1/15/2014,5153376
1/16/2014,5153376
1/17/2014,5153376
1/20/2014,5153376
1/21/2014,5153376
1/22/2014,5153376
1/23/2014,5153376
1/24/2014,5153376
1/27/2014,5153376
1/28/2014,5153376
1/29/2014,5153376
1/30/2014,5153376
1/31/2014,5153376
2/3/2014,5153376
2/4/2014,5153376
2/5/2014,5153376
2/6/2014,5153376
2/7/2014,5153376
2/10/2014,5153376
2/11/2014,5153376
2/12/2014,5153376
2/13/2014,5153376
2/14/2014,5153376
2/17/2014,5153376
2/18/2014,5153376
2/19/2014,5153376
2/20/2014,5153376
2/21/2014,5153376
2/24/2014,5153376
2/25/2014,5153376
2/26/2014,5153376
2/27/2014,5153376
2/28/2014,5153376
3/3/2014,5153376
3/4/2014,5153376
3/5/2014,5153376
3/6/2014,5153376
3/7/2014,5153376
3/10/2014,5153376
3/11/2014,5153376
3/12/2014,5153376
3/13/2014,5153376
3/14/2014,5153376
3/17/2014,5153376
3/18/2014,5153376
3/19/2014,5153376
3/20/2014,5153376
3/21/2014,5153376
3/24/2014,5153376
3/25/2014,5153376
3/26/2014,5153376
3/27/2014,5153376
3/28/2014,5153376
3/31/2014,5153376
4/1/2014,5153376
4/2/2014,5153376
4/3/2014,5153376
4/4/2014,5153376
4/7/2014,5153376
4/8/2014,5153376
4/9/2014,5153376
4/10/2014,5153376
4/11/2014,5153376
4/14/2014,5153376
4/15/2014,5153376
4/16/2014,5153376
4/17/2014,5153376
4/18/2014,5153376
4/21/2014,5153376
4/22/2014,5153376
4/23/2014,5153376
4/24/2014,5153376
4/25/2014,5153376
4/28/2014,5153376
4/29/2014,5153376
4/30/2014,5153376
5/1/2014,5153376
5/2/2014,5153376
5/5/2014,5153376
5/6/2014,5153376
5/7/2014,5153376
5/8/2014,5153376
5/9/2014,5153376
5/12/2014,5153376
5/13/2014,5153376
5/14/2014,5153376
5/15/2014,5153376
5/16/2014,5153376
5/19/2014,5153376
5/20/2014,5153376
5/21/2014,5153376
5/22/2014,5153376
5/23/2014,5153376
5/26/2014,5153376
5/27/2014,5153376
5/28/2014,5153376
5/29/2014,5153376
5/30/2014,5153376
6/2/2014,5153376
6/3/2014,5153376
6/4/2014,5153376
6/5/2014,5153376
6/6/2014,5153376
6/9/2014,5153376
6/10/2014,5153376
6/11/2014,5153376
6/12/2014,5153376
6/13/2014,5153376
6/16/2014,5153376
6/17/2014,5153376
6/18/2014,5153376
6/19/2014,5153376
6/20/2014,5153376
6/23/2014,5153376
6/24/2014,5153376
6/25/2014,5153376
6/26/2014,5153376
6/27/2014,5153376
6/30/2014,5153375
7/1/2014,5153375
7/2/2014,5153375
7/3/2014,5153375
7/4/2014,5153375
7/7/2014,5153375
7/8/2014,5153375
7/9/2014,5153375
7/10/2014,5153375
7/11/2014,5153375
7/14/2014,5153375
7/15/2014,5153375
7/16/2014,5153375
7/17/2014,5153375
7/18/2014,5153375
7/21/2014,5153375
7/22/2014,5153375
7/23/2014,5153375
7/24/2014,5153375
7/25/2014,5153375
7/28/2014,5153375
7/29/2014,5153375
7/30/2014,5153375
7/31/2014,5153375
8/1/2014,5153375
8/4/2014,5153375
8/5/2014,5153375
8/6/2014,5153375
8/7/2014,5153375
8/8/2014,5153375
8/11/2014,5153375
8/12/2014,5153375
8/13/2014,5153375
8/14/2014,5153375
8/15/2014,5153375
8/18/2014,5153375
8/19/2014,5153375
8/20/2014,5153375
8/21/2014,5153375
8/22/2014,5153375
8/25/2014,5153375
8/26/2014,5153375
8/27/2014,5153375
8/28/2014,5153375
8/29/2014,5153375
9/1/2014,5153375
9/2/2014,5153375
9/3/2014,5153375
9/4/2014,5153375
9/5/2014,5153375
9/8/2014,5153375
9/9/2014,5153375
9/10/2014,5153375
9/11/2014,5153375
9/12/2014,5153375
9/15/2014,5153375
9/16/2014,5153375
9/17/2014,5153375
9/18/2014,5153375
9/19/2014,5153375
9/22/2014,5153375
9/23/2014,5153375
9/24/2014,5153375
9/25/2014,5153375
9/26/2014,5153375
9/29/2014,5153375
9/30/2014,5153375
10/1/2014,5153375
10/2/2014,5153375
10/3/2014,5153375
10/6/2014,5153375
10/7/2014,5153375
10/8/2014,5153375
10/9/2014,5153375
10/10/2014,5153375
10/13/2014,5153375
10/14/2014,5153375
10/15/2014,5153375
10/16/2014,5153375
10/17/2014,5153375
10/20/2014,5153375
10/21/2014,5153375
10/22/2014,5153375
10/23/2014,5153375
10/24/2014,5153375
10/27/2014,5153375
10/28/2014,5153375
10/29/2014,5153375
10/30/2014,5153375
10/31/2014,5153375
11/3/2014,5153375
11/4/2014,5153375
11/5/2014,5153375
11/6/2014,5153375
11/7/2014,5153375
11/10/2014,5153375
11/11/2014,5153375
11/12/2014,5153375
11/13/2014,5153375
11/14/2014,5153375
11/17/2014,5153375
11/18/2014,5153375
11/19/2014,5153375
11/20/2014,5153375
11/21/2014,5153375
11/24/2014,5153375
11/25/2014,5153375
11/26/2014,5153375
11/27/2014,5153375
11/28/2014,5153375
12/1/2014,5153375
12/2/2014,5153375
12/3/2014,5153375
12/4/2014,5153375
12/5/2014,5153375
12/8/2014,5153375
12/9/2014,5153375
12/10/2014,5153375
12/11/2014,5153375
12/12/2014,5153375
12/15/2014,5153375
12/16/2014,5153375
12/17/2014,5153375
12/18/2014,5153375
12/19/2014,5153375
12/22/2014,5153375
12/23/2014,5153375
12/24/2014,5153375
12/25/2014,5153375
12/26/2014,5153375
12/29/2014,5153375
12/30/2014,5153375
12/31/2014,5153375
1/1/2015,5153375
1/2/2015,5153375
1/5/2015,5153375
1/6/2015,5153375
1/7/2015,5153375
1/8/2015,5153375
1/9/2015,5153375
1/12/2015,5153375
1/13/2015,5153375
1/14/2015,5153375
1/15/2015,5153375
1/16/2015,5153375
1/19/2015,5153375
1/20/2015,5153375
1/21/2015,5153375
1/22/2015,5153375
1/23/2015,5153375
1/26/2015,5153375
1/27/2015,5153375
1/28/2015,5153375
1/29/2015,5153375
1/30/2015,5153375
2/2/2015,5153375
2/3/2015,5153375
2/4/2015,5153375
2/5/2015,5153375
2/6/2015,5153375
2/9/2015,5153375
2/10/2015,5153375
2/11/2015,5153375
2/12/2015,5153375
2/13/2015,5153375
2/16/2015,5153375
2/17/2015,5153375
2/18/2015,5153375
2/19/2015,5153375
2/20/2015,5153375
2/23/2015,5153375
2/24/2015,5153375
2/25/2015,5153375
2/26/2015,5153375
2/27/2015,5153375
3/2/2015,5153375
3/3/2015,5153375
3/4/2015,5153375
3/5/2015,5153375
3/6/2015,5153375
3/9/2015,5153375
3/10/2015,5153375
3/11/2015,5153375
3/12/2015,5153375
3/13/2015,5153375
3/16/2015,5153375
3/17/2015,5153375
3/18/2015,5153375
3/19/2015,5153375
3/20/2015,5153375
3/23/2015,5153375
3/24/2015,5153375
3/25/2015,5153375
3/26/2015,5153375
3/27/2015,5153375
3/30/2015,5153375
3/31/2015,5153375
4/1/2015,5153375
4/2/2015,5153375
4/3/2015,5153375
4/6/2015,5153375
4/7/2015,5153375
4/8/2015,5153375
4/9/2015,5153375
4/10/2015,5153375
4/13/2015,5153375
4/14/2015,5153375
4/15/2015,5153375
4/16/2015,5153375
4/17/2015,5153375
4/20/2015,5153375
4/21/2015,5153375
4/22/2015,5153375
4/23/2015,5153375
4/24/2015,5153375
4/27/2015,5153375
4/28/2015,5153375
4/29/2015,5153375
4/30/2015,5153375
5/1/2015,5153375
5/4/2015,5153375
5/5/2015,5153375
5/6/2015,5153375
5/7/2015,5153375
5/8/2015,5153375
5/11/2015,5153375
5/12/2015,5153375
5/13/2015,5153375
5/14/2015,5153375
5/15/2015,5153375
5/18/2015,5153375
5/19/2015,5153375
5/20/2015,5153375
5/21/2015,5153375
5/22/2015,5153375
5/25/2015,5153375
5/26/2015,5153375
5/27/2015,5153375
5/28/2015,5153375
5/29/2015,5153375
6/1/2015,5153375
6/2/2015,5153375
6/3/2015,5153375
6/4/2015,5153375
6/5/2015,5153375
6/8/2015,5153375
6/9/2015,5153375
6/10/2015,5153375
6/11/2015,5153375
6/12/2015,5153375
6/15/2015,5153375
6/16/2015,5153375
6/17/2015,5153375
6/18/2015,5153375
6/19/2015,5153375
6/22/2015,5153375
6/23/2015,5153375
6/24/2015,5153375
6/25/2015,5153375
6/26/2015,5153375
6/29/2015,5153375
6/30/2015,5153375
7/1/2015,5153375
7/2/2015,5153375
7/3/2015,5153375
7/6/2015,5153375
7/7/2015,5153375
7/8/2015,5153375
7/9/2015,5153375
7/10/2015,5153375
7/13/2015,5153375
7/14/2015,5153375
7/15/2015,5153375
7/16/2015,5153375
7/17/2015,5153375
7/20/2015,5153375
7/21/2015,5153375
7/22/2015,5153375
7/23/2015,5153375
7/24/2015,5153375
7/27/2015,5153375
7/28/2015,5153375
7/29/2015,5153375
7/30/2015,5153375
7/31/2015,5153375
8/3/2015,5153375
8/4/2015,5153375
8/5/2015,5153375
8/6/2015,5153375
8/7/2015,5153375
8/10/2015,5153375
8/11/2015,5153375
8/12/2015,5153375
8/13/2015,5153375
8/14/2015,5153375
8/17/2015,5153375
8/18/2015,5153375
8/19/2015,5153375
8/20/2015,5153375
8/21/2015,5153375
8/24/2015,5153375
8/25/2015,5153375
8/26/2015,5153375
8/27/2015,5153375
8/28/2015,5153375
8/31/2015,5153375
9/1/2015,5153375
9/2/2015,5153375
9/3/2015,5153375
9/4/2015,5153375
9/7/2015,5153375
9/8/2015,5153375
9/9/2015,5153375
9/10/2015,5153375
9/11/2015,5153375
9/14/2015,5153375
9/15/2015,5153375
9/16/2015,5153375
9/17/2015,5153375
9/18/2015,5153375
9/21/2015,5153375
9/22/2015,5153375
9/23/2015,5153375
9/24/2015,5153375
9/25/2015,5153375
9/28/2015,5153375
9/29/2015,5153375
9/30/2015,5153375
10/1/2015,5153375
10/2/2015,5153375
10/5/2015,5153375
10/6/2015,5153375
10/7/2015,5153375
10/8/2015,5153375
10/9/2015,5153375
10/12/2015,5153375
10/13/2015,5153375
10/14/2015,5153375
10/15/2015,5153375
10/16/2015,5153375
10/19/2015,5153375
10/20/2015,5153375
10/21/2015,5153375
10/22/2015,5153375
10/23/2015,5153375
10/26/2015,5153375
10/27/2015,5153375
10/28/2015,5153375
10/29/2015,5153375
10/30/2015,5153375
11/2/2015,5153375
11/3/2015,5153375
11/4/2015,5153375
11/5/2015,5153375
11/6/2015,5153375
11/9/2015,5153375
11/10/2015,5153375
11/11/2015,5153375
11/12/2015,5153375
11/13/2015,5153375
11/16/2015,5153375
11/17/2015,5153375
11/18/2015,5153375
11/19/2015,5153375
11/20/2015,5153375
11/23/2015,5153375
11/24/2015,5153375
11/25/2015,5153375
11/26/2015,5153375
11/27/2015,5153375
11/30/2015,5153375
12/1/2015,5153375
12/2/2015,5153375
12/3/2015,5153375
12/4/2015,5153375
12/7/2015,5153375
12/8/2015,5153375
12/9/2015,5153375
12/10/2015,5153375
12/11/2015,5153375
12/14/2015,5153375
12/15/2015,5153375
12/16/2015,5153375
12/17/2015,5153375
12/18/2015,5153375
12/21/2015,5153375
12/22/2015,5153375
12/23/2015,5153375
12/24/2015,5153375
12/25/2015,5153375
12/28/2015,5153375
12/29/2015,5153375
12/30/2015,5153375
12/31/2015,5153375
1/1/2016,5153375
1/4/2016,5153375
1/5/2016,5153375
1/6/2016,5153375
1/7/2016,5153375
1/8/2016,5153375
1/11/2016,5153375
1/12/2016,5153375
1/13/2016,5153375
1/14/2016,5153375
1/15/2016,5153375
1/18/2016,5153375
1/19/2016,5153375
1/20/2016,5153375
1/21/2016,5153375
1/22/2016,5153375
1/25/2016,5153375
1/26/2016,5153375
1/27/2016,5153375
1/28/2016,5153375
1/29/2016,5153375
2/1/2016,5153375
2/2/2016,5153375
2/3/2016,5153375
2/4/2016,5153375
2/5/2016,5153375
2/8/2016,5153375
2/9/2016,5153375
2/10/2016,5153375
2/11/2016,5153375
2/12/2016,5153375
2/15/2016,5153375
2/16/2016,5153375
