1/3/2000,0.565224
1/5/2000,0.545275
1/6/2000,0.539291
1/10/2000,0.545275
1/11/2000,0.545275
1/12/2000,0.545275
1/13/2000,0.551925
1/14/2000,0.538626
1/17/2000,0.558575
1/18/2000,0.558561
1/19/2000,0.535301
1/20/2000,0.538626
1/21/2000,0.532973
1/24/2000,0.531976
1/26/2000,0.538626
1/27/2000,0.565224
1/28/2000,0.565224
1/31/2000,0.585173
2/2/2000,0.531976
2/3/2000,0.549265
2/7/2000,0.538626
2/8/2000,0.538626
2/10/2000,0.565224
2/11/2000,0.571874
2/14/2000,0.531976
2/16/2000,0.558575
2/17/2000,0.575199
2/18/2000,0.575199
2/21/2000,0.571874
2/22/2000,0.565224
2/23/2000,0.575199
2/24/2000,0.571209
2/25/2000,0.558575
2/28/2000,0.525326
2/29/2000,0.531989
3/2/2000,0.545275
3/10/2000,0.538626
3/13/2000,0.525326
3/14/2000,0.525326
3/15/2000,0.532002
3/16/2000,0.538626
3/17/2000,0.591823
3/23/2000,0.591823
3/24/2000,0.607782
3/27/2000,0.61509
3/28/2000,0.618415
3/29/2000,0.607782
3/30/2000,0.58518
3/31/2000,0.600468
4/3/2000,0.605123
4/4/2000,0.598473
4/5/2000,0.631721
4/6/2000,0.65167
4/7/2000,0.698218
4/10/2000,0.697553
4/11/2000,0.631721
4/19/2000,0.631721
4/20/2000,0.631721
4/24/2000,0.631721
4/25/2000,0.631721
4/26/2000,0.638371
4/27/2000,0.631721
4/28/2000,0.631721
5/2/2000,0.631741
5/3/2000,0.631741
5/4/2000,0.631721
5/5/2000,0.631721
5/8/2000,0.631721
5/9/2000,0.625078
5/10/2000,0.625072
5/11/2000,0.625072
5/15/2000,0.631721
5/16/2000,0.631721
5/17/2000,0.615097
5/18/2000,0.611772
5/19/2000,0.598473
5/22/2000,0.601798
5/23/2000,0.618422
5/24/2000,0.618422
5/30/2000,0.605123
5/31/2000,0.631721
6/1/2000,0.611772
6/2/2000,0.617757
6/5/2000,0.618422
6/6/2000,0.645021
6/7/2000,0.645014
6/8/2000,0.625078
6/12/2000,0.628396
6/13/2000,0.631721
6/14/2000,0.65832
6/15/2000,0.66497
6/16/2000,0.684919
6/19/2000,0.6663
6/20/2000,0.684919
6/21/2000,0.731467
6/23/2000,0.704409
6/26/2000,0.704868
6/27/2000,0.704868
6/28/2000,0.728142
6/29/2000,0.731467
6/30/2000,0.774357
7/3/2000,0.784664
7/4/2000,0.817913
7/5/2000,0.798197
7/6/2000,0.784664
7/7/2000,0.797964
7/10/2000,0.817913
7/11/2000,0.837862
7/12/2000,0.864461
7/13/2000,0.867792
7/14/2000,0.87111
7/17/2000,0.911009
7/18/2000,0.916993
7/19/2000,0.916993
7/20/2000,0.917658
7/21/2000,0.918323
7/24/2000,0.911009
7/25/2000,0.924308
7/26/2000,0.917658
7/27/2000,0.924308
7/28/2000,0.930958
7/31/2000,0.930958
8/1/2000,0.930958
8/2/2000,0.897709
8/3/2000,0.924308
8/4/2000,0.930958
8/7/2000,0.950907
8/8/2000,0.950907
8/9/2000,0.94425
8/10/2000,0.930958
8/11/2000,0.911009
8/14/2000,0.922313
8/16/2000,0.911674
8/17/2000,0.897709
8/18/2000,0.917658
8/21/2000,0.917665
8/22/2000,0.924308
8/23/2000,0.924308
8/24/2000,0.917658
8/25/2000,0.930958
8/28/2000,0.937607
8/29/2000,0.937607
8/30/2000,0.947582
8/31/2000,0.964206
9/1/2000,0.970856
9/4/2000,0.920983
9/5/2000,0.920983
9/6/2000,0.958933
9/8/2000,0.971195
9/11/2000,1.004104
9/12/2000,0.964206
9/13/2000,0.964206
9/14/2000,0.964206
9/15/2000,0.984155
9/18/2000,0.997455
9/19/2000,1.004104
9/21/2000,1.004104
9/22/2000,1.004104
9/25/2000,0.977506
9/26/2000,0.990805
9/27/2000,0.984155
9/28/2000,1.010754
9/29/2000,1.037353
10/2/2000,1.037353
10/3/2000,1.077251
10/4/2000,1.0972
10/5/2000,1.130449
10/6/2000,1.143748
10/9/2000,1.147073
10/10/2000,1.167022
10/11/2000,1.169682
10/13/2000,1.150398
10/16/2000,1.129784
10/17/2000,1.163032
10/18/2000,1.163032
10/19/2000,1.173672
10/20/2000,1.196946
10/23/2000,1.163697
10/24/2000,1.147073
10/25/2000,1.137098
10/26/2000,1.130415
10/27/2000,1.16004
10/30/2000,1.180321
10/31/2000,1.263443
11/1/2000,1.291704
11/3/2000,1.296691
11/6/2000,1.296691
11/7/2000,1.263443
11/8/2000,1.280067
11/9/2000,1.280067
11/10/2000,1.280067
11/13/2000,1.260118
11/14/2000,1.230194
11/16/2000,1.230194
11/17/2000,1.230194
11/20/2000,1.263443
11/21/2000,1.250143
11/22/2000,1.230194
11/24/2000,1.223544
11/27/2000,1.223544
11/28/2000,1.230194
11/29/2000,1.246785
11/30/2000,1.293366
12/1/2000,1.30999
12/4/2000,1.296691
12/5/2000,1.301678
12/6/2000,1.296691
12/7/2000,1.32329
12/8/2000,1.313315
12/11/2000,1.313315
12/12/2000,1.263443
12/13/2000,1.263443
12/14/2000,1.313315
12/15/2000,1.369838
12/18/2000,1.363188
12/19/2000,1.389787
12/20/2000,1.379812
12/21/2000,1.403086
12/22/2000,1.369838
12/26/2000,1.379812
12/27/2000,1.529431
12/28/2000,1.562679
1/2/2001,1.562679
1/3/2001,1.612552
1/4/2001,1.595927
1/8/2001,1.479558
1/9/2001,1.51284
1/10/2001,1.496182
1/11/2001,1.479558
1/12/2001,1.479558
1/16/2001,1.479558
1/17/2001,1.562679
1/18/2001,1.599252
1/19/2001,1.662425
1/22/2001,1.662425
1/23/2001,1.6458
1/24/2001,1.595927
1/26/2001,1.562679
1/29/2001,1.662425
1/30/2001,1.662425
1/31/2001,1.728921
2/1/2001,1.795419
2/2/2001,1.76217
2/5/2001,1.745546
2/6/2001,1.76217
2/7/2001,1.728921
2/8/2001,1.728921
2/9/2001,1.695673
2/12/2001,1.695673
2/13/2001,1.662391
2/14/2001,1.629176
2/15/2001,1.588613
2/16/2001,1.546055
2/19/2001,1.562679
2/20/2001,1.579303
2/21/2001,1.579303
2/23/2001,1.662425
2/28/2001,1.629176
3/1/2001,1.662325
3/2/2001,1.662425
3/5/2001,1.662425
3/6/2001,1.629176
3/7/2001,1.632501
3/8/2001,1.645833
3/9/2001,1.629209
3/12/2001,1.662425
3/13/2001,1.629176
3/14/2001,1.662425
3/15/2001,1.695673
3/16/2001,1.735571
3/19/2001,1.728888
3/20/2001,1.69534
3/21/2001,1.685699
3/22/2001,1.629176
3/23/2001,1.602577
3/26/2001,1.629176
3/27/2001,1.695673
3/28/2001,1.692348
3/29/2001,1.629176
3/30/2001,1.629176
4/2/2001,1.6458
4/3/2001,1.629176
4/4/2001,1.599252
4/5/2001,1.632534
4/6/2001,1.662425
4/9/2001,1.629176
4/10/2001,1.662425
4/11/2001,1.629176
4/12/2001,1.662425
4/17/2001,1.599252
4/18/2001,1.672399
4/19/2001,1.665749
4/20/2001,1.562679
4/23/2001,1.579303
4/24/2001,1.59493
4/25/2001,1.562679
4/26/2001,1.6458
4/27/2001,1.695673
4/30/2001,1.728921
5/2/2001,1.695673
5/3/2001,1.695673
5/4/2001,1.728921
5/7/2001,1.725597
5/8/2001,1.712297
5/9/2001,1.695673
5/10/2001,1.728921
5/11/2001,1.71233
5/14/2001,1.728921
5/15/2001,1.712297
5/16/2001,1.662425
5/17/2001,1.695673
5/18/2001,1.679049
5/21/2001,1.679049
5/22/2001,1.745579
5/23/2001,1.728955
5/24/2001,1.728921
5/25/2001,1.695673
5/28/2001,1.679049
5/29/2001,1.679049
5/30/2001,1.695673
5/31/2001,1.695673
6/1/2001,1.715622
6/4/2001,1.761838
6/5/2001,1.712297
6/6/2001,1.695673
6/7/2001,1.712297
6/8/2001,1.685699
6/11/2001,1.662425
6/12/2001,1.6458
6/13/2001,1.662425
6/15/2001,1.65245
6/18/2001,1.546055
6/19/2001,1.552705
6/20/2001,1.602577
6/21/2001,1.595927
6/22/2001,1.546055
6/25/2001,1.622526
6/26/2001,1.644138
6/27/2001,1.672366
6/28/2001,1.705648
6/29/2001,1.715622
7/2/2001,1.778794
7/3/2001,1.728921
7/4/2001,1.688658
7/5/2001,1.65245
7/10/2001,1.562679
7/11/2001,1.546055
7/12/2001,1.6458
7/13/2001,1.662557
7/16/2001,1.662425
7/17/2001,1.675691
7/18/2001,1.662425
7/19/2001,1.6591
7/20/2001,1.622526
7/23/2001,1.605902
7/24/2001,1.595927
7/25/2001,1.595927
7/26/2001,1.595927
7/27/2001,1.629176
7/30/2001,1.629176
7/31/2001,1.629176
8/1/2001,1.599252
8/2/2001,1.629176
8/3/2001,1.629176
8/7/2001,1.612552
8/8/2001,1.662425
8/9/2001,1.728888
8/10/2001,1.712297
8/14/2001,1.662425
8/15/2001,1.662425
8/16/2001,1.629176
8/20/2001,1.6458
8/21/2001,1.615877
8/22/2001,1.609227
8/23/2001,1.595927
8/24/2001,1.562679
8/27/2001,1.556029
8/28/2001,1.546055
8/29/2001,1.54273
8/30/2001,1.506157
8/31/2001,1.506157
9/3/2001,1.506157
9/4/2001,1.509481
9/5/2001,1.509481
9/6/2001,1.509481
9/10/2001,1.526106
9/11/2001,1.479558
9/12/2001,1.462934
9/13/2001,1.32994
9/14/2001,1.250143
9/17/2001,1.446309
9/18/2001,1.446309
9/19/2001,1.462934
9/20/2001,1.413061
9/21/2001,1.296724
9/24/2001,1.263443
9/25/2001,1.263443
9/26/2001,1.163697
9/27/2001,1.163697
9/28/2001,1.196946
10/1/2001,1.196946
10/2/2001,1.21357
10/3/2001,1.196946
10/4/2001,1.196946
10/5/2001,1.196946
10/9/2001,1.163697
10/10/2001,1.263443
10/11/2001,1.296691
10/15/2001,1.313315
10/16/2001,1.296691
10/17/2001,1.296658
10/18/2001,1.313315
10/19/2001,1.329873
10/22/2001,1.296691
10/23/2001,1.32994
10/24/2001,1.296691
10/25/2001,1.296691
10/26/2001,1.363188
10/29/2001,1.346564
10/31/2001,1.296724
11/1/2001,1.346564
11/5/2001,1.462934
11/6/2001,1.462934
11/7/2001,1.446309
11/9/2001,1.379812
11/12/2001,1.363155
11/13/2001,1.333264
11/14/2001,1.32994
11/16/2001,1.363155
11/19/2001,1.32994
11/20/2001,1.32994
11/21/2001,1.32994
11/22/2001,1.396437
11/23/2001,1.403086
11/26/2001,1.396437
11/27/2001,1.413427
11/28/2001,1.396437
11/29/2001,1.369838
11/30/2001,1.346564
12/3/2001,1.32994
12/4/2001,1.379812
12/5/2001,1.413061
12/6/2001,1.429685
12/7/2001,1.413061
12/10/2001,1.413061
12/11/2001,1.413061
12/12/2001,1.409736
12/13/2001,1.409736
12/14/2001,1.395772
12/17/2001,1.393112
12/18/2001,1.396437
12/19/2001,1.376488
12/20/2001,1.379812
12/21/2001,1.436302
12/26/2001,1.413393
12/27/2001,1.436335
12/28/2001,1.423035
1/2/2002,1.413061
1/3/2002,1.429685
1/4/2002,1.429685
1/7/2002,1.479558
1/8/2002,1.446309
1/9/2002,1.429685
1/10/2002,1.429685
1/11/2002,1.436335
1/14/2002,1.399761
1/15/2002,1.399795
1/16/2002,1.396403
1/18/2002,1.396437
1/21/2002,1.386495
1/22/2002,1.366513
1/23/2002,1.396437
1/24/2002,1.388124
1/28/2002,1.386462
1/30/2002,1.343239
1/31/2002,1.32994
2/1/2002,1.313315
2/4/2002,1.313349
2/5/2002,1.313315
2/6/2002,1.31664
2/7/2002,1.32329
2/13/2002,1.32329
2/14/2002,1.313315
2/15/2002,1.346564
2/18/2002,1.346564
2/19/2002,1.346564
2/20/2002,1.32994
2/21/2002,1.339914
2/22/2002,1.346564
2/25/2002,1.280067
2/26/2002,1.293366
2/27/2002,1.32994
2/28/2002,1.363188
3/1/2002,1.363188
3/4/2002,1.366513
3/5/2002,1.32994
3/6/2002,1.32329
3/7/2002,1.30999
3/8/2002,1.32994
3/11/2002,1.32994
3/12/2002,1.389787
3/13/2002,1.363188
3/14/2002,1.333264
3/15/2002,1.346564
3/18/2002,1.363188
3/19/2002,1.396437
3/20/2002,1.346564
3/21/2002,1.32994
3/22/2002,1.326615
3/25/2002,1.32994
3/26/2002,1.32329
3/27/2002,1.32329
3/28/2002,1.32994
4/1/2002,1.303341
4/2/2002,1.32994
4/8/2002,1.32994
4/9/2002,1.31664
4/10/2002,1.32994
4/11/2002,1.32994
4/12/2002,1.396437
4/15/2002,1.396437
4/16/2002,1.396437
4/19/2002,1.32994
4/22/2002,1.333264
4/23/2002,1.346564
4/24/2002,1.349889
4/25/2002,1.336589
4/26/2002,1.326615
4/29/2002,1.339914
4/30/2002,1.356538
5/2/2002,1.386462
5/3/2002,1.37416
5/6/2002,1.346531
5/7/2002,1.339881
5/8/2002,1.356538
5/13/2002,1.329607
5/14/2002,1.32994
5/15/2002,1.331602
5/16/2002,1.333264
5/17/2002,1.343239
5/20/2002,1.32329
5/21/2002,1.332932
5/22/2002,1.343239
5/23/2002,1.331602
5/24/2002,1.346564
5/27/2002,1.339914
5/28/2002,1.356538
5/29/2002,1.353214
5/31/2002,1.343239
6/3/2002,1.359863
6/5/2002,1.333331
6/6/2002,1.333264
6/7/2002,1.333264
6/10/2002,1.32994
6/11/2002,1.32994
6/12/2002,1.336589
6/13/2002,1.32329
6/14/2002,1.300016
6/17/2002,1.296691
6/18/2002,1.300016
6/19/2002,1.296691
6/20/2002,1.163697
6/21/2002,1.180321
6/24/2002,1.223544
6/25/2002,1.256793
6/26/2002,1.246818
6/27/2002,1.243494
6/28/2002,1.250143
7/1/2002,1.263443
7/2/2002,1.246818
7/3/2002,1.246818
7/4/2002,1.247118
7/5/2002,1.246818
7/8/2002,1.263443
7/11/2002,1.277074
7/12/2002,1.263443
7/15/2002,1.263443
7/16/2002,1.313315
7/17/2002,1.346231
7/18/2002,1.363188
7/19/2002,1.336623
7/22/2002,1.313315
7/23/2002,1.280067
7/24/2002,1.296691
7/25/2002,1.230194
7/26/2002,1.223544
7/30/2002,1.196946
7/31/2002,1.256793
8/1/2002,1.263443
8/2/2002,1.312983
8/6/2002,1.273384
8/7/2002,1.263443
8/8/2002,1.246852
8/9/2002,1.266768
8/12/2002,1.303341
8/13/2002,1.32994
8/14/2002,1.313315
8/16/2002,1.313315
8/19/2002,1.313315
8/20/2002,1.32994
8/21/2002,1.313315
8/22/2002,1.313315
8/23/2002,1.296691
8/26/2002,1.296691
8/27/2002,1.339914
8/28/2002,1.32994
8/29/2002,1.296691
8/30/2002,1.296691
9/2/2002,1.313315
9/3/2002,1.273417
9/4/2002,1.263443
9/6/2002,1.263443
9/9/2002,1.260118
9/11/2002,1.296691
9/12/2002,1.293366
9/13/2002,1.263443
9/16/2002,1.246818
9/17/2002,1.246818
9/18/2002,1.216862
9/19/2002,1.215864
9/20/2002,1.21357
9/23/2002,1.21357
9/24/2002,1.246818
9/25/2002,1.263443
9/26/2002,1.266768
9/27/2002,1.2801
9/30/2002,1.276742
10/1/2002,1.313315
10/2/2002,1.32329
10/3/2002,1.32994
10/4/2002,1.32994
10/7/2002,1.324952
10/8/2002,1.296691
10/9/2002,1.280067
10/11/2002,1.296691
10/14/2002,1.280067
10/15/2002,1.2801
10/16/2002,1.280067
10/17/2002,1.32994
10/21/2002,1.313315
10/22/2002,1.346564
10/23/2002,1.373163
10/24/2002,1.449634
10/25/2002,1.456284
10/28/2002,1.429685
10/30/2002,1.496182
10/31/2002,1.559354
11/1/2002,1.562679
11/4/2002,1.51284
11/5/2002,1.479558
11/6/2002,1.451297
11/7/2002,1.462934
11/8/2002,1.496182
11/11/2002,1.519456
11/12/2002,1.512806
11/13/2002,1.529431
11/14/2002,1.546055
11/18/2002,1.579303
11/19/2002,1.552705
11/20/2002,1.496182
11/21/2002,1.529431
11/22/2002,1.579303
11/25/2002,1.599252
11/26/2002,1.595927
11/27/2002,1.595927
11/28/2002,1.595927
11/29/2002,1.60424
12/3/2002,1.579303
12/4/2002,1.579303
12/5/2002,1.562679
12/6/2002,1.562679
12/9/2002,1.585953
12/10/2002,1.579303
12/11/2002,1.585953
12/12/2002,1.625851
12/13/2002,1.562679
12/16/2002,1.562679
12/17/2002,1.579303
12/18/2002,1.560518
12/19/2002,1.595927
12/20/2002,1.552705
12/23/2002,1.562679
12/26/2002,1.562679
12/27/2002,1.546055
12/30/2002,1.589278
1/2/2003,1.562679
1/3/2003,1.556029
1/6/2003,1.529431
1/8/2003,1.502832
1/9/2003,1.529431
1/13/2003,1.496182
1/14/2003,1.526106
1/15/2003,1.529397
1/16/2003,1.496182
1/17/2003,1.496182
1/20/2003,1.512806
1/21/2003,1.496182
1/22/2003,1.446309
1/23/2003,1.396437
1/24/2003,1.396437
1/27/2003,1.379812
1/28/2003,1.413061
1/29/2003,1.446309
1/30/2003,1.479558
1/31/2003,1.492824
2/3/2003,1.492857
2/4/2003,1.492857
2/5/2003,1.396437
2/6/2003,1.49452
2/7/2003,1.429685
2/10/2003,1.446309
2/11/2003,1.43301
2/12/2003,1.43301
2/13/2003,1.472908
2/14/2003,1.429685
2/17/2003,1.446309
2/18/2003,1.436335
2/19/2003,1.429685
2/20/2003,1.462934
2/21/2003,1.479558
2/24/2003,1.476233
2/25/2003,1.431348
2/26/2003,1.429685
2/27/2003,1.43168
2/28/2003,1.436335
3/5/2003,1.423368
3/6/2003,1.429685
3/7/2003,1.452959
3/10/2003,1.436335
3/11/2003,1.413061
3/12/2003,1.446309
3/13/2003,1.476233
3/14/2003,1.529431
3/17/2003,1.562679
3/18/2003,1.562679
3/19/2003,1.595927
3/20/2003,1.579303
3/21/2003,1.595927
3/24/2003,1.595927
3/25/2003,1.546055
3/26/2003,1.562679
3/27/2003,1.569362
3/28/2003,1.57937
3/31/2003,1.579303
4/1/2003,1.629176
4/2/2003,1.6591
4/3/2003,1.635826
4/4/2003,1.619201
4/7/2003,1.627514
4/8/2003,1.612552
4/9/2003,1.579303
4/10/2003,1.579303
4/11/2003,1.575978
4/14/2003,1.579303
4/15/2003,1.562679
4/16/2003,1.592603
4/17/2003,1.579303
4/22/2003,1.579303
4/23/2003,1.595927
4/24/2003,1.629176
4/25/2003,1.629176
4/28/2003,1.632501
4/29/2003,1.662425
4/30/2003,1.679049
5/2/2003,1.728921
5/5/2003,1.782119
5/6/2003,1.782119
5/7/2003,1.76217
5/8/2003,1.795419
5/9/2003,1.795452
5/12/2003,1.76217
5/13/2003,1.788769
5/15/2003,1.778794
5/16/2003,1.76882
5/19/2003,1.745546
5/20/2003,1.712297
5/21/2003,1.745546
5/22/2003,1.745546
5/23/2003,1.745546
5/26/2003,1.75552
5/27/2003,1.745546
5/28/2003,1.745546
5/29/2003,1.715622
5/30/2003,1.728888
6/2/2003,1.76217
6/3/2003,1.75552
6/4/2003,1.728921
6/5/2003,1.715622
6/6/2003,1.742221
6/9/2003,1.728921
6/10/2003,1.728921
6/11/2003,1.705648
6/12/2003,1.712297
6/13/2003,1.722272
6/16/2003,1.728921
6/17/2003,1.728921
6/18/2003,1.695673
6/23/2003,1.662458
6/24/2003,1.672399
6/26/2003,1.679381
6/27/2003,1.679049
6/30/2003,1.662425
7/1/2003,1.679049
7/2/2003,1.689023
7/3/2003,1.682374
7/4/2003,1.695673
7/7/2003,1.695673
7/8/2003,1.712297
7/10/2003,1.697369
7/11/2003,1.702323
7/14/2003,1.728921
7/15/2003,1.723934
7/16/2003,1.705648
7/17/2003,1.689023
7/18/2003,1.689023
7/21/2003,1.695673
7/22/2003,1.708972
7/23/2003,1.702323
7/24/2003,1.702323
7/25/2003,1.679049
7/28/2003,1.692348
7/29/2003,1.662458
7/30/2003,1.682374
7/31/2003,1.662425
8/1/2003,1.6458
8/4/2003,1.609227
8/5/2003,1.662425
8/6/2003,1.662425
8/7/2003,1.679049
8/8/2003,1.695673
8/11/2003,1.708972
8/12/2003,1.679049
8/13/2003,1.662425
8/14/2003,1.679049
8/15/2003,1.695673
8/18/2003,1.695673
8/19/2003,1.695673
8/20/2003,1.695673
8/21/2003,1.795419
8/22/2003,1.76217
8/25/2003,1.76217
8/26/2003,1.752195
8/27/2003,1.778794
8/28/2003,1.828667
8/29/2003,1.861915
9/1/2003,1.945037
9/2/2003,1.991584
9/3/2003,2.011534
9/4/2003,2.094655
9/5/2003,2.061473
9/8/2003,2.011567
9/9/2003,1.928412
9/10/2003,1.961661
9/11/2003,1.98826
9/12/2003,1.994909
9/15/2003,2.004884
9/16/2003,1.994909
9/17/2003,1.945037
9/19/2003,1.961694
9/22/2003,1.948029
9/23/2003,1.911788
9/24/2003,1.895164
9/29/2003,1.928412
9/30/2003,1.994876
10/1/2003,2.061373
10/2/2003,2.028158
10/3/2003,1.994909
10/6/2003,1.994909
10/7/2003,1.998234
10/8/2003,1.978285
10/9/2003,1.961661
10/10/2003,1.911788
10/13/2003,1.994909
10/14/2003,2.011534
10/15/2003,1.994909
10/16/2003,1.978285
10/17/2003,1.994909
10/20/2003,1.961661
10/21/2003,2.009871
10/22/2003,1.994909
10/24/2003,1.994909
10/27/2003,1.994909
10/28/2003,1.994909
10/29/2003,1.911788
10/30/2003,1.928412
10/31/2003,1.828667
11/3/2003,1.895164
11/4/2003,1.895164
11/6/2003,1.87854
11/7/2003,1.895164
11/10/2003,1.861915
11/11/2003,1.895164
11/12/2003,1.971635
11/13/2003,2.034808
11/14/2003,2.078031
11/17/2003,2.044782
11/18/2003,2.044782
11/19/2003,2.044782
11/20/2003,2.061406
11/21/2003,2.06144
11/24/2003,2.083849
11/25/2003,2.064731
11/26/2003,2.064731
11/27/2003,2.054757
11/28/2003,2.074706
12/1/2003,2.078031
12/2/2003,2.071381
12/3/2003,2.028158
12/4/2003,2.028158
12/5/2003,2.028158
12/8/2003,1.994943
12/9/2003,2.023171
12/10/2003,2.018749
12/11/2003,2.044782
12/12/2003,2.044782
12/15/2003,2.044782
12/16/2003,1.978285
12/17/2003,2.028158
12/18/2003,2.061406
12/19/2003,2.061506
12/22/2003,2.061406
12/23/2003,2.127903
12/26/2003,2.111279
12/29/2003,2.081355
12/30/2003,2.111279
1/2/2004,2.144528
1/5/2004,2.1944
1/6/2004,2.260897
1/7/2004,2.260897
1/8/2004,2.260897
1/9/2004,2.227649
1/12/2004,2.260864
1/13/2004,2.260864
1/14/2004,2.260532
1/15/2004,2.257572
1/16/2004,2.161152
1/19/2004,2.211025
1/20/2004,2.227649
1/21/2004,2.1944
1/22/2004,2.161152
1/23/2004,2.284171
1/26/2004,2.327361
1/27/2004,2.26123
1/28/2004,2.194434
1/29/2004,2.157827
1/30/2004,2.157827
2/2/2004,2.117929
2/3/2004,2.161152
2/4/2004,2.127903
2/5/2004,2.134553
2/6/2004,2.121254
2/9/2004,2.13954
2/10/2004,2.11231
2/11/2004,2.189247
2/12/2004,2.240948
2/13/2004,2.1944
2/17/2004,2.161152
2/18/2004,2.177776
2/19/2004,2.117929
2/20/2004,2.117596
2/25/2004,2.127903
2/26/2004,2.211025
2/27/2004,2.393891
3/1/2004,2.776249
3/2/2004,2.892585
3/3/2004,3.125325
3/4/2004,3.191855
3/5/2004,3.241728
3/8/2004,3.324783
3/9/2004,3.324849
3/10/2004,3.274976
3/11/2004,3.191855
3/12/2004,3.158607
3/15/2004,3.082135
3/16/2004,3.072194
3/17/2004,3.125325
3/18/2004,3.141982
3/19/2004,3.151957
3/22/2004,3.15189
3/23/2004,3.191855
3/24/2004,3.185239
3/25/2004,3.168614
3/26/2004,3.141982
3/29/2004,3.118675
3/30/2004,3.135299
3/31/2004,3.108734
4/1/2004,3.158607
4/2/2004,3.171906
4/5/2004,3.171906
4/6/2004,3.151924
4/7/2004,3.158607
4/8/2004,3.158607
4/12/2004,3.158607
4/13/2004,3.158607
4/14/2004,3.168581
4/15/2004,3.185205
4/16/2004,3.191855
4/19/2004,3.22507
4/20/2004,3.191822
4/22/2004,3.28658
4/23/2004,3.258352
4/26/2004,3.258352
4/27/2004,3.391346
4/28/2004,3.407937
4/29/2004,3.421236
4/30/2004,3.424594
5/3/2004,3.441219
5/4/2004,3.491091
5/5/2004,3.557555
5/6/2004,3.554264
5/7/2004,3.491091
5/10/2004,3.474467
5/11/2004,3.457843
5/12/2004,3.487767
5/13/2004,3.557588
5/14/2004,3.624085
5/17/2004,3.62741
5/18/2004,3.609157
5/19/2004,3.697232
5/20/2004,3.657334
5/21/2004,3.740455
5/24/2004,3.790328
5/25/2004,3.757079
5/26/2004,3.789297
5/27/2004,3.806952
5/28/2004,3.757079
5/31/2004,3.803627
6/1/2004,3.760404
6/2/2004,3.823576
6/3/2004,3.923322
6/4/2004,4.023067
6/7/2004,4.07294
6/8/2004,4.076265
6/9/2004,3.989819
6/14/2004,3.923322
6/15/2004,3.890073
6/16/2004,3.906698
6/17/2004,3.906698
6/18/2004,3.923355
6/21/2004,3.944268
6/22/2004,3.929972
6/23/2004,3.989786
6/24/2004,4.089564
6/25/2004,4.072874
6/28/2004,3.95657
6/29/2004,3.989819
6/30/2004,3.989819
7/1/2004,3.95657
7/2/2004,3.989819
7/5/2004,3.923322
7/6/2004,3.983601
7/7/2004,4.026392
7/8/2004,4.056316
7/12/2004,4.023101
7/13/2004,3.890073
7/15/2004,3.890073
7/16/2004,3.893398
7/19/2004,3.823576
7/20/2004,3.873482
7/21/2004,3.856825
7/22/2004,3.823576
7/23/2004,3.823576
7/26/2004,3.800336
7/27/2004,3.856758
7/28/2004,3.790328
7/29/2004,3.823576
7/30/2004,3.823576
8/2/2004,3.823576
8/3/2004,3.800336
8/4/2004,3.823576
8/5/2004,3.906698
8/6/2004,3.873449
8/9/2004,3.896723
8/10/2004,3.923355
8/11/2004,3.989819
8/12/2004,3.956637
8/13/2004,3.923422
8/16/2004,3.95657
8/17/2004,3.989819
8/18/2004,3.989819
8/19/2004,4.056316
8/20/2004,3.989852
8/23/2004,3.990151
8/24/2004,3.989819
8/25/2004,3.989819
8/30/2004,3.95657
8/31/2004,3.959895
9/1/2004,3.95657
9/2/2004,4.076265
9/3/2004,4.06629
9/6/2004,4.023067
9/8/2004,4.056316
9/9/2004,4.023234
9/10/2004,4.089564
9/13/2004,4.089564
9/14/2004,4.096214
9/15/2004,4.049666
9/16/2004,4.036367
9/17/2004,4.023067
9/20/2004,4.039692
9/21/2004,4.023067
9/22/2004,4.019742
9/23/2004,4.056316
9/24/2004,4.056316
9/27/2004,4.023067
9/28/2004,4.054653
9/29/2004,4.056316
9/30/2004,4.056316
10/1/2004,4.023067
10/5/2004,3.973195
10/6/2004,3.973195
10/7/2004,4.023067
10/8/2004,4.006443
10/11/2004,3.989819
10/13/2004,4.112871
10/14/2004,4.215909
10/15/2004,4.239182
10/18/2004,4.322304
10/19/2004,4.388801
10/20/2004,4.455331
10/21/2004,4.471922
10/22/2004,4.471922
10/25/2004,4.555043
10/26/2004,4.554711
10/27/2004,4.555043
10/28/2004,4.571667
10/29/2004,4.571667
11/1/2004,4.605248
11/3/2004,4.654789
11/4/2004,4.621607
11/5/2004,4.654789
11/8/2004,4.588292
11/9/2004,4.588292
11/10/2004,4.62154
11/11/2004,4.604916
11/12/2004,4.604916
11/16/2004,4.604916
11/17/2004,4.588292
11/18/2004,4.55501
11/19/2004,4.538419
11/22/2004,4.538419
11/23/2004,4.455298
11/24/2004,4.521795
11/25/2004,4.50517
11/26/2004,4.506833
11/29/2004,4.538419
11/30/2004,4.51182
12/1/2004,4.438673
12/2/2004,4.438673
12/3/2004,4.422049
12/6/2004,4.422049
12/7/2004,4.483559
12/8/2004,4.488513
12/9/2004,4.471922
12/10/2004,4.471922
12/13/2004,4.471922
12/14/2004,4.461947
12/15/2004,4.438673
12/16/2004,4.538419
12/17/2004,4.52512
12/20/2004,4.555043
12/21/2004,4.571701
12/22/2004,4.604916
12/23/2004,4.721286
12/27/2004,4.654822
12/28/2004,4.688037
12/29/2004,4.588292
12/30/2004,4.548393
1/3/2005,4.62154
1/4/2005,4.654789
1/5/2005,4.631548
1/6/2005,4.654789
1/7/2005,4.658147
1/10/2005,4.555043
1/11/2005,4.588292
1/12/2005,4.54836
1/13/2005,4.488546
1/14/2005,4.438673
1/17/2005,4.422082
1/18/2005,4.438673
1/19/2005,4.372176
1/20/2005,4.272431
1/24/2005,4.18931
1/26/2005,4.192635
1/27/2005,4.289022
1/28/2005,4.25584
1/31/2005,4.222558
2/1/2005,4.322304
2/2/2005,4.29903
2/3/2005,4.289055
2/4/2005,4.289055
2/9/2005,4.289055
2/10/2005,4.388801
2/11/2005,4.438673
2/14/2005,4.355552
2/15/2005,4.405425
2/16/2005,4.405425
2/17/2005,4.322304
2/18/2005,4.25584
2/21/2005,4.275756
2/22/2005,4.388801
2/23/2005,4.372176
2/24/2005,4.345578
2/25/2005,4.305679
2/28/2005,4.345212
3/1/2005,4.338928
3/2/2005,4.159386
3/3/2005,4.29238
3/4/2005,4.255807
3/7/2005,4.277418
3/8/2005,4.279081
3/9/2005,4.289055
3/10/2005,4.289055
3/11/2005,4.289055
3/14/2005,4.305679
3/15/2005,4.322304
3/16/2005,4.335936
3/17/2005,4.289055
3/18/2005,4.222558
3/21/2005,4.2192
3/22/2005,4.205867
3/23/2005,4.139437
3/24/2005,4.122813
3/28/2005,4.089531
3/29/2005,3.890107
3/31/2005,3.491058
4/4/2005,3.158607
4/5/2005,3.141982
4/6/2005,3.123662
4/8/2005,2.959116
4/11/2005,2.826122
4/12/2005,2.327394
4/13/2005,2.211025
4/14/2005,2.211025
4/15/2005,2.1944
4/19/2005,2.094655
4/20/2005,2.127903
4/22/2005,2.12787
4/25/2005,2.111279
4/26/2005,2.144528
4/27/2005,2.127903
4/28/2005,2.127903
4/29/2005,2.119591
5/2/2005,2.12787
5/3/2005,2.111279
5/5/2005,2.094655
5/9/2005,2.127903
5/10/2005,2.127903
5/13/2005,1.994909
5/16/2005,2.111279
5/18/2005,2.044782
5/19/2005,2.061406
5/20/2005,2.161152
5/23/2005,2.161152
5/24/2005,2.157827
5/25/2005,2.177776
5/27/2005,2.177776
5/30/2005,2.177776
5/31/2005,2.147852
6/1/2005,2.222369
6/2/2005,2.234259
6/3/2005,2.193602
6/6/2005,2.174451
6/7/2005,2.142533
6/8/2005,2.154502
6/9/2005,2.114604
6/10/2005,2.234299
6/13/2005,2.353993
6/14/2005,2.353993
6/15/2005,2.353993
6/16/2005,2.393891
6/17/2005,2.4298
6/20/2005,2.357983
6/21/2005,2.318085
6/22/2005,2.346013
6/23/2005,2.38272
6/24/2005,2.346053
6/27/2005,2.393891
6/28/2005,2.385912
6/29/2005,2.393851
6/30/2005,2.393891
7/1/2005,2.449749
7/4/2005,2.453699
7/5/2005,2.397323
7/6/2005,2.373902
7/7/2005,2.409851
7/8/2005,2.393891
7/11/2005,2.377932
7/12/2005,2.357983
7/13/2005,2.353913
7/14/2005,2.405861
7/15/2005,2.354193
7/18/2005,2.358023
7/19/2005,2.385872
7/20/2005,2.387907
7/21/2005,2.381922
7/22/2005,2.354033
7/25/2005,2.322075
7/26/2005,2.353993
7/27/2005,2.357983
7/28/2005,2.419825
7/29/2005,2.369952
8/1/2005,2.381882
8/2/2005,2.405861
8/3/2005,2.397881
8/4/2005,2.377932
8/5/2005,2.405861
8/8/2005,2.385912
8/9/2005,2.431396
8/10/2005,2.465708
8/11/2005,2.473688
8/12/2005,2.481667
8/15/2005,2.4219
8/16/2005,2.445759
8/17/2005,2.485218
8/18/2005,2.477677
8/19/2005,2.473688
8/22/2005,2.433789
8/23/2005,2.409851
8/24/2005,2.41384
8/25/2005,2.43375
8/26/2005,2.433789
8/29/2005,2.401632
8/30/2005,2.395886
8/31/2005,2.42182
9/1/2005,2.479632
9/2/2005,2.513586
9/5/2005,2.613291
9/6/2005,2.63727
9/8/2005,2.673219
9/9/2005,2.685108
9/12/2005,2.713476
9/13/2005,2.685148
9/14/2005,2.703102
9/15/2005,2.703302
9/16/2005,2.712997
9/19/2005,2.665199
9/20/2005,2.63328
9/21/2005,2.693088
9/22/2005,2.646128
9/23/2005,2.64928
9/26/2005,2.642457
9/27/2005,2.63727
9/28/2005,2.63348
9/29/2005,2.641659
9/30/2005,2.673179
10/3/2005,2.733026
10/4/2005,2.760995
10/5/2005,2.657419
10/6/2005,2.65323
10/7/2005,2.673179
10/10/2005,2.693048
10/11/2005,2.669149
10/13/2005,2.585403
10/14/2005,2.512788
10/17/2005,2.509596
10/18/2005,2.497627
10/19/2005,2.497627
10/20/2005,2.453739
10/21/2005,2.46092
10/24/2005,2.473648
10/25/2005,2.533535
10/26/2005,2.541116
10/27/2005,2.533535
10/28/2005,2.485657
10/31/2005,2.533535
11/1/2005,2.587278
11/3/2005,2.628493
11/4/2005,2.593382
11/7/2005,2.613291
11/8/2005,2.625301
11/9/2005,2.64525
11/10/2005,2.69241
11/11/2005,2.693128
11/14/2005,2.693128
11/16/2005,2.733026
11/17/2005,2.792873
11/18/2005,2.792873
11/21/2005,2.832692
11/22/2005,2.844741
11/23/2005,2.912528
11/24/2005,2.892619
11/25/2005,2.920547
11/28/2005,2.888629
11/29/2005,2.928527
11/30/2005,2.948476
12/1/2005,3.08014
12/2/2005,3.028272
12/5/2005,3.008323
12/6/2005,2.964475
12/7/2005,2.932517
12/8/2005,2.912568
12/9/2005,2.952306
12/12/2005,2.940496
12/13/2005,2.948476
12/14/2005,2.984384
12/15/2005,2.976844
12/16/2005,2.997311
12/19/2005,2.964435
12/20/2005,2.991965
12/21/2005,3.028272
12/22/2005,3.012313
12/23/2005,3.018298
12/26/2005,3.008323
12/27/2005,3.068171
12/28/2005,3.039843
12/29/2005,3.000344
1/2/2006,2.992364
1/3/2006,3.052211
1/4/2006,3.078265
1/5/2006,3.094104
1/6/2006,3.171906
1/9/2006,3.151957
1/10/2006,3.08014
1/11/2006,3.099291
1/12/2006,3.183875
1/13/2006,3.151957
1/16/2006,3.151957
1/17/2006,3.131968
1/18/2006,3.112059
1/19/2006,3.191855
1/20/2006,3.147967
1/23/2006,3.09985
1/24/2006,3.122033
1/26/2006,3.139987
1/27/2006,3.151957
1/30/2006,3.08413
1/31/2006,3.078145
2/1/2006,3.07216
2/2/2006,3.020293
2/3/2006,2.968425
2/6/2006,2.956496
2/7/2006,2.951349
2/8/2006,2.968385
2/9/2006,2.972415
2/10/2006,3.028272
2/13/2006,2.992364
2/14/2006,2.992364
2/15/2006,3.07216
2/16/2006,3.096059
2/17/2006,3.132008
2/20/2006,3.171906
2/21/2006,3.215794
2/22/2006,3.179886
2/23/2006,3.08808
2/24/2006,3.112059
3/1/2006,3.104079
3/2/2006,3.134282
3/3/2006,3.179886
3/6/2006,3.187825
3/7/2006,3.110064
3/8/2006,3.112059
3/9/2006,3.07216
3/10/2006,3.151957
3/13/2006,3.07216
3/14/2006,3.132008
3/15/2006,3.199835
3/16/2006,3.223734
3/17/2006,3.171906
3/20/2006,3.191855
3/21/2006,3.112059
3/22/2006,3.132008
3/23/2006,3.112059
3/24/2006,3.124028
3/27/2006,3.199795
3/28/2006,3.151717
3/29/2006,3.235703
3/30/2006,3.251702
3/31/2006,3.263672
4/3/2006,3.331499
4/4/2006,3.371397
4/5/2006,3.351448
4/6/2006,3.387356
4/7/2006,3.387356
4/10/2006,3.367367
4/11/2006,3.30353
4/12/2006,3.287611
4/13/2006,3.307161
4/17/2006,3.331499
4/18/2006,3.391346
4/19/2006,3.430845
4/20/2006,3.459173
4/24/2006,3.470703
4/25/2006,3.525444
4/26/2006,3.513035
4/27/2006,3.411295
4/28/2006,3.431244
5/2/2006,3.447203
5/3/2006,3.483112
5/4/2006,3.507051
5/5/2006,3.582857
5/8/2006,3.578429
5/9/2006,3.630735
5/10/2006,3.578867
5/11/2006,3.546949
5/12/2006,3.543518
5/15/2006,3.431244
5/16/2006,3.375387
5/17/2006,3.263672
5/18/2006,3.351448
5/19/2006,3.347458
5/22/2006,3.251702
5/23/2006,3.291601
5/24/2006,3.31155
5/25/2006,3.327509
5/26/2006,3.455183
5/29/2006,3.423265
5/30/2006,3.30756
5/31/2006,3.359028
6/1/2006,3.385281
6/2/2006,3.467153
6/5/2006,3.397331
6/6/2006,3.31155
6/7/2006,3.267662
6/8/2006,3.247713
6/9/2006,3.183875
6/12/2006,3.073756
6/13/2006,2.992763
6/14/2006,2.968425
6/16/2006,3.032143
6/19/2006,3.012313
6/20/2006,3.012313
6/21/2006,3.052211
6/22/2006,3.07216
6/23/2006,3.052211
6/26/2006,2.992364
6/27/2006,2.992324
6/28/2006,2.972398
6/29/2006,3.187847
6/30/2006,3.191837
7/3/2006,3.357413
7/4/2006,3.367388
7/5/2006,3.243704
7/6/2006,3.231735
7/7/2006,3.227266
7/10/2006,3.191837
7/11/2006,3.215776
7/12/2006,3.191837
7/13/2006,3.163868
7/14/2006,3.147949
7/17/2006,3.120021
7/18/2006,3.12401
7/19/2006,3.211786
7/20/2006,3.191717
7/21/2006,3.131192
7/24/2006,3.203766
7/25/2006,3.231735
7/26/2006,3.179868
7/27/2006,3.171888
7/28/2006,3.147949
7/31/2006,3.13195
8/1/2006,3.112001
8/2/2006,3.151939
8/3/2006,3.13598
8/4/2006,3.143959
8/7/2006,3.13997
8/8/2006,3.127601
8/9/2006,3.155929
8/10/2006,3.118026
8/11/2006,3.155929
8/14/2006,3.155929
8/15/2006,3.145954
8/16/2006,3.168297
8/17/2006,3.259663
8/18/2006,3.275623
8/21/2006,3.279612
8/22/2006,3.267523
8/23/2006,3.251684
8/24/2006,3.271633
8/25/2006,3.291582
8/28/2006,3.309536
8/29/2006,3.371378
8/30/2006,3.369343
8/31/2006,3.371418
9/1/2006,3.458675
9/4/2006,3.434895
9/5/2006,3.431225
9/6/2006,3.411276
9/8/2006,3.415266
9/11/2006,3.385222
9/12/2006,3.411276
9/13/2006,3.469966
9/14/2006,3.427195
9/15/2006,3.431185
9/18/2006,3.463103
9/19/2006,3.415266
9/20/2006,3.415266
9/21/2006,3.347399
9/22/2006,3.451174
9/25/2006,3.469088
9/26/2006,3.511021
9/27/2006,3.479102
9/28/2006,3.52291
9/29/2006,3.503041
10/2/2006,3.511021
10/3/2006,3.542899
10/4/2006,3.554908
10/5/2006,3.56209
10/6/2006,3.550919
10/9/2006,3.586428
10/10/2006,3.578847
10/11/2006,3.562888
10/13/2006,3.584832
10/16/2006,3.538909
10/17/2006,3.519
10/18/2006,3.511021
10/19/2006,3.503041
10/20/2006,3.411276
10/23/2006,3.431225
10/24/2006,3.427235
10/25/2006,3.371378
10/26/2006,3.33148
10/27/2006,3.33148
10/30/2006,3.311531
10/31/2006,3.379238
11/1/2006,3.427235
11/3/2006,3.391327
11/6/2006,3.399306
11/7/2006,3.465138
11/8/2006,3.479102
11/9/2006,3.52299
11/10/2006,3.550879
11/13/2006,3.550919
11/14/2006,3.598796
11/16/2006,3.657446
11/17/2006,3.657406
11/21/2006,3.590817
11/22/2006,3.590817
11/23/2006,3.650624
11/24/2006,3.654653
11/27/2006,3.578847
11/28/2006,3.562888
11/29/2006,3.622735
11/30/2006,3.612721
12/1/2006,3.590817
12/4/2006,3.626725
12/5/2006,3.650624
12/6/2006,3.662633
12/7/2006,3.650584
12/8/2006,3.650664
12/11/2006,3.709234
12/12/2006,3.71051
12/13/2006,3.731018
12/14/2006,3.730459
12/15/2006,3.748414
12/18/2006,3.750408
12/19/2006,3.746419
12/20/2006,3.769958
12/21/2006,3.740035
12/22/2006,3.749211
12/26/2006,3.73042
12/27/2006,3.74977
12/28/2006,3.762378
1/2/2007,3.770437
1/3/2007,3.750408
1/4/2007,3.750408
1/5/2007,3.681106
1/8/2007,3.746339
1/9/2007,3.71849
1/10/2007,3.71051
1/11/2007,3.754398
1/12/2007,3.838144
1/15/2007,3.866113
1/16/2007,3.858133
1/17/2007,3.890011
1/18/2007,3.858133
1/19/2007,3.830204
1/22/2007,3.897991
1/23/2007,3.897233
1/24/2007,3.937889
1/26/2007,3.902021
1/29/2007,3.806266
1/30/2007,3.858133
1/31/2007,3.888016
2/1/2007,3.897951
2/2/2007,3.898031
2/5/2007,3.888056
2/6/2007,3.890051
2/7/2007,3.884067
2/8/2007,3.860128
2/9/2007,3.870302
2/12/2007,3.897991
2/13/2007,3.92193
2/14/2007,3.961868
2/15/2007,4.041664
2/16/2007,4.145398
2/21/2007,4.037634
2/22/2007,4.10949
2/23/2007,4.097441
2/26/2007,4.077572
2/27/2007,3.925959
2/28/2007,3.91
3/1/2007,3.989796
3/2/2007,3.969847
3/5/2007,3.949898
3/6/2007,4.10546
3/7/2007,4.1055
3/8/2007,4.10546
3/9/2007,4.149388
3/12/2007,4.149348
3/13/2007,4.10957
3/14/2007,4.129439
3/15/2007,4.137419
3/16/2007,4.081562
3/19/2007,4.089541
3/20/2007,4.129439
3/21/2007,4.197266
3/22/2007,4.173327
3/23/2007,4.187132
3/26/2007,4.197266
3/27/2007,4.189286
3/28/2007,4.185296
3/29/2007,4.213105
3/30/2007,4.285041
4/2/2007,4.293021
4/3/2007,4.380796
4/4/2007,4.356857
4/5/2007,4.376846
4/9/2007,4.428674
4/10/2007,4.428674
4/11/2007,4.426679
4/12/2007,4.432664
4/13/2007,4.460592
4/16/2007,4.531212
4/17/2007,4.532329
4/18/2007,4.528419
4/19/2007,4.588266
4/20/2007,4.636143
4/23/2007,4.656052
4/24/2007,4.688011
4/25/2007,4.70397
4/26/2007,4.715899
4/27/2007,4.70796
4/30/2007,4.692049
5/2/2007,4.751948
5/3/2007,4.851778
5/4/2007,4.827819
5/7/2007,4.751948
5/8/2007,4.815839
5/9/2007,4.971615
5/10/2007,4.843353
5/11/2007,4.807853
5/14/2007,4.79188
5/15/2007,4.851659
5/16/2007,4.959596
5/17/2007,5.06342
5/18/2007,5.191203
5/21/2007,5.275061
5/22/2007,5.191203
5/23/2007,5.151271
5/24/2007,5.0514
5/25/2007,5.071406
5/28/2007,5.107345
5/29/2007,5.131225
5/30/2007,5.141927
5/31/2007,5.191163
6/1/2007,5.386872
6/4/2007,5.350933
6/5/2007,5.410831
6/6/2007,5.386872
6/8/2007,5.430797
6/11/2007,5.462743
6/12/2007,5.426804
6/13/2007,5.510662
6/14/2007,5.578547
6/15/2007,5.630459
6/18/2007,5.662405
6/19/2007,5.630459
6/20/2007,5.490656
6/21/2007,5.47073
6/22/2007,5.45875
6/25/2007,5.346859
6/26/2007,5.271068
6/27/2007,5.358919
6/28/2007,5.366866
6/29/2007,5.490696
7/2/2007,5.430797
7/3/2007,5.390865
7/4/2007,5.502596
7/5/2007,5.526635
7/6/2007,5.572557
7/10/2007,5.532625
7/11/2007,5.574154
7/12/2007,5.572517
7/13/2007,5.574474
7/16/2007,5.550554
7/17/2007,5.550594
7/18/2007,5.550554
7/19/2007,5.57056
7/20/2007,5.574514
7/23/2007,5.638445
7/24/2007,5.57056
7/25/2007,5.570161
7/26/2007,5.390865
7/27/2007,5.370899
7/30/2007,5.366107
7/31/2007,5.271068
8/1/2007,5.227302
8/2/2007,5.211169
8/3/2007,5.103352
8/6/2007,5.159657
8/7/2007,5.167244
8/8/2007,5.330567
8/9/2007,5.155264
8/10/2007,5.274662
8/13/2007,5.276259
8/14/2007,5.218357
8/15/2007,4.941626
8/16/2007,4.592218
8/17/2007,4.592218
8/20/2007,4.771514
8/21/2007,4.831812
8/22/2007,5.031075
8/23/2007,4.991542
8/24/2007,5.171237
8/27/2007,5.163251
8/28/2007,5.031474
8/29/2007,5.150872
8/30/2007,5.231136
8/31/2007,5.390865
9/3/2007,5.423609
9/4/2007,5.390466
9/5/2007,5.310202
9/6/2007,5.350933
9/10/2007,5.110939
9/11/2007,5.171237
9/12/2007,5.251102
9/13/2007,5.231136
9/14/2007,5.150472
9/17/2007,5.130905
9/18/2007,5.091372
9/19/2007,5.182817
9/20/2007,5.230736
9/21/2007,5.231136
9/24/2007,5.150872
9/25/2007,5.102953
9/26/2007,5.059427
9/27/2007,5.190405
9/28/2007,5.231136
10/1/2007,5.450763
10/2/2007,5.528232
10/3/2007,5.546202
10/4/2007,5.509464
10/5/2007,5.638445
10/8/2007,5.630459
10/9/2007,5.666398
10/10/2007,5.602107
10/11/2007,5.670391
10/15/2007,5.550594
10/16/2007,5.410432
10/17/2007,5.63006
10/18/2007,5.650425
10/19/2007,5.530628
10/22/2007,5.530628
10/23/2007,5.526635
10/24/2007,5.530628
10/25/2007,5.438784
10/26/2007,5.47033
10/29/2007,5.510662
10/30/2007,5.581741
10/31/2007,5.670391
11/1/2007,5.693951
11/5/2007,5.590127
11/6/2007,5.550195
11/7/2007,5.450763
11/8/2007,5.211169
11/9/2007,5.189606
11/12/2007,5.115332
11/13/2007,5.130905
11/14/2007,5.266675
11/16/2007,5.211169
11/19/2007,5.078993
11/21/2007,4.879731
11/22/2007,4.950811
11/23/2007,4.929646
11/26/2007,4.890912
11/27/2007,4.891711
11/28/2007,5.019494
11/29/2007,5.106946
11/30/2007,5.171237
12/3/2007,5.270669
12/4/2007,5.131305
12/5/2007,5.167244
12/6/2007,5.189207
12/7/2007,5.151271
12/10/2007,5.207176
12/11/2007,5.190804
12/12/2007,5.110939
12/13/2007,5.031474
12/14/2007,5.023487
12/17/2007,4.93324
12/18/2007,4.911677
12/19/2007,4.890513
12/20/2007,4.93963
12/21/2007,4.911677
12/26/2007,4.979163
12/27/2007,4.947217
12/28/2007,4.991542
1/2/2008,4.911677
1/3/2008,4.929646
1/4/2008,4.866953
1/7/2008,4.751948
1/8/2008,4.82742
1/9/2008,4.751548
1/10/2008,4.943623
1/11/2008,4.891311
1/14/2008,4.799866
1/15/2008,4.727988
1/16/2008,4.672083
1/17/2008,4.512354
1/18/2008,4.581836
1/21/2008,4.398546
1/22/2008,4.50836
1/23/2008,4.256787
1/24/2008,4.552286
1/28/2008,4.672083
1/29/2008,4.591819
1/30/2008,4.512354
1/31/2008,4.592218
2/1/2008,4.771914
2/6/2008,4.631352
2/7/2008,4.901295
2/8/2008,4.871745
2/11/2008,4.991542
2/12/2008,4.990743
2/13/2008,5.071406
2/14/2008,4.871745
2/15/2008,4.827819
2/18/2008,4.955602
2/19/2008,4.951609
2/20/2008,4.967582
2/21/2008,4.987548
2/22/2008,5.031474
2/25/2008,5.031075
2/26/2008,5.123318
2/27/2008,5.191203
2/28/2008,5.311
2/29/2008,5.111339
3/3/2008,5.191203
3/4/2008,5.191203
3/5/2008,5.191203
3/6/2008,4.871745
3/7/2008,4.771914
3/10/2008,4.751948
3/11/2008,4.79188
3/12/2008,4.712015
3/13/2008,4.79188
3/14/2008,4.90369
3/17/2008,4.811846
3/18/2008,4.7799
3/19/2008,4.632151
3/20/2008,4.672083
3/24/2008,4.811846
3/25/2008,4.831812
3/26/2008,4.811447
3/27/2008,4.636144
3/28/2008,4.631751
3/31/2008,4.651717
4/1/2008,4.763927
4/2/2008,4.725992
4/3/2008,4.79188
4/4/2008,4.751948
4/7/2008,4.65611
4/8/2008,4.669687
4/9/2008,4.620171
4/10/2008,4.69764
4/11/2008,4.530323
4/14/2008,4.529525
4/15/2008,4.472421
4/16/2008,4.568259
4/17/2008,4.436881
4/18/2008,4.492387
4/22/2008,4.340645
4/23/2008,4.312692
4/24/2008,4.344638
4/25/2008,4.432489
4/28/2008,4.432489
4/29/2008,4.27236
4/30/2008,4.432489
5/2/2008,4.552286
5/5/2008,4.631751
5/6/2008,4.53232
5/7/2008,4.524333
5/8/2008,4.468428
5/9/2008,4.344638
5/12/2008,4.452455
5/13/2008,4.496381
5/14/2008,4.492387
5/15/2008,4.544299
5/16/2008,4.512354
5/19/2008,4.472421
5/20/2008,4.463636
5/21/2008,4.392557
5/23/2008,4.432489
5/26/2008,4.464035
5/27/2008,4.382574
5/28/2008,4.299115
5/29/2008,4.216854
5/30/2008,4.188902
6/2/2008,4.11303
6/3/2008,4.053132
6/4/2008,4.033964
6/5/2008,4.139785
6/6/2008,4.072699
6/9/2008,4.068705
6/10/2008,4.029172
6/11/2008,4.008807
6/12/2008,4.232827
6/13/2008,4.152963
6/16/2008,4.172929
6/17/2008,4.090269
6/18/2008,4.001619
6/19/2008,4.041152
6/20/2008,3.992834
6/23/2008,3.955697
6/24/2008,3.951304
6/25/2008,3.915365
6/26/2008,3.868644
6/27/2008,3.802756
6/30/2008,3.849477
7/1/2008,3.713707
7/2/2008,3.59391
7/3/2008,3.494079
7/4/2008,3.453348
7/7/2008,3.44616
7/8/2008,3.462133
7/10/2008,3.441368
7/11/2008,3.453747
7/14/2008,3.55278
7/15/2008,3.520834
7/16/2008,3.468123
7/17/2008,3.314384
7/18/2008,3.246499
7/21/2008,3.274451
7/22/2008,3.214553
7/23/2008,3.274052
7/24/2008,3.234519
7/25/2008,3.21056
7/28/2008,3.169829
7/29/2008,3.234519
7/30/2008,3.314384
7/31/2008,3.314384
8/1/2008,3.294018
8/4/2008,3.302404
8/5/2008,3.468123
8/6/2008,3.547988
8/7/2008,3.545991
8/8/2008,3.553578
8/11/2008,3.532813
8/12/2008,3.474113
8/13/2008,3.453747
8/14/2008,3.474113
8/15/2008,3.483697
8/18/2008,3.434181
8/19/2008,3.429389
8/20/2008,3.454147
8/21/2008,3.47012
8/22/2008,3.513646
8/25/2008,3.492083
8/26/2008,3.442167
8/27/2008,3.430187
8/28/2008,3.518039
8/29/2008,3.514045
9/1/2008,3.506059
9/2/2008,3.490086
9/3/2008,3.511649
9/4/2008,3.429788
9/5/2008,3.468522
9/8/2008,3.494079
9/9/2008,3.517639
9/10/2008,3.633842
9/11/2008,3.713707
9/12/2008,3.701328
9/15/2008,3.673775
9/16/2008,3.534011
9/17/2008,3.488888
9/18/2008,3.553978
9/19/2008,3.753639
9/22/2008,3.673775
9/23/2008,3.613876
9/24/2008,3.59391
9/25/2008,3.633443
9/26/2008,3.633443
9/29/2008,3.414214
9/30/2008,3.662993
10/1/2008,3.633842
10/2/2008,3.514045
10/3/2008,3.474113
10/6/2008,3.514045
10/7/2008,3.530018
10/8/2008,3.338343
10/9/2008,3.194587
10/10/2008,3.194587
10/13/2008,3.274451
10/14/2008,3.394248
10/15/2008,3.154654
10/16/2008,3.194587
10/17/2008,3.426993
10/20/2008,3.553978
10/21/2008,3.573544
10/22/2008,3.109131
10/23/2008,3.114323
10/24/2008,3.030465
10/27/2008,2.875128
10/28/2008,3.176617
10/29/2008,3.138681
10/30/2008,3.110729
10/31/2008,3.190194
11/3/2008,3.154654
11/4/2008,3.141477
11/5/2008,3.150661
11/6/2008,3.274451
11/7/2008,3.433781
11/10/2008,3.418208
11/11/2008,3.367494
11/12/2008,3.214553
11/13/2008,3.593511
11/14/2008,3.454147
11/17/2008,3.442167
11/18/2008,3.426194
11/19/2008,3.270059
11/21/2008,3.401037
11/24/2008,3.354316
11/25/2008,3.222539
11/26/2008,3.134688
11/27/2008,3.194587
11/28/2008,3.224137
12/1/2008,3.114722
12/2/2008,3.154654
12/3/2008,3.23412
12/4/2008,3.183805
12/5/2008,3.130296
12/8/2008,3.294417
12/9/2008,3.274451
12/10/2008,3.374282
12/11/2008,3.413815
12/12/2008,3.514045
12/15/2008,3.425396
12/16/2008,3.59391
12/17/2008,3.477308
12/18/2008,3.533213
12/19/2008,3.423798
12/22/2008,3.410221
12/23/2008,3.314384
12/26/2008,3.251291
12/29/2008,3.274451
12/30/2008,3.385862
1/2/2009,3.553978
1/5/2009,3.434181
1/6/2009,3.39305
1/7/2009,3.378275
1/8/2009,3.410221
1/9/2009,3.410221
1/12/2009,3.354316
1/13/2009,3.393849
1/14/2009,3.359507
1/15/2009,3.394248
1/16/2009,3.294817
1/19/2009,3.234519
1/20/2009,3.154654
1/21/2009,3.190593
1/22/2009,3.206167
1/23/2009,3.194587
1/26/2009,3.154255
1/27/2009,3.161043
1/28/2009,3.16903
1/29/2009,3.154654
1/30/2009,3.214553
2/2/2009,3.163439
2/3/2009,3.309592
2/4/2009,3.306397
2/5/2009,3.314384
2/6/2009,3.39345
2/9/2009,3.361903
2/10/2009,3.390255
2/11/2009,3.426194
2/12/2009,3.430187
2/13/2009,3.394648
2/16/2009,3.409822
2/17/2009,3.267263
2/18/2009,3.402235
2/19/2009,3.374282
2/20/2009,3.386262
2/25/2009,3.394248
2/26/2009,3.379873
2/27/2009,3.353917
3/2/2009,3.054823
3/3/2009,3.026871
3/4/2009,3.084773
3/5/2009,3.194587
3/6/2009,3.242505
3/9/2009,3.237714
3/10/2009,3.32836
3/11/2009,3.33435
3/12/2009,3.352719
3/13/2009,3.434181
3/16/2009,3.354316
3/17/2009,3.36949
3/18/2009,3.450154
3/19/2009,3.456143
3/20/2009,3.454147
3/23/2009,3.613077
3/24/2009,3.549984
3/25/2009,3.553578
3/26/2009,3.585125
3/27/2009,3.665389
3/30/2009,3.571548
3/31/2009,3.70572
4/1/2009,3.737267
4/2/2009,3.785585
4/3/2009,3.801159
4/6/2009,3.909375
4/7/2009,3.789578
4/8/2009,3.606688
4/9/2009,3.773206
4/13/2009,3.813138
4/14/2009,3.793572
4/15/2009,3.783589
4/16/2009,3.817531
4/17/2009,3.843886
4/20/2009,3.757233
4/22/2009,3.85347
4/23/2009,3.896597
4/24/2009,3.893802
4/27/2009,3.833504
4/28/2009,3.913369
4/29/2009,3.952764
4/30/2009,3.953963
5/4/2009,4.05505
5/5/2009,4.043463
5/6/2009,3.995516
5/7/2009,4.055449
5/8/2009,4.155337
5/11/2009,4.089411
5/12/2009,3.995516
5/13/2009,3.955561
5/14/2009,3.955561
5/15/2009,3.97474
5/18/2009,4.095404
5/19/2009,4.143351
5/20/2009,4.21527
5/21/2009,4.235247
5/22/2009,4.235247
5/25/2009,4.223261
5/26/2009,4.274004
5/27/2009,4.307566
5/28/2009,4.355113
5/29/2009,4.319153
6/1/2009,4.413847
6/2/2009,4.323548
6/3/2009,4.259221
6/4/2009,4.262816
6/5/2009,4.267212
6/8/2009,4.228055
6/9/2009,4.187301
6/10/2009,4.235247
6/12/2009,4.275203
6/15/2009,4.194893
6/16/2009,4.151342
6/17/2009,4.234049
6/18/2009,4.255225
6/19/2009,4.283194
6/22/2009,4.115382
6/23/2009,4.13536
6/24/2009,4.155337
6/25/2009,4.275203
6/26/2009,4.275203
6/29/2009,4.174915
6/30/2009,4.231252
7/1/2009,4.199288
7/2/2009,4.213672
7/3/2009,4.235247
7/6/2009,4.29518
7/7/2009,4.271207
7/8/2009,4.275203
7/10/2009,4.276002
7/13/2009,4.29518
7/14/2009,4.235647
7/15/2009,4.387077
7/16/2009,4.389874
7/17/2009,4.401061
7/20/2009,4.465789
7/21/2009,4.405057
7/22/2009,4.293182
7/23/2009,4.435023
7/24/2009,4.354713
7/27/2009,4.31356
7/28/2009,4.263616
7/29/2009,4.262816
7/30/2009,4.314758
7/31/2009,4.29518
8/3/2009,4.395068
8/4/2009,4.435023
8/5/2009,4.396267
8/6/2009,4.419041
8/7/2009,4.427032
8/10/2009,4.470983
8/11/2009,4.474978
8/12/2009,4.554889
8/13/2009,4.592846
8/14/2009,4.670359
8/17/2009,4.674754
8/18/2009,4.634799
8/19/2009,4.65198
8/20/2009,4.674754
8/21/2009,4.788626
8/24/2009,4.774642
8/25/2009,4.79422
8/26/2009,4.79462
8/27/2009,4.79462
8/28/2009,4.87453
8/31/2009,4.827383
9/1/2009,4.787827
9/2/2009,4.716707
9/3/2009,4.750669
9/4/2009,4.712712
9/8/2009,4.774642
9/9/2009,4.796218
9/10/2009,4.779037
9/11/2009,4.754665
9/14/2009,4.818593
9/15/2009,4.87453
9/16/2009,4.913686
9/17/2009,4.908492
9/18/2009,4.925273
9/21/2009,4.927271
9/22/2009,4.942054
9/23/2009,4.944851
9/24/2009,4.950445
9/25/2009,4.9013
9/28/2009,4.974418
9/29/2009,4.998391
9/30/2009,5.054328
10/1/2009,5.176991
10/2/2009,5.140631
10/5/2009,5.2577
10/6/2009,5.415923
10/7/2009,5.353992
10/8/2009,5.393548
10/9/2009,5.45388
10/13/2009,5.485445
10/14/2009,5.529795
10/15/2009,5.549772
10/16/2009,5.573745
10/19/2009,5.663645
10/20/2009,5.615698
10/21/2009,5.545377
10/22/2009,5.589727
10/23/2009,5.557763
10/26/2009,5.553768
10/27/2009,5.434701
10/28/2009,5.274082
10/29/2009,5.576942
10/30/2009,5.357988
11/3/2009,5.37397
11/4/2009,5.45348
11/5/2009,5.573745
11/6/2009,5.554167
11/9/2009,5.63248
11/10/2009,5.713588
11/11/2009,5.913364
11/12/2009,5.598518
11/13/2009,5.611703
11/16/2009,5.841045
11/17/2009,5.834253
11/18/2009,5.838249
11/19/2009,5.753544
11/23/2009,5.729171
11/24/2009,5.745553
11/25/2009,5.733566
11/26/2009,5.652857
11/27/2009,5.713588
11/30/2009,5.713189
12/1/2009,5.753544
12/2/2009,5.753544
12/3/2009,5.662845
12/4/2009,5.513413
12/7/2009,5.713189
12/8/2009,5.673633
12/9/2009,5.677629
12/10/2009,5.594123
12/11/2009,5.632879
12/14/2009,5.680426
12/15/2009,5.733566
12/16/2009,5.733566
12/17/2009,5.753544
12/18/2009,5.761535
12/21/2009,5.773521
12/22/2009,5.912965
12/23/2009,5.80149
12/28/2009,5.833054
12/29/2009,5.993275
12/30/2009,5.893387
1/4/2010,6.11314
1/5/2010,6.1491
1/6/2010,6.211829
1/7/2010,6.240997
1/8/2010,6.22901
1/11/2010,6.153095
1/12/2010,6.19305
1/13/2010,6.272961
1/14/2010,6.36286
1/15/2010,6.352072
1/18/2010,6.352871
1/19/2010,6.362061
1/20/2010,6.221419
1/21/2010,6.270963
1/22/2010,6.352871
1/26/2010,6.240597
1/27/2010,6.174272
1/28/2010,6.183062
1/29/2010,5.993275
2/1/2010,6.053207
2/2/2010,6.201042
2/3/2010,6.292938
2/4/2010,6.03323
2/5/2010,5.813476
2/8/2010,5.753544
2/9/2010,5.736363
2/10/2010,5.773921
2/11/2010,5.913364
2/12/2010,5.879003
2/17/2010,6.165082
2/18/2010,6.123528
2/19/2010,6.145903
2/22/2010,6.118334
2/23/2010,5.953319
2/24/2010,5.945328
2/25/2010,6.011654
2/26/2010,5.958514
3/1/2010,6.029234
3/2/2010,5.993275
3/3/2010,6.013252
3/4/2010,5.95292
3/5/2010,5.869414
3/8/2010,5.901378
3/9/2010,5.845041
3/10/2010,5.892588
3/11/2010,5.913364
3/12/2010,5.873409
3/15/2010,5.861423
3/16/2010,5.878603
3/17/2010,5.893387
3/18/2010,5.905373
3/19/2010,5.673633
3/22/2010,5.693611
3/23/2010,5.665642
3/24/2010,5.62289
3/25/2010,5.692812
3/26/2010,5.672834
3/29/2010,5.628884
3/30/2010,5.682423
3/31/2010,5.515011
4/1/2010,5.523402
4/5/2010,5.630881
4/6/2010,5.592125
4/7/2010,5.64127
4/8/2010,5.641669
4/9/2010,5.653656
4/12/2010,5.693611
4/13/2010,5.753544
4/14/2010,5.80149
4/15/2010,5.902576
4/16/2010,5.832255
4/19/2010,5.793499
4/20/2010,5.793499
4/22/2010,5.873409
4/23/2010,5.985284
4/26/2010,6.087169
4/27/2010,5.813476
4/28/2010,5.709593
4/29/2010,5.831456
4/30/2010,5.878204
5/3/2010,5.837849
5/4/2010,5.833454
5/5/2010,5.873409
5/6/2010,5.897382
5/7/2010,5.953319
5/10/2010,5.977293
5/11/2010,5.993275
5/12/2010,6.028835
5/13/2010,5.993275
5/14/2010,5.953319
5/17/2010,6.03323
5/18/2010,5.953319
5/19/2010,5.913364
5/20/2010,5.769925
5/21/2010,5.745553
5/24/2010,5.909369
5/25/2010,5.869414
5/26/2010,5.593723
5/27/2010,5.921355
5/28/2010,5.949324
5/31/2010,5.885396
6/1/2010,5.933342
6/2/2010,6.093163
6/4/2010,6.152696
6/7/2010,6.203039
6/8/2010,6.153095
6/9/2010,6.213827
6/10/2010,6.237001
6/11/2010,6.205836
6/14/2010,6.233405
6/15/2010,6.348876
6/16/2010,6.392826
6/17/2010,6.431583
6/18/2010,6.386433
6/21/2010,6.452759
6/22/2010,6.566631
6/23/2010,6.477931
6/24/2010,6.352871
6/25/2010,6.393226
6/28/2010,6.587008
6/29/2010,6.361661
6/30/2010,6.233006
7/1/2010,6.143107
7/2/2010,6.185059
7/5/2010,6.11314
7/6/2010,6.258976
7/7/2010,6.30013
7/8/2010,6.396822
7/12/2010,6.337289
7/13/2010,6.354869
7/14/2010,6.376445
7/15/2010,6.392427
7/16/2010,6.433581
7/19/2010,6.535466
7/20/2010,6.54066
7/21/2010,6.472737
7/22/2010,6.61258
7/23/2010,6.512692
7/26/2010,6.473136
7/27/2010,6.500705
7/28/2010,6.521482
7/29/2010,6.513091
7/30/2010,6.521881
8/2/2010,6.55904
8/3/2010,6.512692
8/4/2010,6.486721
8/5/2010,6.433181
8/6/2010,6.38963
8/9/2010,6.377244
8/10/2010,6.346878
8/11/2010,6.276956
8/12/2010,6.317311
8/13/2010,6.272961
8/16/2010,6.414802
8/17/2010,6.548252
8/18/2010,6.552647
8/19/2010,6.608584
8/20/2010,6.608185
8/23/2010,6.518685
8/24/2010,6.472737
8/25/2010,6.39802
8/26/2010,6.392826
8/27/2010,6.512692
8/30/2010,6.49631
8/31/2010,6.672512
9/1/2010,6.712468
9/2/2010,6.593002
9/3/2010,6.632557
9/6/2010,6.565832
9/8/2010,6.712867
9/9/2010,6.712068
9/10/2010,6.628961
9/13/2010,6.791978
9/14/2010,6.872288
9/15/2010,7.043696
9/16/2010,7.04889
9/17/2010,6.962187
9/20/2010,7.0401
9/21/2010,6.872288
9/22/2010,6.967781
9/23/2010,6.997747
9/24/2010,6.921034
9/27/2010,7.005339
9/28/2010,7.048091
9/29/2010,7.104028
9/30/2010,6.912243
10/1/2010,7.19193
10/4/2010,7.225092
10/5/2010,7.36973
10/6/2010,7.35175
10/7/2010,7.401295
10/8/2010,7.562314
10/11/2010,7.527553
10/13/2010,7.765286
10/14/2010,7.791257
10/15/2010,7.811235
10/18/2010,7.887949
10/19/2010,7.790857
10/20/2010,7.830813
10/21/2010,7.910723
10/22/2010,8.150454
10/25/2010,7.992631
10/26/2010,7.785663
10/27/2010,7.591481
10/28/2010,7.591481
10/29/2010,7.720536
11/1/2010,7.899935
11/3/2010,7.771279
11/4/2010,7.835208
11/5/2010,7.887949
11/8/2010,7.971055
11/9/2010,7.78846
11/10/2010,7.698561
11/11/2010,7.679383
11/12/2010,7.691369
11/16/2010,7.708949
11/17/2010,7.927105
11/18/2010,8.150454
11/19/2010,8.260331
11/22/2010,8.382593
11/23/2010,8.190409
11/24/2010,8.204793
11/25/2010,8.230364
11/26/2010,8.190809
11/29/2010,8.000622
11/30/2010,7.951078
12/1/2010,7.911123
12/2/2010,7.955073
12/3/2010,8.090921
12/6/2010,8.102907
12/7/2010,7.991033
12/8/2010,8.066548
12/9/2010,7.991033
12/10/2010,8.10051
12/13/2010,8.110499
12/14/2010,8.106903
12/15/2010,8.230364
12/16/2010,8.270719
12/17/2010,8.270319
12/20/2010,8.354625
12/21/2010,8.520439
12/22/2010,8.554401
12/23/2010,8.658284
12/27/2010,8.588363
12/28/2010,8.59036
12/29/2010,8.636309
12/30/2010,8.670271
1/3/2011,8.690248
1/4/2011,8.692246
1/5/2011,8.530428
1/6/2011,8.450517
1/7/2011,8.416555
1/10/2011,8.388587
1/11/2011,8.404569
1/12/2011,8.140865
1/13/2011,8.070943
1/14/2011,7.933098
1/17/2011,8.120887
1/18/2011,7.789259
1/19/2011,7.841201
1/20/2011,7.785264
1/21/2011,7.593479
1/24/2011,7.727329
1/26/2011,7.871167
1/27/2011,7.831212
1/28/2011,7.575499
1/31/2011,7.585488
2/1/2011,7.531548
2/2/2011,7.52156
2/3/2011,7.411683
2/4/2011,7.337766
2/7/2011,7.411683
2/8/2011,7.505578
2/9/2011,7.319786
2/10/2011,7.128001
2/11/2011,7.437654
2/14/2011,7.471616
2/15/2011,7.515566
2/16/2011,7.709349
2/17/2011,7.769282
2/18/2011,7.857183
2/21/2011,7.789259
2/22/2011,7.531548
2/23/2011,7.391705
2/24/2011,7.411683
2/25/2011,7.291817
2/28/2011,7.481605
3/1/2011,7.61945
3/2/2011,7.887149
3/3/2011,7.805241
3/4/2011,7.491593
3/9/2011,7.491593
3/10/2011,7.491593
3/11/2011,7.591481
3/14/2011,7.541537
3/15/2011,7.531548
3/16/2011,7.411683
3/17/2011,7.35175
3/18/2011,7.451638
3/21/2011,7.473613
3/22/2011,7.571504
3/23/2011,7.711347
3/24/2011,7.709349
3/25/2011,7.631436
3/28/2011,7.511571
3/29/2011,7.551526
3/30/2011,7.669394
3/31/2011,7.751302
4/1/2011,7.991033
4/4/2011,7.873165
4/5/2011,7.881156
4/6/2011,7.849192
4/7/2011,7.771279
4/8/2011,7.711347
4/11/2011,7.771279
4/12/2011,7.691369
4/13/2011,7.691369
4/14/2011,7.861179
4/15/2011,7.941089
4/18/2011,7.959069
4/19/2011,8.090921
4/20/2011,8.110898
4/25/2011,8.170831
4/26/2011,8.354625
4/27/2011,8.310674
4/28/2011,8.330652
4/29/2011,8.426544
5/2/2011,8.552042
5/3/2011,8.434124
5/4/2011,8.350182
5/5/2011,8.623991
5/6/2011,8.813859
5/9/2011,8.617996
5/10/2011,8.552042
5/11/2011,8.512069
5/12/2011,8.486087
5/13/2011,8.378163
5/16/2011,8.394152
5/17/2011,8.462104
5/18/2011,8.358177
5/19/2011,8.354179
5/20/2011,8.264242
5/23/2011,8.274235
5/24/2011,8.254249
5/25/2011,8.192292
5/26/2011,8.192292
5/27/2011,8.232264
5/30/2011,8.194291
5/31/2011,8.218274
6/1/2011,8.064381
6/2/2011,8.174305
6/3/2011,8.316206
6/6/2011,8.254249
6/7/2011,8.3242
6/8/2011,8.294221
6/9/2011,8.392153
6/10/2011,8.266241
6/13/2011,8.186296
6/14/2011,8.356178
6/15/2011,8.314207
6/16/2011,8.074374
6/17/2011,8.194291
6/20/2011,8.292223
6/21/2011,8.464103
6/22/2011,8.374165
6/24/2011,8.394152
6/27/2011,8.424131
6/28/2011,8.564033
6/29/2011,8.653971
6/30/2011,8.594012
7/1/2011,8.594012
7/4/2011,8.62599
7/5/2011,8.693943
7/6/2011,8.733915
7/7/2011,8.663964
7/8/2011,8.508072
7/11/2011,8.374165
7/12/2011,8.192292
7/13/2011,8.214277
7/14/2011,8.194291
7/15/2011,8.09436
7/18/2011,8.194291
7/19/2011,8.194291
7/20/2011,8.144326
7/21/2011,8.12434
7/22/2011,8.134333
7/25/2011,7.99443
7/26/2011,7.746603
7/27/2011,7.66466
7/28/2011,7.810558
7/29/2011,7.676651
8/1/2011,7.554736
8/2/2011,7.688643
8/3/2011,7.614695
8/4/2011,7.432821
8/5/2011,7.554736
8/8/2011,7.388852
8/9/2011,7.454806
8/10/2011,7.464799
8/11/2011,7.854528
8/12/2011,7.974444
8/15/2011,8.278232
8/16/2011,8.354179
8/17/2011,8.354179
8/18/2011,8.314207
8/19/2011,8.394152
8/22/2011,8.442118
8/23/2011,8.592014
8/24/2011,8.673957
8/25/2011,8.635983
8/26/2011,8.472097
8/29/2011,8.673957
8/30/2011,8.795872
8/31/2011,9.093664
9/1/2011,9.119646
9/2/2011,8.993734
9/5/2011,8.793873
9/6/2011,8.791874
9/8/2011,8.793873
9/9/2011,8.793873
9/12/2011,8.851833
9/13/2011,8.893803
9/14/2011,8.983741
9/15/2011,9.003727
9/16/2011,9.153622
9/19/2011,9.213581
9/20/2011,9.253553
9/21/2011,9.235565
9/22/2011,9.003727
9/23/2011,9.053692
9/26/2011,8.993734
9/27/2011,8.931777
9/28/2011,9.073678
9/29/2011,9.093664
9/30/2011,9.191596
10/3/2011,8.983741
10/4/2011,8.893803
10/5/2011,9.065684
10/6/2011,9.01372
10/7/2011,9.0417
10/10/2011,9.139632
10/11/2011,9.173608
10/13/2011,9.183602
10/14/2011,9.133636
10/17/2011,9.11365
10/18/2011,9.387459
10/19/2011,9.4734
10/20/2011,9.433427
10/21/2011,9.433427
10/24/2011,9.423434
10/25/2011,9.393455
10/26/2011,9.395454
10/27/2011,9.273539
10/28/2011,9.253553
10/31/2011,9.265544
11/1/2011,9.395454
11/3/2011,9.393455
11/4/2011,9.371471
11/7/2011,9.371471
11/8/2011,9.273539
11/9/2011,9.393455
11/10/2011,9.361478
11/11/2011,9.463407
11/14/2011,9.403448
11/16/2011,9.563337
11/17/2011,9.433427
11/18/2011,9.413441
11/21/2011,9.393455
11/22/2011,9.393455
11/23/2011,9.593316
11/24/2011,9.593316
11/25/2011,9.503379
11/28/2011,9.543351
11/29/2011,9.663267
11/30/2011,9.913093
12/1/2011,10.02302
12/2/2011,9.993038
12/5/2011,9.957063
12/6/2011,10.17091
12/7/2011,10.3328
12/8/2011,10.3328
12/9/2011,10.37477
12/12/2011,10.35279
12/13/2011,10.49269
12/14/2011,10.49269
12/15/2011,10.65258
12/16/2011,10.61261
12/19/2011,10.71453
12/20/2011,10.79248
12/21/2011,10.70054
12/22/2011,10.65258
12/23/2011,10.79048
12/26/2011,10.71254
12/27/2011,10.81247
12/28/2011,10.78648
12/29/2011,10.9124
1/2/2012,10.87242
1/3/2012,10.74851
1/4/2012,10.49869
1/5/2012,10.29083
1/6/2012,10.26485
1/9/2012,10.24486
1/10/2012,10.1929
1/11/2012,10.1929
1/12/2012,10.23887
1/13/2012,10.25286
1/16/2012,10.37477
1/17/2012,10.44272
1/18/2012,10.55265
1/19/2012,10.50268
1/20/2012,10.53266
1/23/2012,10.39076
1/24/2012,10.52866
1/26/2012,10.49269
1/27/2012,10.34279
1/30/2012,10.35079
1/31/2012,10.39276
2/1/2012,10.53266
2/2/2012,10.55265
2/3/2012,10.71254
2/6/2012,10.53866
2/7/2012,10.43273
2/8/2012,10.38676
2/9/2012,10.4707
2/10/2012,10.42274
2/13/2012,10.60261
2/14/2012,10.6226
2/15/2012,10.65258
2/16/2012,10.87043
2/17/2012,11.14224
2/22/2012,10.99234
2/23/2012,11.01233
2/24/2012,11.29413
2/27/2012,11.39206
2/28/2012,11.47401
2/29/2012,11.61591
3/1/2012,11.45202
3/2/2012,11.64589
3/5/2012,11.54196
3/6/2012,11.53197
3/7/2012,11.84175
3/8/2012,12.01363
3/9/2012,12.39137
3/12/2012,12.4913
3/13/2012,12.69715
3/14/2012,12.6312
3/15/2012,12.50928
3/16/2012,12.35539
3/19/2012,12.59123
3/20/2012,12.6312
3/21/2012,12.67117
3/22/2012,12.79109
3/23/2012,12.79109
3/26/2012,13.37068
3/27/2012,13.12885
3/28/2012,12.59123
3/29/2012,12.65119
3/30/2012,12.58523
4/2/2012,12.84105
4/3/2012,12.73513
4/4/2012,12.59123
4/5/2012,12.51328
4/9/2012,12.50129
4/10/2012,12.64119
4/11/2012,12.923
4/12/2012,12.99095
4/13/2012,13.04091
4/16/2012,13.03892
4/17/2012,13.19081
4/18/2012,13.62451
4/19/2012,13.58853
4/20/2012,13.78639
4/23/2012,13.59053
4/24/2012,13.51059
4/25/2012,13.62651
4/26/2012,13.59853
4/27/2012,13.61851
4/30/2012,13.48058
5/2/2012,13.3366
5/3/2012,13.43459
5/4/2012,12.99863
5/7/2012,13.3066
5/8/2012,13.3166
5/9/2012,13.10662
5/10/2012,12.99063
5/11/2012,12.93864
5/14/2012,12.83665
5/15/2012,12.82465
5/16/2012,12.82665
5/17/2012,12.79866
5/18/2012,12.74666
5/21/2012,12.70666
5/22/2012,12.77866
5/23/2012,12.42269
5/24/2012,12.31871
5/25/2012,12.28871
5/28/2012,12.3787
5/29/2012,12.30071
5/30/2012,12.3987
5/31/2012,12.51668
6/1/2012,11.95274
6/4/2012,11.87475
6/5/2012,11.75876
6/6/2012,12.17872
6/8/2012,12.09673
6/11/2012,11.88875
6/12/2012,12.04073
6/13/2012,11.97874
6/14/2012,12.01674
6/15/2012,12.07073
6/18/2012,12.4107
6/19/2012,12.77466
6/20/2012,12.79866
6/21/2012,12.57868
6/22/2012,12.3687
6/25/2012,12.3987
6/26/2012,12.43269
6/27/2012,12.23871
6/28/2012,12.3487
6/29/2012,12.63067
7/2/2012,12.3387
7/3/2012,12.55868
7/4/2012,12.71466
7/5/2012,12.59868
7/6/2012,12.44869
7/10/2012,12.22871
7/11/2012,12.26871
7/12/2012,12.13073
7/13/2012,12.17672
7/16/2012,12.11873
7/17/2012,12.10873
7/18/2012,12.19872
7/19/2012,12.21672
7/20/2012,12.14672
7/23/2012,12.19872
7/24/2012,12.04473
7/25/2012,12.05873
7/26/2012,12.42869
7/27/2012,12.85665
7/30/2012,12.97864
7/31/2012,12.85865
8/1/2012,12.85465
8/2/2012,12.57068
8/3/2012,12.66467
8/6/2012,12.85865
8/7/2012,12.70466
8/8/2012,12.69867
8/9/2012,12.65467
8/10/2012,12.51069
8/13/2012,12.53668
8/14/2012,12.63067
8/15/2012,12.57468
8/16/2012,12.59668
8/17/2012,12.3807
8/20/2012,12.3927
8/21/2012,12.08073
8/22/2012,12.3367
8/23/2012,12.4007
8/24/2012,12.45869
8/27/2012,12.41869
8/28/2012,12.31871
8/29/2012,12.3507
8/30/2012,12.27871
8/31/2012,12.75266
9/3/2012,12.73466
9/4/2012,12.59268
9/5/2012,12.59468
9/6/2012,12.78666
9/10/2012,12.59868
9/11/2012,12.62667
9/12/2012,12.49869
9/13/2012,12.79066
9/14/2012,12.72866
9/17/2012,12.72866
9/18/2012,12.51868
9/19/2012,12.46469
9/20/2012,12.61867
9/21/2012,12.84265
9/24/2012,12.85865
9/25/2012,12.79066
9/26/2012,12.76866
9/27/2012,12.77866
9/28/2012,12.85665
10/1/2012,12.98064
10/2/2012,13.2866
10/3/2012,13.19661
10/4/2012,13.3566
10/5/2012,13.45059
10/8/2012,13.80055
10/9/2012,13.37459
10/10/2012,13.43859
10/11/2012,13.48258
10/15/2012,13.79055
10/16/2012,13.79655
10/17/2012,13.86854
10/18/2012,14.06452
10/19/2012,13.81455
10/22/2012,13.78655
10/23/2012,13.67856
10/24/2012,13.59457
10/25/2012,13.64057
10/26/2012,13.70056
10/29/2012,13.87254
10/30/2012,13.75855
10/31/2012,13.65856
11/1/2012,13.79655
11/5/2012,13.84854
11/6/2012,13.83655
11/7/2012,13.81455
11/8/2012,13.70856
11/9/2012,13.43259
11/12/2012,13.48258
11/13/2012,13.61857
11/14/2012,13.63657
11/16/2012,14.53847
11/19/2012,14.78045
11/21/2012,14.99842
11/22/2012,14.97243
11/23/2012,15.11841
11/26/2012,15.08841
11/27/2012,15.04442
11/28/2012,14.99242
11/29/2012,14.79645
11/30/2012,15.53837
12/3/2012,15.86833
12/4/2012,15.51837
12/5/2012,15.59836
12/6/2012,15.59436
12/7/2012,15.31839
12/10/2012,17.04821
12/11/2012,17.31618
12/12/2012,17.35818
12/13/2012,17.41817
12/14/2012,17.21819
12/17/2012,17.19619
12/18/2012,17.31818
12/19/2012,17.43817
12/20/2012,16.92622
12/21/2012,16.99421
12/26/2012,16.76824
12/27/2012,16.77824
12/28/2012,16.73824
1/2/2013,16.80623
1/3/2013,17.1042
1/4/2013,16.79823
1/7/2013,17.01621
1/8/2013,16.99621
1/9/2013,17.25819
1/10/2013,17.22219
1/11/2013,17.01821
1/14/2013,16.97822
1/15/2013,17.1522
1/16/2013,17.57615
1/17/2013,17.74813
1/18/2013,17.93811
1/21/2013,17.89812
1/22/2013,17.96611
1/23/2013,17.99811
1/24/2013,18.22408
1/28/2013,17.69814
1/29/2013,17.91212
1/30/2013,18.0981
1/31/2013,18.00411
2/1/2013,17.90812
2/4/2013,18.13609
2/5/2013,18.02432
2/6/2013,18.01432
2/7/2013,17.77834
2/8/2013,18.15831
2/13/2013,18.02832
2/14/2013,17.99832
2/15/2013,17.87233
2/18/2013,17.90433
2/19/2013,17.97832
2/20/2013,18.09831
2/21/2013,17.73635
2/22/2013,17.99632
2/25/2013,17.37238
2/26/2013,17.53836
2/27/2013,17.08641
2/28/2013,17.45637
3/1/2013,17.49837
3/4/2013,17.36038
3/5/2013,17.33038
3/6/2013,17.79834
3/7/2013,17.52837
3/8/2013,17.59836
3/11/2013,17.50837
3/12/2013,17.26839
3/13/2013,17.10441
3/14/2013,17.23839
3/15/2013,16.83843
3/18/2013,16.93842
3/19/2013,16.77444
3/20/2013,16.89842
3/21/2013,16.80043
3/22/2013,16.69844
3/25/2013,16.30248
3/26/2013,16.35048
3/27/2013,16.38247
3/28/2013,16.53446
4/1/2013,16.52846
4/2/2013,16.40647
4/3/2013,15.96051
4/4/2013,16.0605
4/5/2013,16.0765
4/8/2013,16.01051
4/9/2013,16.0685
4/10/2013,16.1265
4/11/2013,15.83652
4/12/2013,15.65854
4/15/2013,15.21658
4/16/2013,15.54655
4/17/2013,15.54055
4/18/2013,15.61854
4/19/2013,15.76853
4/22/2013,15.70654
4/23/2013,16.03051
4/24/2013,15.62454
4/25/2013,15.54455
4/26/2013,15.30857
4/29/2013,15.37857
4/30/2013,16.35847
5/2/2013,15.99051
5/3/2013,16.35847
5/6/2013,16.32048
5/7/2013,16.35847
5/8/2013,16.30848
5/9/2013,16.80643
5/10/2013,16.84643
5/13/2013,16.94442
5/14/2013,17.21839
5/15/2013,17.29839
5/16/2013,17.1224
5/17/2013,17.30439
5/20/2013,17.1784
5/21/2013,17.09641
5/22/2013,16.95642
5/23/2013,16.86443
5/24/2013,16.76844
5/27/2013,16.75244
5/28/2013,16.97842
5/29/2013,16.62445
5/31/2013,16.40847
6/3/2013,16.03451
6/4/2013,15.90852
6/5/2013,15.71054
6/6/2013,15.80253
6/7/2013,15.59855
6/10/2013,15.61454
6/11/2013,15.22858
6/12/2013,15.24058
6/13/2013,15.13659
6/14/2013,15.33857
6/17/2013,15.60854
6/18/2013,15.52855
6/19/2013,15.43856
6/20/2013,15.24858
6/21/2013,15.56055
6/24/2013,15.20058
6/25/2013,15.23658
6/26/2013,15.63854
6/27/2013,15.85852
6/28/2013,16.51446
7/1/2013,16.55246
7/2/2013,16.23849
7/3/2013,16.0685
7/4/2013,16.0385
7/5/2013,16.29448
7/8/2013,16.22049
7/10/2013,16.35847
7/11/2013,16.34848
7/12/2013,16.39247
7/15/2013,16.60045
7/16/2013,16.36047
7/17/2013,16.22249
7/18/2013,16.0385
7/19/2013,16.01451
7/22/2013,16.23849
7/23/2013,16.35648
7/24/2013,16.19849
7/25/2013,16.20649
7/26/2013,16.27848
7/29/2013,16.22449
7/30/2013,16.41247
7/31/2013,17.1964
8/1/2013,17.57836
8/2/2013,17.40038
8/5/2013,17.27839
8/6/2013,17.1184
8/7/2013,17.03041
8/8/2013,17.1984
8/9/2013,17.03441
8/12/2013,16.96842
8/13/2013,17.23639
8/14/2013,17.1384
8/15/2013,17.32838
8/16/2013,17.43837
8/19/2013,17.36838
8/20/2013,16.59845
8/21/2013,16.46846
8/22/2013,16.59845
8/23/2013,16.45247
8/26/2013,16.23449
8/27/2013,16.19849
8/28/2013,16.0685
8/29/2013,16.54846
8/30/2013,16.73444
9/2/2013,16.69844
9/3/2013,16.23849
9/4/2013,16.23849
9/5/2013,16.39847
9/6/2013,16.36647
9/9/2013,16.54646
9/10/2013,16.84843
9/11/2013,17.01641
9/12/2013,16.88843
9/13/2013,16.89642
9/16/2013,16.96442
9/17/2013,16.99442
9/18/2013,17.09041
9/19/2013,17.42238
9/20/2013,17.34038
9/23/2013,17.32638
9/24/2013,17.24239
9/25/2013,17.21839
9/26/2013,17.55036
9/27/2013,17.50837
9/30/2013,16.93442
10/1/2013,17.06241
10/2/2013,16.96242
10/3/2013,16.92242
10/4/2013,17.09641
10/7/2013,16.95842
10/8/2013,16.71844
10/9/2013,16.69044
10/10/2013,16.86843
10/11/2013,16.93842
10/14/2013,17.05641
10/15/2013,17.08641
10/16/2013,16.93842
10/17/2013,17.1964
10/18/2013,17.27839
10/21/2013,17.25239
10/22/2013,17.35838
10/23/2013,16.89842
10/24/2013,16.99842
10/25/2013,17.10041
10/28/2013,17.1244
10/29/2013,16.97842
10/30/2013,16.82443
10/31/2013,16.68844
11/1/2013,16.87843
11/4/2013,16.69844
11/5/2013,16.47846
11/6/2013,16.75844
11/7/2013,16.99042
11/8/2013,17.39838
11/11/2013,17.39838
11/12/2013,17.05841
11/13/2013,17.02841
11/14/2013,17.46837
11/18/2013,17.64835
11/19/2013,17.36838
11/21/2013,17.26839
11/22/2013,17.45837
11/25/2013,17.38838
11/26/2013,17.59836
11/27/2013,17.56836
11/28/2013,17.45837
11/29/2013,17.55836
12/2/2013,17.50837
12/3/2013,17.1584
12/4/2013,16.59845
12/5/2013,16.84843
12/6/2013,16.73844
12/9/2013,16.98842
12/10/2013,16.79843
12/11/2013,16.86843
12/12/2013,16.59845
12/13/2013,16.40847
12/16/2013,16.50846
12/17/2013,16.49846
12/18/2013,16.69844
12/19/2013,17.02841
12/20/2013,16.94842
12/23/2013,17.06841
12/26/2013,16.93842
12/27/2013,17.09841
12/30/2013,17.31839
1/2/2014,17.38838
1/3/2014,16.89842
1/6/2014,16.79843
1/7/2014,17.32838
1/8/2014,17.49837
1/9/2014,17.08841
1/10/2014,17.1984
1/13/2014,17.03841
1/14/2014,17.24839
1/15/2014,16.99842
1/16/2014,16.77844
1/17/2014,16.63845
1/20/2014,16.69844
1/21/2014,16.89842
1/22/2014,17.1384
1/23/2014,16.54846
1/24/2014,16.42847
1/27/2014,16.0385
1/28/2014,16.0985
1/29/2014,16.0485
1/30/2014,15.86852
1/31/2014,16.0885
2/3/2014,15.49856
2/4/2014,15.56855
2/5/2014,15.43856
2/6/2014,16.16849
2/7/2014,16.38847
2/10/2014,16.1385
2/11/2014,16.59845
2/12/2014,16.14849
2/13/2014,16.32848
2/14/2014,16.67845
2/17/2014,16.55846
2/18/2014,16.14849
2/19/2014,16.33848
2/20/2014,16.52846
2/21/2014,16.57845
2/24/2014,16.59845
2/25/2014,16.59845
2/26/2014,16.77844
2/27/2014,16.88843
2/28/2014,16.87843
3/5/2014,16.79843
3/6/2014,16.86843
3/7/2014,16.75844
3/10/2014,16.68844
3/11/2014,16.69844
3/12/2014,16.71844
3/13/2014,16.59845
3/14/2014,16.35847
3/17/2014,16.66845
3/18/2014,16.78843
3/19/2014,16.76844
3/20/2014,16.75844
3/21/2014,16.65845
3/24/2014,16.75844
3/25/2014,16.73844
3/26/2014,16.64845
3/27/2014,17.04841
3/28/2014,16.94842
3/31/2014,16.94842
4/1/2014,17.09841
4/2/2014,17.29839
4/3/2014,17.1784
4/4/2014,16.89842
4/7/2014,16.89842
4/8/2014,16.81843
4/9/2014,16.79843
4/10/2014,16.97842
4/11/2014,17.39838
4/14/2014,17.36838
4/15/2014,17.33838
4/16/2014,17.48837
4/17/2014,17.38838
4/22/2014,17.83834
4/23/2014,17.62836
4/24/2014,17.39838
4/25/2014,17.26839
4/28/2014,17.23839
4/29/2014,17.16
4/30/2014,16.3
5/2/2014,16.01
5/5/2014,16.5
5/6/2014,16.65
5/7/2014,16.3
5/8/2014,16.3
5/9/2014,16.53
5/12/2014,16.68
5/13/2014,16.6
5/14/2014,16.7
5/15/2014,16.5
5/16/2014,16.55
5/19/2014,16.49
5/20/2014,16.3
5/21/2014,16.5
5/22/2014,16.71
5/23/2014,16.58
5/26/2014,16.65
5/27/2014,16.12
5/28/2014,16.15
5/29/2014,16.15
5/30/2014,15.86
6/2/2014,16.3
6/3/2014,16.35
6/4/2014,16.21
6/5/2014,16.08
6/6/2014,16.3
6/9/2014,16.4
6/10/2014,16.33
6/11/2014,16.08
6/13/2014,15.85
6/16/2014,15.65
6/17/2014,15.55
6/18/2014,15.96
6/20/2014,16
6/23/2014,15.65
6/24/2014,15.58
6/25/2014,15.51
6/26/2014,15.68
6/27/2014,15.54
6/30/2014,15.76
7/1/2014,16.03
7/2/2014,16
7/3/2014,16.3
7/4/2014,16.32
7/7/2014,16.09
7/8/2014,16.07
7/10/2014,15.67
7/11/2014,15.7
7/14/2014,15.6
7/15/2014,15.71
7/16/2014,16.02
7/17/2014,16.2
7/18/2014,16.63
7/21/2014,16.81
7/22/2014,16.67
7/23/2014,16.47
7/24/2014,16.72
7/25/2014,16.6
7/28/2014,16.46
7/29/2014,16.4
7/30/2014,16.4
7/31/2014,15.67
8/1/2014,15.66
8/4/2014,15.67
8/5/2014,15.33
8/6/2014,15.46
8/7/2014,15.55
8/8/2014,15.7
8/11/2014,15.87
8/12/2014,15.83
8/13/2014,15.69
8/14/2014,15.72
8/15/2014,15.9
8/18/2014,16.14
8/19/2014,16.3
8/20/2014,16.38
8/21/2014,16.31
8/22/2014,16.25
8/25/2014,16.62
8/26/2014,16.55
8/27/2014,16.55
8/28/2014,16.33
8/29/2014,16.3
9/1/2014,15.96
9/2/2014,15.97
9/3/2014,16.23
9/4/2014,16.35
9/5/2014,16
9/8/2014,15.76
9/9/2014,15.7
9/10/2014,15.93
9/11/2014,15.8
9/12/2014,15.47
9/15/2014,16.05
9/16/2014,16.23
9/17/2014,15.95
9/18/2014,16.18
9/19/2014,16.4
9/22/2014,16.44
9/23/2014,16.39
9/24/2014,16.5
9/25/2014,16.36
9/26/2014,16.41
9/29/2014,16.16
9/30/2014,16.04
10/1/2014,15.6
10/2/2014,15.97
10/3/2014,16.2
10/6/2014,16.62
10/7/2014,16.44
10/8/2014,16.14
10/9/2014,16.1
10/10/2014,15.71
10/13/2014,16.07
10/14/2014,16.13
10/15/2014,15.77
10/16/2014,15.55
10/17/2014,16.07
10/20/2014,15.91
10/21/2014,15.59
10/22/2014,15.53
10/23/2014,15.2
10/24/2014,15.71
10/27/2014,15.65
10/28/2014,15.62
10/29/2014,15.63
10/30/2014,15.71
10/31/2014,16.4
11/3/2014,16.2
11/4/2014,16.35
11/5/2014,16.35
11/6/2014,16.29
11/7/2014,16.44
11/10/2014,16.32
11/11/2014,16
11/12/2014,16.37
11/13/2014,16
11/14/2014,15.82
11/17/2014,15.87
11/18/2014,16.18
11/19/2014,16.54
11/21/2014,17.13
11/24/2014,16.87
11/25/2014,16.83
11/26/2014,16.64
11/27/2014,16.56
11/28/2014,16.85
12/1/2014,16.01
12/2/2014,15.7
12/3/2014,15.76
12/4/2014,15.71
12/5/2014,16
12/8/2014,15.75
12/9/2014,15.68
12/10/2014,15.8
12/11/2014,15.99
12/12/2014,15.5
12/15/2014,15.43
12/16/2014,15.45
12/17/2014,15.82
12/18/2014,15.82
12/19/2014,15.95
12/22/2014,16.35
12/23/2014,16.37
12/26/2014,16.22
12/29/2014,16.37
12/30/2014,16.35
1/2/2015,16.01
1/5/2015,15.66
1/6/2015,16.11
1/7/2015,16.51
1/8/2015,16.48
1/9/2015,16.47
1/12/2015,16.78
1/13/2015,16.72
1/14/2015,16.67
1/15/2015,16.68
1/16/2015,16.9
1/19/2015,16.64
1/20/2015,16.88
1/21/2015,17.1
1/22/2015,17.22
1/23/2015,17.1
1/26/2015,17.02
1/27/2015,16.95
1/28/2015,17.11
1/29/2015,17.67
1/30/2015,17.63
2/2/2015,17.39
2/3/2015,17.5
2/4/2015,17.33
2/5/2015,17.6
2/6/2015,17.85
2/9/2015,18.16
2/10/2015,17.98
2/11/2015,17.84
2/12/2015,18.1
2/13/2015,17.96
2/18/2015,18.25
2/19/2015,18.24
2/20/2015,18.2
2/23/2015,18.38
2/24/2015,18.54
2/25/2015,18.3
2/26/2015,18.3
2/27/2015,18.34
3/2/2015,18.08
3/3/2015,18.43
3/4/2015,18.23
3/5/2015,18.32
3/6/2015,18.22
3/9/2015,18.28
3/10/2015,17.7
3/11/2015,18.11
3/12/2015,18.06
3/13/2015,18.09
3/16/2015,18.03
3/17/2015,18.22
3/18/2015,18.46
3/19/2015,18.49
3/20/2015,18.64
3/23/2015,18.8
3/24/2015,18.53
3/25/2015,18.43
3/26/2015,18.1
3/27/2015,18.24
3/30/2015,18.64
3/31/2015,18.45
4/1/2015,18.88
4/2/2015,18.86
4/6/2015,19.23
4/7/2015,19.43
4/8/2015,19.45
4/9/2015,19.35
4/10/2015,19.5
4/13/2015,19.47
4/14/2015,19.1
4/15/2015,19.1
4/16/2015,19.1
4/17/2015,18.95
4/20/2015,18.9
4/22/2015,18.95
4/23/2015,18.88
4/24/2015,18.9
4/27/2015,18.8
4/28/2015,18.89
4/29/2015,18.83
4/30/2015,18.94
5/4/2015,19.35
5/5/2015,19.61
5/6/2015,19.7
5/7/2015,19.6
5/8/2015,19.85
5/11/2015,19.82
5/12/2015,19.54
5/13/2015,19.42
5/14/2015,19.44
5/15/2015,19.58
5/18/2015,19.36
5/19/2015,19.26
5/20/2015,18.71
5/21/2015,18.78
5/22/2015,18.78
5/25/2015,18.83
5/26/2015,18.54
5/27/2015,18.47
5/28/2015,18.48
5/29/2015,18.4
6/1/2015,18.53
6/2/2015,18.58
6/3/2015,18.4
6/5/2015,18.65
6/8/2015,18.53
6/9/2015,18.46
6/10/2015,18.8
6/11/2015,18.75
6/12/2015,18.68
6/15/2015,18.42
6/16/2015,18.74
6/17/2015,18.69
6/18/2015,18.8
6/19/2015,18.9
6/22/2015,18.97
6/23/2015,18.98
6/24/2015,18.95
6/25/2015,18.94
6/26/2015,19.18
6/29/2015,19
6/30/2015,19.1
7/1/2015,19.1
7/2/2015,19.08
7/3/2015,19.18
7/6/2015,19.2
7/7/2015,19.25
7/8/2015,19.14
7/10/2015,19.5
7/13/2015,19.57
7/14/2015,19.61
7/15/2015,19.69
7/16/2015,19.69
7/17/2015,19.72
7/20/2015,19.68
7/21/2015,19.6
7/22/2015,19.5
7/23/2015,19.29
7/24/2015,19.04
7/27/2015,18.73
7/28/2015,18.79
7/29/2015,18.75
7/30/2015,18.91
7/31/2015,19.46
8/3/2015,19.53
8/4/2015,19.73
8/5/2015,19.95
8/6/2015,19.86
8/7/2015,19.52
8/10/2015,19.57
8/11/2015,19.55
8/12/2015,18.84
8/13/2015,18.75
8/14/2015,18.61
8/17/2015,18.55
8/18/2015,18.78
8/19/2015,18.2
8/20/2015,18.43
8/21/2015,18.13
8/24/2015,17.96
8/25/2015,18.4
8/26/2015,18.85
8/27/2015,19.1
8/28/2015,19.2
8/31/2015,19.09
9/1/2015,18.71
9/2/2015,19.14
9/3/2015,19.63
9/4/2015,19.85
9/8/2015,19.61
9/9/2015,19.21
9/10/2015,19.17
9/11/2015,18.86
9/14/2015,18.86
9/15/2015,19.06
9/16/2015,19.45
9/17/2015,19.49
9/18/2015,19.47
9/21/2015,19.33
9/22/2015,19.4
9/23/2015,19.17
9/24/2015,19.12
9/25/2015,19.3
9/28/2015,19.28
9/29/2015,19.36
9/30/2015,19.42
10/1/2015,19.7
10/2/2015,20.06
10/5/2015,20.35
10/6/2015,19.89
10/7/2015,20
10/8/2015,19.68
10/9/2015,19.79
10/13/2015,18.7
10/14/2015,18.4
10/15/2015,19.11
10/16/2015,19.29
10/19/2015,19.47
10/20/2015,19.58
10/21/2015,19.7
10/22/2015,19.66
10/23/2015,19.77
10/26/2015,19.68
10/27/2015,19.81
10/28/2015,19.43
10/29/2015,19
10/30/2015,19.09
11/3/2015,19.6
11/4/2015,19.6
11/5/2015,19.46
11/6/2015,18.97
11/9/2015,18.7
11/10/2015,18.65
11/11/2015,19.06
11/12/2015,18.89
11/13/2015,19.1
11/16/2015,19.05
11/17/2015,19.12
11/18/2015,19.17
11/19/2015,19.35
11/23/2015,19.06
11/24/2015,18.94
11/25/2015,18.6
11/26/2015,18.81
11/27/2015,18.57
11/30/2015,18.64
12/1/2015,18.73
12/2/2015,18.44
12/3/2015,18.75
12/4/2015,18.54
12/7/2015,18.6
12/8/2015,18.14
12/9/2015,18.48
12/10/2015,18.3
12/11/2015,18.28
12/14/2015,18.05
12/15/2015,17.85
12/16/2015,18.14
12/17/2015,18.15
12/18/2015,17.8
12/21/2015,18
12/22/2015,17.95
12/23/2015,18.2
12/28/2015,18.14
12/29/2015,18.2
12/30/2015,17.85
1/4/2016,17.21
1/5/2016,17.48
1/6/2016,17.31
1/7/2016,16.85
1/8/2016,17.07
1/11/2016,16.8
1/12/2016,16.98
1/13/2016,16.83
1/14/2016,16.85
1/15/2016,16.59
1/18/2016,16.24
1/19/2016,16.75
1/20/2016,16.54
1/21/2016,16.32
1/22/2016,16.85
1/26/2016,16.84
1/27/2016,17.82
1/28/2016,17.89
1/29/2016,18.66
2/1/2016,18.4
2/2/2016,17.98
2/3/2016,18.1
2/4/2016,18.36
2/5/2016,18.14
2/10/2016,17.94
2/11/2016,17.85
2/12/2016,17.92
2/15/2016,17.92
2/16/2016,17.97
