1/3/2000,3.487685
1/4/2000,3.238564
1/5/2000,3.435369
1/6/2000,3.462772
1/7/2000,3.462772
1/10/2000,3.487685
1/11/2000,3.325756
1/12/2000,3.400492
1/13/2000,3.659578
1/14/2000,4.060661
1/17/2000,3.961013
1/18/2000,4.085573
1/19/2000,3.886277
1/20/2000,3.736805
1/21/2000,3.711893
1/24/2000,3.614736
1/26/2000,3.542491
1/27/2000,3.634666
1/28/2000,3.91368
1/31/2000,3.639648
2/1/2000,3.492667
2/2/2000,3.562421
2/3/2000,3.711893
2/4/2000,3.749261
2/7/2000,3.736805
2/8/2000,3.791611
2/9/2000,3.736805
2/10/2000,3.886277
2/11/2000,3.823997
2/14/2000,3.699437
2/15/2000,3.709402
2/16/2000,3.711893
2/17/2000,3.686981
2/18/2000,3.525053
2/21/2000,3.475228
2/22/2000,3.462772
2/23/2000,3.487685
2/24/2000,3.562421
2/25/2000,3.412948
2/28/2000,3.300844
2/29/2000,3.166319
3/1/2000,3.487685
3/2/2000,3.512597
3/3/2000,3.562421
3/8/2000,3.562421
3/9/2000,3.525053
3/10/2000,3.549965
3/13/2000,3.487685
3/14/2000,3.637157
3/15/2000,3.512597
3/16/2000,3.537509
3/17/2000,3.442843
3/20/2000,3.400492
3/21/2000,3.475228
3/22/2000,3.574877
3/23/2000,3.612245
3/24/2000,3.609754
3/27/2000,3.612245
3/28/2000,3.599789
3/29/2000,3.500141
3/30/2000,3.43786
3/31/2000,3.58235
4/3/2000,3.450316
4/4/2000,3.3133
4/5/2000,3.263476
4/6/2000,3.3133
4/7/2000,3.355651
4/10/2000,3.290879
4/11/2000,3.388037
4/12/2000,3.298353
4/13/2000,3.014356
4/14/2000,2.715412
4/17/2000,2.762744
4/18/2000,2.952076
4/19/2000,2.889796
4/20/2000,2.962041
4/24/2000,2.93962
4/25/2000,2.976988
4/26/2000,2.989444
4/27/2000,3.051724
4/28/2000,3.288388
5/2/2000,3.18874
5/3/2000,3.101548
5/4/2000,3.114004
5/5/2000,3.06418
5/8/2000,3.06418
5/9/2000,3.059198
5/10/2000,2.964532
5/11/2000,2.962041
5/12/2000,2.87734
5/15/2000,2.989444
5/16/2000,3.114004
5/17/2000,2.952076
5/18/2000,2.962041
5/19/2000,2.817551
5/22/2000,2.812568
5/23/2000,2.715412
5/24/2000,2.777692
5/25/2000,2.87734
5/26/2000,2.994426
5/29/2000,3.039268
5/30/2000,3.059198
5/31/2000,3.069162
6/1/2000,3.263476
6/2/2000,3.39551
6/5/2000,3.363125
6/6/2000,3.290879
6/7/2000,3.410457
6/8/2000,3.442843
6/9/2000,3.43786
6/12/2000,3.487685
6/13/2000,3.537509
6/14/2000,3.465264
6/15/2000,3.584842
6/16/2000,3.599789
6/19/2000,3.637157
6/20/2000,3.587333
6/21/2000,3.686981
6/23/2000,3.736805
6/26/2000,3.761717
6/27/2000,3.689472
6/28/2000,3.761717
6/29/2000,3.838944
6/30/2000,3.911189
7/3/2000,3.936101
7/4/2000,3.985925
7/5/2000,4.000873
7/6/2000,4.008346
7/7/2000,3.958522
7/10/2000,4.003364
7/11/2000,3.814032
7/12/2000,3.689472
7/13/2000,3.487685
7/14/2000,3.714384
7/17/2000,3.861365
7/18/2000,3.821506
7/19/2000,3.662069
7/20/2000,3.724349
7/21/2000,3.761717
7/24/2000,3.786629
7/25/2000,3.736805
7/26/2000,3.948557
7/27/2000,3.893751
7/28/2000,3.891259
7/31/2000,3.848909
8/1/2000,3.761717
8/2/2000,3.786629
8/3/2000,3.985925
8/4/2000,4.025785
8/7/2000,4.090556
8/8/2000,4.073117
8/9/2000,4.110485
8/10/2000,4.084587
8/11/2000,4.272478
8/14/2000,4.356893
8/15/2000,4.316047
8/16/2000,4.111817
8/17/2000,4.182617
8/18/2000,4.054633
8/21/2000,4.057356
8/22/2000,4.155386
8/23/2000,4.239801
8/24/2000,4.22074
8/25/2000,4.316047
8/28/2000,4.288816
8/29/2000,4.155386
8/30/2000,4.100925
8/31/2000,4.166279
9/1/2000,4.256139
9/4/2000,4.250693
9/5/2000,4.22074
9/6/2000,4.329662
9/8/2000,4.326939
9/11/2000,4.261586
9/12/2000,4.166279
9/13/2000,4.22074
9/14/2000,4.111817
9/15/2000,4.08731
9/18/2000,3.921203
9/19/2000,4.084587
9/20/2000,4.043741
9/21/2000,3.972941
9/22/2000,4.128156
9/25/2000,4.24797
9/26/2000,4.269755
9/27/2000,4.22074
9/28/2000,4.193509
9/29/2000,4.155386
10/2/2000,4.057356
10/3/2000,4.057356
10/4/2000,4.035572
10/5/2000,4.106371
10/6/2000,4.030126
10/9/2000,4.030126
10/10/2000,3.962049
10/11/2000,3.962049
10/13/2000,3.975665
10/16/2000,4.01651
10/17/2000,3.893973
10/18/2000,3.648897
10/19/2000,3.580821
10/20/2000,3.447391
10/23/2000,3.281285
10/24/2000,3.147855
10/25/2000,3.185978
10/26/2000,3.254054
10/27/2000,3.322131
10/30/2000,3.2949
10/31/2000,3.213208
11/1/2000,3.254054
11/3/2000,3.240439
11/6/2000,3.2949
11/7/2000,3.303069
11/8/2000,3.281285
11/9/2000,3.308515
11/10/2000,3.458283
11/13/2000,3.403822
11/14/2000,3.254054
11/16/2000,3.2949
11/17/2000,3.2949
11/20/2000,3.621667
11/21/2000,3.749651
11/22/2000,3.730589
11/23/2000,3.730589
11/24/2000,3.798666
11/27/2000,3.725143
11/28/2000,3.703359
11/29/2000,3.853127
11/30/2000,3.678851
12/1/2000,3.608052
12/4/2000,3.594436
12/5/2000,3.730589
12/6/2000,3.806835
12/7/2000,3.866742
12/8/2000,4.011064
12/11/2000,4.193509
12/12/2000,4.12271
12/13/2000,4.169001
12/14/2000,4.100925
12/15/2000,4.030126
12/18/2000,4.070971
12/19/2000,4.166279
12/20/2000,4.084587
12/21/2000,4.043741
12/22/2000,4.084587
12/26/2000,4.165752
12/27/2000,4.311686
12/28/2000,4.643355
1/2/2001,4.510687
1/3/2001,4.633404
1/4/2001,4.646671
1/5/2001,4.610188
1/8/2001,4.577021
1/9/2001,4.623454
1/10/2001,4.500737
1/11/2001,4.543854
1/12/2001,4.394603
1/15/2001,4.464254
1/16/2001,4.460937
1/17/2001,4.50737
1/18/2001,4.577021
1/19/2001,4.590288
1/22/2001,4.484154
1/23/2001,4.527271
1/24/2001,4.444354
1/26/2001,4.444354
1/29/2001,4.414504
1/30/2001,4.37802
1/31/2001,4.494104
2/1/2001,4.32827
2/2/2001,4.212186
2/5/2001,4.162436
2/6/2001,4.179019
2/7/2001,4.245353
2/8/2001,4.225453
2/9/2001,4.145852
2/12/2001,4.076202
2/13/2001,4.092785
2/14/2001,4.066252
2/15/2001,4.102735
2/16/2001,3.963435
2/19/2001,3.860618
2/20/2001,3.897101
2/21/2001,3.950168
2/22/2001,3.907051
2/23/2001,3.946851
2/28/2001,3.814184
3/1/2001,3.814184
3/2/2001,3.933585
3/5/2001,3.920318
3/6/2001,3.880518
3/7/2001,4.096102
3/8/2001,4.046352
3/9/2001,4.082835
3/12/2001,3.840717
3/13/2001,3.784334
3/14/2001,3.781017
3/15/2001,3.840717
3/16/2001,3.70805
3/19/2001,3.54885
3/20/2001,3.585333
3/21/2001,3.731267
3/22/2001,3.459299
3/23/2001,3.764434
3/26/2001,3.877201
3/27/2001,3.913685
3/28/2001,3.897101
3/29/2001,3.880518
3/30/2001,3.873885
4/2/2001,3.615183
4/3/2001,3.482516
4/4/2001,3.515683
4/5/2001,3.6981
4/6/2001,3.797601
4/9/2001,3.863934
4/10/2001,3.963435
4/11/2001,3.897101
4/12/2001,4.029768
4/16/2001,3.830767
4/17/2001,3.771067
4/18/2001,3.913685
4/19/2001,3.877201
4/20/2001,3.515683
4/23/2001,3.532266
4/24/2001,3.605233
4/25/2001,3.6981
4/26/2001,3.946851
4/27/2001,4.096102
4/30/2001,4.149169
5/2/2001,3.996602
5/3/2001,3.980018
5/4/2001,3.976701
5/7/2001,4.023135
5/8/2001,3.847351
5/9/2001,3.980018
5/10/2001,3.923635
5/11/2001,3.853984
5/14/2001,3.714684
5/15/2001,3.741217
5/16/2001,3.936901
5/17/2001,3.946851
5/18/2001,3.976701
5/21/2001,3.963435
5/22/2001,3.903734
5/23/2001,3.996602
5/24/2001,4.013185
5/25/2001,3.996602
5/28/2001,3.946851
5/29/2001,3.963435
5/30/2001,3.966751
5/31/2001,3.953485
6/1/2001,4.013185
6/4/2001,4.096102
6/5/2001,4.112686
6/6/2001,4.145852
6/7/2001,4.28847
6/8/2001,4.212186
6/11/2001,4.145852
6/12/2001,4.295103
6/13/2001,4.212186
6/15/2001,4.112686
6/18/2001,3.920318
6/19/2001,3.913685
6/20/2001,3.966751
6/21/2001,3.980018
6/22/2001,4.046352
6/25/2001,4.033085
6/26/2001,3.946851
6/27/2001,3.963435
6/28/2001,3.980018
6/29/2001,4.013185
7/2/2001,4.096102
7/3/2001,3.973385
7/4/2001,3.883834
7/5/2001,3.847351
7/6/2001,3.764434
7/10/2001,3.714684
7/11/2001,3.6981
7/12/2001,3.767751
7/13/2001,3.980018
7/16/2001,3.880518
7/17/2001,3.877201
7/18/2001,3.781017
7/19/2001,3.824134
7/20/2001,3.913685
7/23/2001,3.913685
7/24/2001,3.781017
7/25/2001,3.810868
7/26/2001,3.807551
7/27/2001,3.847351
7/30/2001,3.824134
7/31/2001,3.863934
8/1/2001,3.814184
8/2/2001,3.873885
8/3/2001,3.897101
8/6/2001,4.079519
8/7/2001,4.096102
8/8/2001,4.079519
8/9/2001,4.129269
8/10/2001,4.129269
8/13/2001,4.009868
8/14/2001,4.062935
8/15/2001,3.946851
8/16/2001,3.897101
8/17/2001,3.800917
8/20/2001,3.824134
8/21/2001,3.781017
8/22/2001,3.880518
8/23/2001,3.820818
8/24/2001,3.764434
8/27/2001,3.714684
8/28/2001,3.827451
8/29/2001,3.814184
8/30/2001,3.810868
8/31/2001,3.814184
9/3/2001,3.810868
9/4/2001,3.834084
9/5/2001,3.807551
9/6/2001,3.714684
9/10/2001,3.681517
9/11/2001,3.449349
9/12/2001,3.499099
9/13/2001,3.276882
9/14/2001,3.104414
9/17/2001,3.217181
9/18/2001,3.349849
9/19/2001,3.316682
9/20/2001,3.263615
9/21/2001,3.117681
9/24/2001,3.283515
9/25/2001,3.184015
9/26/2001,3.184015
9/27/2001,3.313365
9/28/2001,3.518999
10/1/2001,3.499099
10/2/2001,3.449349
10/3/2001,3.465932
10/4/2001,3.366432
10/5/2001,3.300098
10/8/2001,3.213865
10/9/2001,3.233765
10/10/2001,3.233765
10/11/2001,3.422816
10/15/2001,3.515683
10/16/2001,3.452666
10/17/2001,3.515683
10/18/2001,3.469249
10/19/2001,3.54885
10/22/2001,3.6384
10/23/2001,3.681517
10/24/2001,3.641717
10/25/2001,3.66825
10/26/2001,3.615183
10/29/2001,3.422816
10/30/2001,3.300098
10/31/2001,3.399599
11/1/2001,3.475882
11/5/2001,3.714684
11/6/2001,3.794284
11/7/2001,3.897101
11/8/2001,3.847351
11/9/2001,3.830767
11/12/2001,3.880518
11/13/2001,3.973385
11/14/2001,3.946851
11/16/2001,4.046352
11/19/2001,4.162436
11/20/2001,4.096102
11/21/2001,4.089469
11/22/2001,4.112686
11/23/2001,4.149169
11/26/2001,4.245353
11/27/2001,4.212186
11/28/2001,3.980018
11/29/2001,3.814184
11/30/2001,3.754484
12/3/2001,3.817501
12/4/2001,3.850668
12/5/2001,3.946851
12/6/2001,4.129269
12/7/2001,4.039718
12/10/2001,3.970068
12/11/2001,3.930268
12/12/2001,3.897101
12/13/2001,3.800917
12/14/2001,3.751167
12/17/2001,3.751167
12/18/2001,3.943535
12/19/2001,3.814184
12/20/2001,3.781017
12/21/2001,3.897101
12/26/2001,3.913685
12/27/2001,4.029768
12/28/2001,4.145852
1/2/2002,4.139219
1/3/2002,4.208869
1/4/2002,4.175703
1/7/2002,4.195602
1/8/2002,4.212186
1/9/2002,4.135902
1/10/2002,3.996602
1/11/2002,4.106052
1/14/2002,4.079519
1/15/2002,4.082835
1/16/2002,4.062935
1/17/2002,4.112686
1/18/2002,4.129269
1/21/2002,4.116002
1/22/2002,4.145852
1/23/2002,4.162436
1/24/2002,4.079519
1/28/2002,4.096102
1/29/2002,3.980018
1/30/2002,3.950168
1/31/2002,3.996602
2/1/2002,3.890468
2/4/2002,3.996602
2/5/2002,4.056302
2/6/2002,4.079519
2/7/2002,4.096102
2/8/2002,4.079519
2/13/2002,4.079519
2/14/2002,4.179019
2/15/2002,4.261936
2/18/2002,4.202236
2/19/2002,4.179019
2/20/2002,4.261936
2/21/2002,4.344853
2/22/2002,4.364753
2/25/2002,4.610188
2/26/2002,4.643355
2/27/2002,4.659938
2/28/2002,4.577021
3/1/2002,4.640038
3/4/2002,4.570387
3/5/2002,4.444354
3/6/2002,4.494104
3/7/2002,4.444354
3/8/2002,4.44767
3/11/2002,4.344853
3/12/2002,4.460937
3/13/2002,4.577021
3/14/2002,4.580338
3/15/2002,4.643355
3/18/2002,4.746172
3/19/2002,4.825772
3/20/2002,4.875522
3/21/2002,4.809189
3/22/2002,4.709688
3/25/2002,4.610188
3/26/2002,4.759438
3/27/2002,4.663255
3/28/2002,4.676521
4/1/2002,4.842356
4/2/2002,4.709688
4/3/2002,4.689788
4/4/2002,4.809189
4/5/2002,4.759438
4/8/2002,4.792605
4/9/2002,4.875522
4/10/2002,4.935222
4/11/2002,5.041356
4/12/2002,5.00819
4/15/2002,4.892106
4/16/2002,4.842356
4/17/2002,4.848989
4/18/2002,4.809189
4/19/2002,4.795922
4/22/2002,4.809189
4/23/2002,4.776022
4/24/2002,4.858939
4/25/2002,4.676521
4/26/2002,4.709688
4/29/2002,4.686471
4/30/2002,4.626771
5/2/2002,4.414504
5/3/2002,4.311686
5/6/2002,4.232086
5/7/2002,4.32827
5/8/2002,4.331586
5/9/2002,4.145852
5/10/2002,4.109369
5/13/2002,4.043035
5/14/2002,4.175703
5/15/2002,4.341536
5/16/2002,4.42777
5/17/2002,4.394603
5/20/2002,4.29842
5/21/2002,4.255303
5/22/2002,4.179019
5/23/2002,4.205552
5/24/2002,4.245353
5/27/2002,4.305053
5/28/2002,4.31832
5/29/2002,4.42777
5/31/2002,4.37802
6/3/2002,4.311686
6/4/2002,4.265253
6/5/2002,4.162436
6/6/2002,4.013185
6/7/2002,4.049669
6/10/2002,4.179019
6/11/2002,4.072885
6/12/2002,3.953485
6/13/2002,3.946851
6/14/2002,3.834084
6/17/2002,3.897101
6/18/2002,3.930268
6/19/2002,3.797601
6/20/2002,3.64835
6/21/2002,3.532266
6/24/2002,3.565433
6/25/2002,3.6384
6/26/2002,3.615183
6/27/2002,3.684834
6/28/2002,3.681517
7/1/2002,3.681517
7/2/2002,3.582016
7/3/2002,3.535583
7/4/2002,3.582016
7/5/2002,3.515683
7/8/2002,3.54885
7/10/2002,3.449349
7/11/2002,3.499099
7/12/2002,3.731267
7/15/2002,3.645033
7/16/2002,3.645033
7/17/2002,3.814184
7/18/2002,3.847351
7/19/2002,3.794284
7/22/2002,3.615183
7/23/2002,3.432766
7/24/2002,3.416182
7/25/2002,3.091148
7/26/2002,2.885513
7/29/2002,2.921997
7/30/2002,2.81918
7/31/2002,2.86893
8/1/2002,2.90873
8/2/2002,3.044714
8/5/2002,3.051347
8/6/2002,3.107731
8/7/2002,3.217181
8/8/2002,3.475882
8/9/2002,3.280198
8/12/2002,3.064614
8/13/2002,2.91868
8/14/2002,2.961797
8/15/2002,2.795963
8/16/2002,2.91868
8/19/2002,2.955164
8/20/2002,2.95848
8/21/2002,3.018181
8/22/2002,3.117681
8/23/2002,3.067931
8/26/2002,3.187331
8/27/2002,3.333265
8/28/2002,3.276882
8/29/2002,3.250348
8/30/2002,3.383016
9/2/2002,3.465932
9/3/2002,3.399599
9/4/2002,3.310048
9/5/2002,3.164114
9/6/2002,3.140898
9/9/2002,3.157481
9/10/2002,3.157481
9/11/2002,3.290148
9/12/2002,3.283515
9/13/2002,3.266932
9/16/2002,3.134264
9/17/2002,3.077881
9/18/2002,2.96843
9/19/2002,2.971747
9/20/2002,3.051347
9/23/2002,2.90873
9/24/2002,2.832446
9/25/2002,2.756163
9/26/2002,2.736262
9/27/2002,2.603595
9/30/2002,2.653346
10/1/2002,2.835763
10/2/2002,2.882196
10/3/2002,2.994964
10/4/2002,2.95848
10/7/2002,2.81918
10/8/2002,2.719679
10/9/2002,2.653346
10/10/2002,2.686512
10/11/2002,2.686512
10/14/2002,2.537262
10/15/2002,2.560478
10/16/2002,2.587012
10/17/2002,2.802596
10/18/2002,2.769429
10/21/2002,2.802596
10/22/2002,2.86893
10/23/2002,3.028131
10/24/2002,3.054664
10/25/2002,3.127631
10/28/2002,3.014864
10/29/2002,2.965114
10/30/2002,3.170748
10/31/2002,3.200598
11/1/2002,3.167431
11/4/2002,3.064614
11/5/2002,3.038081
11/6/2002,3.011547
11/7/2002,3.011547
11/8/2002,2.985014
11/11/2002,3.034764
11/12/2002,2.96843
11/13/2002,2.994964
11/14/2002,2.985014
11/18/2002,3.038081
11/19/2002,3.044714
11/20/2002,3.071247
11/21/2002,3.130948
11/22/2002,3.038081
11/25/2002,3.071247
11/26/2002,3.101097
11/27/2002,3.101097
11/28/2002,3.084514
11/29/2002,3.180698
12/2/2002,3.220498
12/3/2002,3.233765
12/4/2002,3.187331
12/5/2002,3.134264
12/6/2002,3.157481
12/9/2002,3.001597
12/10/2002,2.99828
12/11/2002,3.174064
12/12/2002,3.154164
12/13/2002,3.154164
12/16/2002,3.207231
12/17/2002,3.256982
12/18/2002,3.353165
12/19/2002,3.54885
12/20/2002,3.6384
12/23/2002,3.54885
12/26/2002,3.515683
12/27/2002,3.565433
12/30/2002,3.664933
1/2/2003,3.54885
1/3/2003,3.575383
1/6/2003,3.68815
1/7/2003,3.6782
1/8/2003,3.6782
1/9/2003,3.664933
1/10/2003,3.781017
1/13/2003,3.765624
1/14/2003,3.765624
1/15/2003,3.691524
1/16/2003,3.731942
1/17/2003,3.688156
1/20/2003,3.603952
1/21/2003,3.60732
1/22/2003,3.391756
1/23/2003,3.381652
1/24/2003,3.34797
1/27/2003,3.31092
1/28/2003,3.280606
1/29/2003,3.341234
1/30/2003,3.260397
1/31/2003,3.331129
2/3/2003,3.401861
2/4/2003,3.395125
2/5/2003,3.351338
2/6/2003,3.334497
2/7/2003,3.27387
2/10/2003,3.250293
2/11/2003,3.280606
2/12/2003,3.300815
2/13/2003,3.304183
2/14/2003,3.351338
2/17/2003,3.314288
2/18/2003,3.449015
2/19/2003,3.300815
2/20/2003,3.250293
2/21/2003,3.300815
2/24/2003,3.27387
2/25/2003,3.300815
2/26/2003,3.277238
2/27/2003,3.344602
2/28/2003,3.432174
3/5/2003,3.499538
3/6/2003,3.651106
3/7/2003,3.58711
3/10/2003,3.519747
3/11/2003,3.462488
3/12/2003,3.58711
3/13/2003,3.674683
3/14/2003,3.721838
3/17/2003,3.664579
3/18/2003,3.765624
3/19/2003,3.755519
3/20/2003,3.826251
3/21/2003,3.90372
3/24/2003,3.832988
3/25/2003,3.880142
3/26/2003,3.998028
3/27/2003,3.977819
3/28/2003,3.927297
3/31/2003,3.923928
4/1/2003,3.880142
4/2/2003,3.923928
4/3/2003,3.873406
4/4/2003,4.008133
4/7/2003,4.176542
4/8/2003,4.058656
4/9/2003,3.981187
4/10/2003,3.839724
4/11/2003,3.843092
4/14/2003,3.839724
4/15/2003,4.024974
4/16/2003,3.907088
4/17/2003,4.024974
4/22/2003,4.065392
4/23/2003,4.109178
4/24/2003,4.095706
4/25/2003,4.008133
4/28/2003,4.132756
4/29/2003,4.10581
4/30/2003,4.008133
5/2/2003,4.058656
5/5/2003,4.159701
5/6/2003,4.008133
5/7/2003,4.048551
5/8/2003,3.984556
5/9/2003,3.99466
5/12/2003,4.041815
5/13/2003,4.008133
5/14/2003,4.085601
5/15/2003,3.944138
5/16/2003,3.917192
5/19/2003,3.863301
5/20/2003,3.789201
5/21/2003,3.934033
5/22/2003,3.890247
5/23/2003,3.822883
5/26/2003,3.795938
5/27/2003,3.947506
5/28/2003,3.974451
5/29/2003,3.984556
5/30/2003,3.977819
6/2/2003,3.971083
6/3/2003,3.991292
6/4/2003,4.065392
6/5/2003,3.981187
6/6/2003,4.004765
6/9/2003,3.977819
6/10/2003,3.95761
6/11/2003,3.92056
6/12/2003,3.940769
6/13/2003,3.873406
6/16/2003,3.873406
6/17/2003,3.863301
6/18/2003,3.795938
6/20/2003,3.748783
6/23/2003,3.728574
6/24/2003,3.748783
6/25/2003,3.678052
6/26/2003,3.694892
6/27/2003,3.634265
6/30/2003,3.603952
7/1/2003,3.71847
7/2/2003,3.742047
7/3/2003,3.691524
7/4/2003,3.725206
7/7/2003,3.688156
7/8/2003,3.752151
7/10/2003,3.728574
7/11/2003,3.704997
7/14/2003,3.789201
7/15/2003,3.77236
7/16/2003,3.765624
7/17/2003,3.789201
7/18/2003,3.843092
7/21/2003,3.755519
7/22/2003,3.802674
7/23/2003,3.910456
7/24/2003,3.974451
7/25/2003,3.977819
7/28/2003,4.024974
7/29/2003,4.024974
7/30/2003,3.934033
7/31/2003,4.055288
8/1/2003,3.947506
8/4/2003,3.782465
8/5/2003,3.789201
8/6/2003,3.748783
8/7/2003,3.913824
8/8/2003,4.021606
8/11/2003,3.954242
8/12/2003,3.940769
8/13/2003,3.940769
8/14/2003,3.987924
8/15/2003,4.024974
8/18/2003,4.041815
8/19/2003,4.021606
8/20/2003,4.095706
8/21/2003,4.206855
8/22/2003,4.233801
8/25/2003,4.176542
8/26/2003,4.294428
8/27/2003,4.429155
8/28/2003,4.324742
8/29/2003,4.250642
9/1/2003,4.344951
9/2/2003,4.348319
9/3/2003,4.344951
9/4/2003,4.344951
9/5/2003,4.344951
9/8/2003,4.344951
9/9/2003,4.193383
9/10/2003,4.294428
9/11/2003,4.358424
9/12/2003,4.311269
9/15/2003,4.210224
9/16/2003,4.17991
9/17/2003,4.203487
9/18/2003,4.17991
9/19/2003,4.119283
9/22/2003,4.092337
9/23/2003,4.078865
9/24/2003,3.998028
9/25/2003,3.974451
9/26/2003,3.934033
9/29/2003,3.95761
9/30/2003,3.873406
10/1/2003,4.082233
10/2/2003,4.092337
10/3/2003,4.126019
10/6/2003,4.072128
10/7/2003,4.109178
10/8/2003,4.149596
10/9/2003,4.102442
10/10/2003,4.058656
10/13/2003,4.095706
10/14/2003,4.109178
10/15/2003,4.041815
10/16/2003,4.109178
10/17/2003,4.065392
10/20/2003,4.206856
10/21/2003,4.200119
10/22/2003,4.099074
10/23/2003,3.967715
10/24/2003,4.10581
10/27/2003,4.045183
10/28/2003,4.075497
10/29/2003,3.99466
10/30/2003,4.038447
10/31/2003,4.078865
11/3/2003,4.109178
11/4/2003,4.024974
11/5/2003,4.038447
11/6/2003,4.028342
11/7/2003,4.10581
11/10/2003,4.06876
11/11/2003,4.041815
11/12/2003,4.176542
11/13/2003,4.115915
11/14/2003,4.190015
11/17/2003,4.082233
11/18/2003,4.075497
11/19/2003,4.082233
11/20/2003,4.274219
11/21/2003,4.442628
11/24/2003,4.530201
11/25/2003,4.496519
11/26/2003,4.580723
11/27/2003,4.715451
11/28/2003,4.806391
12/1/2003,4.80976
12/2/2003,4.779446
12/3/2003,4.904069
12/4/2003,4.819864
12/5/2003,4.917541
12/8/2003,4.752501
12/9/2003,4.752501
12/10/2003,4.749132
12/11/2003,4.752501
12/12/2003,4.695241
12/15/2003,4.62451
12/16/2003,4.607669
12/17/2003,4.728923
12/18/2003,4.843441
12/19/2003,4.890596
12/22/2003,4.9748
12/23/2003,5.042164
12/26/2003,5.136473
12/29/2003,5.129737
12/30/2003,5.119632
1/2/2004,5.136473
1/5/2004,5.294777
1/6/2004,5.254359
1/7/2004,5.163418
1/8/2004,5.163418
1/9/2004,5.186996
1/12/2004,5.183627
1/13/2004,5.220677
1/14/2004,5.149946
1/15/2004,5.099423
1/16/2004,5.102791
1/19/2004,5.052268
1/20/2004,5.072478
1/21/2004,4.924278
1/22/2004,4.988273
1/23/2004,5.052268
1/26/2004,5.277936
1/27/2004,5.281305
1/28/2004,5.136473
1/29/2004,4.995009
1/30/2004,4.84681
2/2/2004,4.984905
2/3/2004,4.887228
2/4/2004,4.742396
2/5/2004,4.580723
2/6/2004,4.69861
2/9/2004,4.765973
2/10/2004,4.796287
2/11/2004,5.069109
2/12/2004,5.018587
2/13/2004,5.028691
2/16/2004,4.944487
2/17/2004,5.052268
2/18/2004,5.005114
2/19/2004,4.664928
2/20/2004,4.840073
2/25/2004,4.904069
2/26/2004,4.813128
2/27/2004,4.917541
3/1/2004,5.052268
3/2/2004,4.995009
3/3/2004,5.106159
3/4/2004,5.018587
3/5/2004,5.08595
3/8/2004,5.08595
3/9/2004,4.951223
3/10/2004,4.749132
3/11/2004,4.668296
3/12/2004,4.84681
3/15/2004,4.782814
3/16/2004,4.755869
3/17/2004,4.833337
3/18/2004,4.853546
3/19/2004,4.813128
3/22/2004,4.688505
3/23/2004,4.644719
3/24/2004,4.547715
3/25/2004,4.530201
3/26/2004,4.55883
3/29/2004,4.698946
3/30/2004,4.776078
3/31/2004,4.681769
4/1/2004,4.799655
4/2/2004,4.875439
4/5/2004,4.853209
4/6/2004,4.816496
4/7/2004,4.715451
4/8/2004,4.728923
4/12/2004,4.732291
4/13/2004,4.732291
4/14/2004,4.715451
4/15/2004,4.614405
4/16/2004,4.580387
4/19/2004,4.557146
4/20/2004,4.547042
4/22/2004,4.498877
4/23/2004,4.572303
4/26/2004,4.51336
4/27/2004,4.512349
4/28/2004,4.294428
4/29/2004,4.058992
4/30/2004,4.014869
5/3/2004,4.041815
5/4/2004,4.143534
5/5/2004,4.152965
5/6/2004,4.03171
5/7/2004,3.940769
5/10/2004,3.704997
5/11/2004,3.890247
5/12/2004,3.956937
5/13/2004,4.092337
5/14/2004,4.030363
5/17/2004,3.95761
5/18/2004,4.014869
5/19/2004,4.166437
5/20/2004,4.14286
5/21/2004,4.193383
5/24/2004,4.294428
5/25/2004,4.356739
5/26/2004,4.40221
5/27/2004,4.486414
5/28/2004,4.429155
5/31/2004,4.412314
6/1/2004,4.496519
6/2/2004,4.51336
6/3/2004,4.43926
6/4/2004,4.488098
6/7/2004,4.590828
6/8/2004,4.622826
6/9/2004,4.523464
6/11/2004,4.481362
6/14/2004,4.390421
6/15/2004,4.580723
6/16/2004,4.563882
6/17/2004,4.509992
6/18/2004,4.499887
6/21/2004,4.58005
6/22/2004,4.516728
6/23/2004,4.594196
6/24/2004,4.584092
6/25/2004,4.671664
6/28/2004,4.715451
6/29/2004,4.823232
6/30/2004,4.765973
7/1/2004,4.905753
7/2/2004,4.917541
7/5/2004,4.904069
7/6/2004,4.816496
7/7/2004,4.78955
7/8/2004,4.725555
7/12/2004,4.917878
7/13/2004,4.890596
7/14/2004,4.816496
7/15/2004,4.836368
7/16/2004,5.015218
7/19/2004,4.998378
7/20/2004,4.954591
7/21/2004,4.806728
7/22/2004,4.718819
7/23/2004,4.732291
7/26/2004,4.65516
7/27/2004,4.816833
7/28/2004,4.836705
7/29/2004,4.783151
7/30/2004,4.725555
8/2/2004,4.727239
8/3/2004,4.685137
8/4/2004,4.648087
8/5/2004,4.462837
8/6/2004,4.526496
8/9/2004,4.445996
8/10/2004,4.577355
8/11/2004,4.530201
8/12/2004,4.610363
8/13/2004,4.644382
8/16/2004,4.636972
8/17/2004,4.758226
8/18/2004,4.883859
8/19/2004,5.035091
8/20/2004,5.085613
8/23/2004,4.984905
8/24/2004,4.973116
8/25/2004,5.021955
8/26/2004,4.931351
8/27/2004,4.941119
8/30/2004,4.920909
8/31/2004,4.806391
9/1/2004,4.749132
9/2/2004,4.799655
9/3/2004,4.732291
9/6/2004,4.715451
9/8/2004,4.749132
9/9/2004,4.78214
9/10/2004,4.767657
9/13/2004,4.731955
9/14/2004,4.849167
9/15/2004,4.883859
9/16/2004,4.968064
9/17/2004,5.018587
9/20/2004,5.023639
9/21/2004,5.035428
9/22/2004,4.995009
9/23/2004,4.951223
9/24/2004,4.951223
9/27/2004,4.873755
9/28/2004,4.984905
9/29/2004,5.034754
9/30/2004,5.075846
10/1/2004,5.254359
10/4/2004,5.374603
10/5/2004,5.384034
10/6/2004,5.389086
10/7/2004,5.4194
10/8/2004,5.53055
10/11/2004,5.564232
10/13/2004,5.557495
10/14/2004,5.506973
10/15/2004,5.540654
10/18/2004,5.544696
10/19/2004,5.550759
10/20/2004,5.608018
10/21/2004,5.911154
10/22/2004,5.894313
10/25/2004,5.860968
10/26/2004,5.810109
10/27/2004,5.793605
10/28/2004,5.907786
10/29/2004,5.827623
11/1/2004,5.778111
11/3/2004,5.773059
11/4/2004,5.894313
11/5/2004,5.894313
11/8/2004,5.716137
11/9/2004,5.700643
11/10/2004,5.796973
11/11/2004,5.742408
11/12/2004,5.762954
11/16/2004,5.675382
11/17/2004,5.725904
11/18/2004,5.692222
11/19/2004,5.648436
11/22/2004,5.641026
11/23/2004,5.675382
11/24/2004,5.702327
11/25/2004,5.76127
11/26/2004,5.904418
11/29/2004,5.948204
11/30/2004,5.995359
12/1/2004,6.174546
12/2/2004,6.433222
12/3/2004,6.563907
12/6/2004,6.678425
12/7/2004,6.450063
12/8/2004,6.438611
12/9/2004,6.416718
12/10/2004,6.631608
12/13/2004,6.84414
12/14/2004,6.870108
12/15/2004,6.736807
12/16/2004,6.767569
12/17/2004,6.495841
12/20/2004,6.408682
12/21/2004,6.545059
12/22/2004,6.61376
12/23/2004,6.716299
12/27/2004,6.695791
12/28/2004,6.71835
12/29/2004,6.66503
12/30/2004,6.586075
1/3/2005,6.79833
1/4/2005,6.567618
1/5/2005,6.408682
1/6/2005,6.234366
1/7/2005,6.276407
1/10/2005,6.336905
1/11/2005,6.245646
1/12/2005,6.070304
1/13/2005,6.202579
1/14/2005,6.173868
1/17/2005,6.152335
1/18/2005,6.383048
1/19/2005,6.459952
1/20/2005,6.306144
1/21/2005,6.157462
1/24/2005,6.254874
1/26/2005,6.306144
1/27/2005,6.357413
1/28/2005,6.406632
1/31/2005,6.604532
2/1/2005,6.579922
2/2/2005,6.808584
2/3/2005,7.105947
2/4/2005,7.603261
2/9/2005,7.63915
2/10/2005,7.557118
2/11/2005,7.669911
2/14/2005,8.059559
2/15/2005,8.183631
2/16/2005,8.049305
2/17/2005,8.110829
2/18/2005,7.853456
2/21/2005,7.634023
2/22/2005,7.894471
2/23/2005,8.028797
2/24/2005,8.433826
2/25/2005,8.428699
2/28/2005,8.397938
3/1/2005,8.705554
3/2/2005,8.67992
3/3/2005,8.792712
3/4/2005,8.901404
3/7/2005,9.02445
3/8/2005,8.895251
3/9/2005,8.741443
3/10/2005,8.613269
3/11/2005,8.511756
3/14/2005,8.490223
3/15/2005,8.408191
3/16/2005,8.541492
3/17/2005,8.644031
3/18/2005,8.515857
3/21/2005,8.203114
3/22/2005,8.305653
3/23/2005,8.121082
3/24/2005,8.305653
3/28/2005,8.069813
3/29/2005,7.946766
3/30/2005,7.946766
3/31/2005,7.926259
4/1/2005,7.905751
4/4/2005,7.895497
4/5/2005,7.998036
4/6/2005,8.056483
4/7/2005,8.187733
4/8/2005,8.100575
4/11/2005,8.121082
4/12/2005,8.105702
4/13/2005,8.126209
4/14/2005,7.972401
4/15/2005,7.967274
4/18/2005,7.86371
4/19/2005,7.998036
4/20/2005,7.751942
4/22/2005,7.690419
4/25/2005,7.792958
4/26/2005,8.080067
4/27/2005,8.203114
4/28/2005,7.77245
4/29/2005,8.180555
5/2/2005,8.387684
5/3/2005,8.228748
5/4/2005,8.474842
5/5/2005,8.469715
5/6/2005,8.433826
5/9/2005,8.787585
5/10/2005,8.567127
5/11/2005,8.346668
5/12/2005,8.151844
5/13/2005,8.080067
5/16/2005,8.244129
5/17/2005,8.156971
5/18/2005,8.355897
5/19/2005,8.280018
5/20/2005,8.110829
5/23/2005,8.013417
5/24/2005,7.977528
5/25/2005,8.090321
5/27/2005,7.998036
5/30/2005,8.017518
5/31/2005,7.951893
6/1/2005,7.972401
6/2/2005,8.131336
6/3/2005,8.418445
6/6/2005,8.562
6/7/2005,8.509705
6/8/2005,8.295399
6/9/2005,8.233875
6/10/2005,8.32616
6/13/2005,8.233875
6/14/2005,8.469715
6/15/2005,8.480994
6/16/2005,8.520984
6/17/2005,8.621472
6/20/2005,8.633777
6/21/2005,8.498426
6/22/2005,8.341541
6/23/2005,8.244129
6/24/2005,8.228748
6/27/2005,8.388709
6/28/2005,8.562
6/29/2005,8.562
6/30/2005,8.53739
7/1/2005,8.591736
7/4/2005,8.532264
7/5/2005,8.378455
7/6/2005,8.233875
7/7/2005,8.151844
7/8/2005,8.063661
7/11/2005,8.223621
7/12/2005,8.25951
7/13/2005,8.428699
7/14/2005,8.562
7/15/2005,8.490223
7/18/2005,8.645056
7/19/2005,8.62865
7/20/2005,8.663513
7/21/2005,8.623523
7/22/2005,8.398963
7/25/2005,8.100575
7/26/2005,8.408191
7/27/2005,8.541492
7/28/2005,8.603015
7/29/2005,8.513807
8/1/2005,8.705554
8/2/2005,9.228503
8/3/2005,8.859363
8/4/2005,8.849109
8/5/2005,8.823474
8/8/2005,9.074694
8/9/2005,9.566881
8/10/2005,9.864244
8/11/2005,9.556627
8/12/2005,9.741197
8/15/2005,9.823229
8/16/2005,9.793492
8/17/2005,9.992418
8/18/2005,9.895006
8/19/2005,9.638658
8/22/2005,9.868346
8/23/2005,9.648912
8/24/2005,9.915514
8/25/2005,10.13085
8/26/2005,9.987291
8/29/2005,10.21288
8/30/2005,10.12572
8/31/2005,10.25389
9/1/2005,10.20262
9/2/2005,10.30516
9/5/2005,10.25389
9/6/2005,10.54613
9/8/2005,10.76146
9/9/2005,10.75633
9/12/2005,10.71019
9/13/2005,10.36668
9/14/2005,10.22313
9/15/2005,10.36668
9/16/2005,10.4077
9/19/2005,10.4641
9/20/2005,10.68353
9/21/2005,10.89989
9/22/2005,11.02293
9/23/2005,11.14598
9/26/2005,11.12547
9/27/2005,10.9409
9/28/2005,11.04344
9/29/2005,11.11522
9/30/2005,11.15623
10/3/2005,11.48436
10/4/2005,11.64842
10/5/2005,11.37157
10/6/2005,11.05472
10/7/2005,11.50487
10/10/2005,11.48436
10/11/2005,11.78172
10/13/2005,11.32953
10/14/2005,11.18187
10/17/2005,11.62791
10/18/2005,11.33055
10/19/2005,11.12547
10/20/2005,10.79222
10/21/2005,11.21673
10/24/2005,11.48436
10/25/2005,11.4536
10/26/2005,11.57664
10/27/2005,11.22801
10/28/2005,11.38182
10/31/2005,11.88426
11/1/2005,12.50975
11/3/2005,12.35594
11/4/2005,12.35594
11/7/2005,12.49847
11/8/2005,12.54974
11/9/2005,12.50975
11/10/2005,12.78148
11/11/2005,12.97117
11/14/2005,13.07371
11/16/2005,13.04295
11/17/2005,13.12498
11/18/2005,13.04295
11/21/2005,13.11473
11/22/2005,13.53514
11/23/2005,13.94529
11/24/2005,13.93504
11/25/2005,14.21189
11/28/2005,13.86326
11/29/2005,13.86326
11/30/2005,13.87352
12/1/2005,14.35545
12/2/2005,14.6323
12/5/2005,15.13474
12/6/2005,15.61668
12/7/2005,15.00349
12/8/2005,14.35545
12/9/2005,14.28367
12/12/2005,14.32469
12/13/2005,14.19139
12/14/2005,14.04783
12/15/2005,14.13191
12/16/2005,14.32469
12/19/2005,14.11551
12/20/2005,14.14627
12/21/2005,14.65486
12/22/2005,14.66307
12/23/2005,14.61795
12/26/2005,14.21395
12/27/2005,14.29598
12/28/2005,13.94529
12/29/2005,13.88377
1/2/2006,13.88377
1/3/2006,14.4785
1/4/2006,14.82713
1/5/2006,14.69998
1/6/2006,14.90916
1/9/2006,14.86609
1/10/2006,14.76766
1/11/2006,15.21678
1/12/2006,15.15525
1/13/2006,15.36033
1/16/2006,15.64744
1/17/2006,15.68845
1/18/2006,15.33982
1/19/2006,15.97351
1/20/2006,15.87302
1/23/2006,15.9284
1/24/2006,16.75486
1/26/2006,17.11785
1/27/2006,17.23064
1/30/2006,17.94636
1/31/2006,17.84177
2/1/2006,17.9033
2/2/2006,17.28806
2/3/2006,17.00095
2/6/2006,16.89841
2/7/2006,16.40623
2/8/2006,16.28318
2/9/2006,16.68308
2/10/2006,17.2573
2/13/2006,16.70974
2/14/2006,16.64207
2/15/2006,16.95994
2/16/2006,18.1904
2/17/2006,18.08787
2/20/2006,17.83152
2/21/2006,18.49802
2/22/2006,18.00583
2/23/2006,17.3906
2/24/2006,17.96482
3/1/2006,18.7113
3/2/2006,18.55954
3/3/2006,18.45701
3/6/2006,17.89304
3/7/2006,17.30857
3/8/2006,16.82664
3/9/2006,16.36521
3/10/2006,16.69334
3/13/2006,16.82664
3/14/2006,17.124
3/15/2006,17.40085
3/16/2006,17.63874
3/17/2006,17.71873
3/20/2006,17.59568
3/21/2006,17.08298
3/22/2006,17.26755
3/23/2006,17.08298
3/24/2006,16.92918
3/27/2006,16.58054
3/28/2006,16.13963
3/29/2006,16.30369
3/30/2006,16.03709
3/31/2006,15.89558
4/3/2006,16.20115
4/4/2006,16.28318
4/5/2006,16.42879
4/6/2006,16.42879
4/7/2006,16.23396
4/10/2006,15.83201
4/11/2006,15.50799
4/12/2006,15.44646
4/13/2006,15.38084
4/17/2006,15.37058
4/18/2006,15.6864
4/19/2006,16.29343
4/20/2006,16.80613
4/24/2006,16.63181
4/25/2006,16.48826
4/26/2006,16.66257
4/27/2006,16.50877
4/28/2006,16.3242
5/2/2006,16.3447
5/3/2006,16.42673
5/4/2006,16.50877
5/5/2006,16.62156
5/8/2006,16.82869
5/9/2006,16.7323
5/10/2006,16.61131
5/11/2006,16.44724
5/12/2006,16.28113
5/15/2006,15.89353
5/16/2006,15.83201
5/17/2006,15.78894
5/18/2006,15.42185
5/19/2006,15.38084
5/22/2006,15.17576
5/23/2006,15.13474
5/24/2006,14.80457
5/25/2006,15.2783
5/26/2006,15.28445
5/29/2006,15.2783
5/30/2006,14.62615
5/31/2006,14.35545
6/1/2006,14.86814
6/2/2006,14.78611
6/5/2006,14.39646
6/6/2006,13.96375
6/7/2006,13.33211
6/8/2006,13.10447
6/9/2006,13.10447
6/12/2006,12.42772
6/13/2006,11.81248
6/14/2006,12.09959
6/16/2006,12.72713
6/19/2006,12.61229
6/20/2006,12.72508
6/21/2006,13.10447
6/22/2006,12.9076
6/23/2006,12.9199
6/26/2006,12.94041
6/27/2006,12.71483
6/28/2006,12.63074
6/29/2006,13.74227
6/30/2006,13.88377
7/3/2006,14.42928
7/4/2006,14.45799
7/5/2006,14.15037
7/6/2006,14.19139
7/7/2006,14.02732
7/10/2006,13.92479
7/11/2006,14.02938
7/12/2006,13.75252
7/13/2006,13.26854
7/14/2006,13.12498
7/17/2006,12.90965
7/18/2006,12.79891
7/19/2006,13.89402
7/20/2006,13.67869
7/21/2006,13.76072
7/24/2006,14.25291
7/25/2006,14.47644
7/26/2006,14.54002
7/27/2006,14.51951
7/28/2006,14.94607
7/31/2006,14.92967
8/1/2006,14.7656
8/2/2006,14.86814
8/3/2006,14.80662
8/4/2006,15.16551
8/7/2006,14.80662
8/8/2006,14.70203
8/9/2006,14.33494
8/10/2006,14.46824
8/11/2006,14.35545
8/14/2006,14.15037
8/15/2006,14.72459
8/16/2006,14.82713
8/17/2006,14.96863
8/18/2006,14.64461
8/21/2006,14.46004
8/22/2006,14.40672
8/23/2006,14.15037
8/24/2006,14.04578
8/25/2006,13.85301
8/28/2006,14.35135
8/29/2006,14.29598
8/30/2006,14.37596
8/31/2006,14.25496
9/1/2006,14.7451
9/4/2006,14.82713
9/5/2006,14.53797
9/6/2006,14.29187
9/8/2006,14.40672
9/11/2006,14.32469
9/12/2006,14.92967
9/13/2006,15.03221
9/14/2006,14.82713
9/15/2006,14.96043
9/18/2006,15.07322
9/19/2006,14.84558
9/20/2006,14.7451
9/21/2006,14.39646
9/22/2006,14.39852
9/25/2006,14.67947
9/26/2006,14.72459
9/27/2006,14.86404
9/28/2006,14.82713
9/29/2006,14.76355
10/2/2006,15.21472
10/3/2006,14.92967
10/4/2006,15.5408
10/5/2006,15.86277
10/6/2006,15.55605
10/9/2006,15.61794
10/10/2006,15.75205
10/11/2006,15.783
10/13/2006,16.04501
10/16/2006,16.14404
10/17/2006,15.86552
10/18/2006,16.09247
10/19/2006,16.10278
10/20/2006,15.83457
10/23/2006,16.23689
10/24/2006,16.35036
10/25/2006,16.26164
10/26/2006,16.09247
10/27/2006,15.96043
10/30/2006,15.6819
10/31/2006,15.69841
11/1/2006,15.88615
11/3/2006,15.89647
11/6/2006,16.25339
11/7/2006,16.18943
11/8/2006,16.26577
11/9/2006,15.69222
11/10/2006,15.88409
11/13/2006,16.17499
11/14/2006,16.75267
11/16/2006,16.79393
11/17/2006,16.98993
11/21/2006,17.02088
11/22/2006,17.15911
11/23/2006,17.12403
11/24/2006,16.81456
11/27/2006,16.54223
11/28/2006,16.46383
11/29/2006,16.86614
11/30/2006,16.79393
12/1/2006,16.48446
12/4/2006,16.83519
12/5/2006,16.92391
12/6/2006,17.10547
12/7/2006,16.86614
12/8/2006,16.91772
12/11/2006,16.86614
12/12/2006,16.69284
12/13/2006,16.87646
12/14/2006,17.20656
12/15/2006,17.28496
12/18/2006,17.16736
12/19/2006,16.97961
12/20/2006,17.23957
12/21/2006,17.29734
12/22/2006,17.12403
12/26/2006,17.24782
12/27/2006,17.65013
12/28/2006,17.84613
1/2/2007,18.44238
1/3/2007,18.31859
1/4/2007,18.35573
1/5/2007,17.60062
1/8/2007,18.23813
1/9/2007,17.93897
1/10/2007,17.67077
1/11/2007,17.93897
1/12/2007,18.37429
1/15/2007,18.34128
1/16/2007,18.33097
1/17/2007,18.31034
1/18/2007,17.96992
1/19/2007,18.44444
1/22/2007,18.35985
1/23/2007,18.36192
1/24/2007,18.52697
1/26/2007,18.36398
1/29/2007,17.85645
1/30/2007,17.88739
1/31/2007,17.80281
2/1/2007,17.59856
2/2/2007,17.72234
2/5/2007,17.85232
2/6/2007,17.83582
2/7/2007,18.06482
2/8/2007,18.07308
2/9/2007,17.63982
2/12/2007,17.1426
2/13/2007,17.36542
2/14/2007,17.87502
2/15/2007,17.48508
2/16/2007,17.24989
2/21/2007,17.08277
2/22/2007,17.20656
2/23/2007,16.99406
2/26/2007,17.12403
2/27/2007,16.09247
2/28/2007,16.1131
3/1/2007,16.1131
3/2/2007,15.61794
3/5/2007,15.26721
3/6/2007,16.15023
3/7/2007,15.86552
3/8/2007,16.23689
3/9/2007,16.49271
3/12/2007,16.50509
3/13/2007,15.90678
3/14/2007,16.04708
3/15/2007,16.1296
3/16/2007,15.88615
3/19/2007,16.36067
3/20/2007,16.54636
3/21/2007,17.11784
3/22/2007,17.18593
3/23/2007,17.29115
3/26/2007,17.33035
3/27/2007,17.28909
3/28/2007,16.91772
3/29/2007,17.23544
3/30/2007,17.33035
4/2/2007,16.87233
4/3/2007,17.08277
4/4/2007,17.12816
4/5/2007,17.20656
4/9/2007,17.37161
4/10/2007,17.35511
4/11/2007,16.91772
4/12/2007,16.91772
4/13/2007,16.93835
4/16/2007,17.67283
4/17/2007,17.76361
4/18/2007,17.7471
4/19/2007,18.05245
4/20/2007,18.25876
4/23/2007,18.13497
4/24/2007,17.86264
4/25/2007,18.25876
4/26/2007,18.03181
4/27/2007,18.10196
4/30/2007,17.94104
5/2/2007,18.23813
5/3/2007,18.58473
5/4/2007,18.77042
5/7/2007,18.98086
5/8/2007,19.2078
5/9/2007,20.16922
5/10/2007,19.5998
5/11/2007,19.70708
5/14/2007,19.26557
5/15/2007,19.12528
5/16/2007,19.88864
5/17/2007,20.13621
5/18/2007,20.44156
5/21/2007,20.63137
5/22/2007,20.26413
5/23/2007,20.39204
5/24/2007,19.85563
5/25/2007,20.15684
5/28/2007,20.53234
5/29/2007,20.26413
5/30/2007,20.23112
5/31/2007,20.17748
6/1/2007,20.75928
6/4/2007,20.56535
6/5/2007,20.42918
6/6/2007,19.82262
6/8/2007,19.39348
6/11/2007,19.66169
6/12/2007,19.30683
6/13/2007,19.42649
6/14/2007,19.70708
6/15/2007,20.26
6/18/2007,20.3384
6/19/2007,20.1816
6/20/2007,19.72359
6/21/2007,19.76898
6/22/2007,19.68232
6/25/2007,19.39761
6/26/2007,19.16654
6/27/2007,19.24906
6/28/2007,19.17892
6/29/2007,19.2862
7/2/2007,19.48014
7/3/2007,19.62868
7/4/2007,19.55854
7/5/2007,19.47601
7/6/2007,19.31921
7/10/2007,19.43062
7/11/2007,19.62043
7/12/2007,20.34253
7/13/2007,20.80054
7/16/2007,21.3741
7/17/2007,21.39473
7/18/2007,21.39473
7/19/2007,21.80735
7/20/2007,21.73721
7/23/2007,22.10857
7/24/2007,21.24618
7/25/2007,21.04399
7/26/2007,20.36316
7/27/2007,19.89689
7/30/2007,20.26413
7/31/2007,20.21874
8/1/2007,20.22287
8/2/2007,20.34253
8/3/2007,20.0083
8/6/2007,20.09082
8/7/2007,20.46632
8/8/2007,21.02749
8/9/2007,20.39204
8/10/2007,20.33427
8/13/2007,20.07019
8/14/2007,19.72359
8/15/2007,18.99324
8/16/2007,18.77454
8/17/2007,18.98086
8/20/2007,19.29033
8/21/2007,19.2697
8/22/2007,19.74422
8/23/2007,19.45538
8/24/2007,19.79373
8/27/2007,19.80611
8/28/2007,19.2697
8/29/2007,19.43475
8/30/2007,19.21193
8/31/2007,20.19811
9/3/2007,20.47457
9/4/2007,20.30952
9/5/2007,19.81436
9/6/2007,19.68232
9/10/2007,18.81993
9/11/2007,18.83644
9/12/2007,18.81581
9/13/2007,19.51727
9/14/2007,19.47601
9/17/2007,19.35222
9/18/2007,20.36316
9/19/2007,20.652
9/20/2007,20.63137
9/21/2007,20.63137
9/24/2007,20.97385
9/25/2007,21.04399
9/26/2007,21.72483
9/27/2007,22.3644
9/28/2007,22.11682
10/1/2007,22.56246
10/2/2007,23.10713
10/3/2007,22.28188
10/4/2007,22.56246
10/5/2007,23.63117
10/8/2007,23.78797
10/9/2007,24.01491
10/10/2007,23.8086
10/11/2007,23.35471
10/15/2007,23.06587
10/16/2007,22.35202
10/17/2007,22.81416
10/18/2007,22.89256
10/19/2007,22.11682
10/22/2007,22.48819
10/23/2007,23.43723
10/24/2007,23.47437
10/25/2007,22.94208
10/26/2007,23.93239
10/29/2007,24.09331
10/30/2007,23.62291
10/31/2007,24.42754
11/1/2007,23.75083
11/5/2007,23.02873
11/6/2007,23.40835
11/7/2007,22.83892
11/8/2007,21.99304
11/9/2007,21.86925
11/12/2007,21.47313
11/13/2007,22.28188
11/14/2007,22.85955
11/16/2007,23.10713
11/19/2007,21.94765
11/21/2007,21.22968
11/22/2007,21.16778
11/23/2007,21.469
11/26/2007,21.13065
11/27/2007,21.61342
11/28/2007,23.06174
11/29/2007,23.08237
11/30/2007,23.47849
12/3/2007,23.8086
12/4/2007,24.01491
12/5/2007,24.34501
12/6/2007,25.05061
12/7/2007,25.17027
12/10/2007,25.129
12/11/2007,24.96395
12/12/2007,24.11807
12/13/2007,23.31344
12/14/2007,23.3217
12/17/2007,22.44693
12/18/2007,23.0246
12/19/2007,23.43723
12/20/2007,23.31344
12/21/2007,23.25568
12/26/2007,23.68481
12/27/2007,23.33408
12/28/2007,23.49913
1/2/2008,21.86925
1/3/2008,21.41948
1/4/2008,21.16778
1/7/2008,21.60745
1/8/2008,21.93828
1/9/2008,21.74805
1/10/2008,22.04166
1/11/2008,21.68602
1/14/2008,21.9052
1/15/2008,20.96646
1/16/2008,20.59428
1/17/2008,19.73411
1/18/2008,19.80442
1/21/2008,19.10553
1/22/2008,19.10553
1/23/2008,18.67132
1/24/2008,20.10216
1/28/2008,20.3048
1/29/2008,19.8499
1/30/2008,19.84577
1/31/2008,19.32471
2/1/2008,19.25854
2/6/2008,18.73335
2/7/2008,18.41906
2/8/2008,18.28259
2/11/2008,19.02283
2/12/2008,19.64313
2/13/2008,20.18074
2/14/2008,19.68862
2/15/2008,19.80855
2/18/2008,20.26344
2/19/2008,19.93261
2/20/2008,20.34202
2/21/2008,20.26758
2/22/2008,20.75969
2/25/2008,21.18977
2/26/2008,22.02099
2/27/2008,22.30633
2/28/2008,22.46348
2/29/2008,21.83489
3/3/2008,22.36423
3/4/2008,21.90106
3/5/2008,22.50896
3/6/2008,21.50406
3/7/2008,21.13188
3/10/2008,20.75142
3/11/2008,21.73151
3/12/2008,21.46271
3/13/2008,21.62399
3/14/2008,21.37587
3/17/2008,20.67698
3/18/2008,21.27662
3/19/2008,20.036
3/20/2008,20.11871
3/24/2008,20.22209
3/25/2008,21.00782
3/26/2008,20.63563
3/27/2008,20.22209
3/28/2008,19.86645
3/31/2008,20.18074
4/1/2008,20.59428
4/2/2008,21.00782
4/3/2008,21.08639
4/4/2008,21.06985
4/7/2008,21.48752
4/8/2008,21.46891
4/9/2008,21.02849
4/10/2008,21.30763
4/11/2008,20.90443
4/14/2008,20.47642
4/15/2008,20.59428
4/16/2008,21.43169
4/17/2008,22.17607
4/18/2008,22.36216
4/22/2008,22.31253
4/23/2008,22.02099
4/24/2008,22.41178
4/25/2008,22.95145
4/28/2008,22.71573
4/29/2008,22.052
4/30/2008,23.69582
5/2/2008,25.12254
5/5/2008,24.99847
5/6/2008,24.2479
5/7/2008,23.88192
5/8/2008,23.81989
5/9/2008,23.69582
5/12/2008,24.03699
5/13/2008,23.69582
5/14/2008,23.43529
5/15/2008,23.6586
5/16/2008,23.76406
5/19/2008,24.13004
5/20/2008,23.94395
5/21/2008,23.39187
5/23/2008,23.37326
5/26/2008,23.07551
5/27/2008,23.59657
5/28/2008,24.44019
5/29/2008,23.95015
5/30/2008,24.37816
6/2/2008,23.75785
6/3/2008,23.26161
6/4/2008,23.01348
6/5/2008,23.69582
6/6/2008,23.13134
6/9/2008,22.72814
6/10/2008,22.21949
6/11/2008,21.59918
6/12/2008,22.33114
6/13/2008,22.4552
6/16/2008,22.35595
6/17/2008,22.62889
6/18/2008,22.12644
6/19/2008,21.95275
6/20/2008,21.30763
6/23/2008,21.12154
6/24/2008,20.8486
6/25/2008,21.2394
6/26/2008,20.41439
6/27/2008,20.29653
6/30/2008,20.46401
7/1/2008,19.86851
7/2/2008,19.91194
7/3/2008,19.41569
7/4/2008,19.42189
7/7/2008,19.54595
7/8/2008,20.16626
7/10/2008,19.97397
7/11/2008,19.78787
7/14/2008,19.57697
7/15/2008,19.31644
7/16/2008,20.6501
7/17/2008,20.78037
7/18/2008,21.50613
7/21/2008,21.28282
7/22/2008,21.15255
7/23/2008,21.09673
7/24/2008,20.37717
7/25/2008,20.06701
7/28/2008,19.79408
7/29/2008,20.27792
7/30/2008,20.74935
7/31/2008,20.56326
8/1/2008,20.05461
8/4/2008,18.90083
8/5/2008,19.47152
8/6/2008,19.94295
8/7/2008,19.88092
8/8/2008,19.66381
8/11/2008,19.10553
8/12/2008,18.85741
8/13/2008,18.80158
8/14/2008,19.07452
8/15/2008,18.70233
8/18/2008,18.18748
8/19/2008,18.08823
8/20/2008,18.57827
8/21/2008,18.72714
8/22/2008,18.8388
8/25/2008,18.41699
8/26/2008,18.0386
8/27/2008,18.45421
8/28/2008,18.90083
8/29/2008,18.57827
9/1/2008,18.29913
9/2/2008,18.78918
9/3/2008,18.91944
9/4/2008,18.47902
9/5/2008,18.76436
9/8/2008,19.16756
9/9/2008,18.45421
9/10/2008,18.48522
9/11/2008,18.45421
9/12/2008,18.60308
9/15/2008,17.30043
9/16/2008,17.30664
9/17/2008,16.4258
9/18/2008,17.55476
9/19/2008,18.85741
9/22/2008,18.29913
9/23/2008,18.11304
9/24/2008,18.2309
9/25/2008,18.79538
9/26/2008,18.73335
9/29/2008,17.67882
9/30/2008,19.19238
10/1/2008,19.16756
10/2/2008,17.86491
10/3/2008,16.96547
10/6/2008,15.84891
10/7/2008,15.75586
10/8/2008,15.69383
10/9/2008,14.57107
10/10/2008,13.70884
10/13/2008,16.74215
10/14/2008,17.60438
10/15/2008,16.19008
10/16/2008,15.56977
10/17/2008,14.8254
10/20/2008,15.97297
10/21/2008,15.75586
10/22/2008,13.94456
10/23/2008,13.39869
10/24/2008,12.41239
10/27/2008,11.87272
10/28/2008,13.51654
10/29/2008,14.29813
10/30/2008,16.05361
10/31/2008,15.56357
11/3/2008,16.25211
11/4/2008,16.75456
11/5/2008,15.48913
11/6/2008,14.67652
11/7/2008,14.65171
11/10/2008,14.81919
11/11/2008,14.6393
11/12/2008,13.49173
11/13/2008,14.73235
11/14/2008,14.85641
11/17/2008,14.73235
11/18/2008,13.64681
11/19/2008,13.31184
11/21/2008,12.0278
11/24/2008,13.55376
11/25/2008,13.85151
11/26/2008,14.6393
11/27/2008,14.88743
11/28/2008,15.27822
12/1/2008,14.55866
12/2/2008,15.00529
12/3/2008,15.12935
12/4/2008,14.87502
12/5/2008,15.07352
12/8/2008,15.66282
12/9/2008,15.69383
12/10/2008,15.74966
12/11/2008,15.13555
12/12/2008,15.72485
12/15/2008,15.10454
12/16/2008,16.06602
12/17/2008,16.18388
12/18/2008,15.94195
12/19/2008,15.2286
12/22/2008,14.67032
12/23/2008,14.09343
12/26/2008,13.77707
12/29/2008,13.80189
12/30/2008,14.01279
1/2/2009,15.4395
1/5/2009,15.32165
1/6/2009,15.81789
1/7/2009,15.10454
1/8/2009,15.12935
1/9/2009,14.97427
1/12/2009,14.4284
1/13/2009,13.87012
1/14/2009,13.0327
1/15/2009,13.4297
1/16/2009,13.15056
1/19/2009,13.16917
1/20/2009,12.47442
1/21/2009,13.08233
1/22/2009,12.96447
1/23/2009,13.10094
1/26/2009,13.11955
1/27/2009,12.86522
1/28/2009,13.46072
1/29/2009,13.05752
1/30/2009,12.90244
2/2/2009,12.56127
2/3/2009,12.59228
2/4/2009,12.96447
2/5/2009,13.39869
2/6/2009,14.0376
2/9/2009,14.06242
2/10/2009,13.69023
2/11/2009,13.91975
2/12/2009,13.53515
2/13/2009,13.98798
2/16/2009,13.91354
2/17/2009,13.35526
2/18/2009,13.4297
2/19/2009,13.27462
2/20/2009,12.72255
2/25/2009,13.0265
2/26/2009,13.11955
2/27/2009,12.84041
3/2/2009,12.35657
3/3/2009,12.28833
3/4/2009,12.92725
3/5/2009,12.65431
3/6/2009,12.94586
3/9/2009,12.57367
3/10/2009,13.33045
3/11/2009,13.21259
3/12/2009,13.55997
3/13/2009,13.46072
3/16/2009,13.53515
3/17/2009,13.77087
3/18/2009,14.0376
3/19/2009,13.59098
3/20/2009,13.34286
3/23/2009,14.32915
3/24/2009,14.0252
3/25/2009,14.14306
3/26/2009,14.54626
3/27/2009,14.6269
3/30/2009,14.16787
3/31/2009,14.32915
4/1/2009,14.75096
4/2/2009,15.17897
4/3/2009,15.50774
4/6/2009,15.66282
4/7/2009,15.56977
4/8/2009,15.76827
4/9/2009,16.40719
4/13/2009,16.40719
4/14/2009,15.85511
4/15/2009,15.87992
4/16/2009,16.34516
4/17/2009,16.25211
4/20/2009,15.56977
4/22/2009,15.42089
4/23/2009,16.10324
4/24/2009,16.28933
4/27/2009,15.71244
4/28/2009,15.87992
4/29/2009,16.82279
4/30/2009,16.80418
5/4/2009,17.61679
5/5/2009,18.05101
5/6/2009,18.30533
5/7/2009,17.50513
5/8/2009,17.98898
5/11/2009,17.52374
5/12/2009,17.29423
5/13/2009,16.65531
5/14/2009,16.97167
5/15/2009,16.87242
5/18/2009,17.74085
5/19/2009,17.67882
5/20/2009,17.70984
5/21/2009,17.54856
5/22/2009,17.74706
5/25/2009,17.95796
5/26/2009,18.34255
5/27/2009,18.36116
5/28/2009,18.85121
5/29/2009,18.79538
6/1/2009,19.12414
6/2/2009,18.75816
6/3/2009,18.28052
6/4/2009,18.58447
6/5/2009,18.4418
6/8/2009,18.61549
6/9/2009,18.4418
6/10/2009,18.57207
6/12/2009,18.92564
6/15/2009,18.39218
6/16/2009,18.33015
6/17/2009,18.15646
6/18/2009,18.0386
6/19/2009,18.21229
6/22/2009,17.61679
6/23/2009,17.18257
6/24/2009,17.18257
6/25/2009,17.73465
6/26/2009,17.92695
6/29/2009,18.11304
6/30/2009,17.97657
7/1/2009,17.92695
7/2/2009,17.61679
7/3/2009,17.4307
7/6/2009,17.34385
7/7/2009,17.21359
7/8/2009,16.77937
7/10/2009,16.66772
7/13/2009,16.87862
7/14/2009,16.829
7/15/2009,17.55476
7/16/2009,17.67882
7/17/2009,17.71604
7/20/2009,18.20608
7/21/2009,18.01999
7/22/2009,18.09443
7/23/2009,18.53485
7/24/2009,18.68372
7/27/2009,18.67132
7/28/2009,18.58447
7/29/2009,18.26812
7/30/2009,18.46661
7/31/2009,18.33015
8/3/2009,18.70233
8/4/2009,18.49763
8/5/2009,18.82639
8/6/2009,18.57827
8/7/2009,18.98147
8/10/2009,19.16756
8/11/2009,18.60308
8/12/2009,18.79538
8/13/2009,18.59068
8/14/2009,18.45421
8/17/2009,17.93315
8/18/2009,18.22469
8/19/2009,18.45421
8/20/2009,18.76436
8/21/2009,18.79538
8/24/2009,18.70854
8/25/2009,18.85741
8/26/2009,19.16756
8/27/2009,19.16756
8/28/2009,19.29163
8/31/2009,19.07452
9/1/2009,18.85741
9/2/2009,18.68372
9/3/2009,18.73335
9/4/2009,19.31024
9/8/2009,19.55836
9/9/2009,19.68242
9/10/2009,19.81889
9/11/2009,20.06081
9/14/2009,20.16006
9/15/2009,20.37717
9/16/2009,20.78037
9/17/2009,20.85481
9/18/2009,20.93545
9/21/2009,20.76176
9/22/2009,20.8424
9/23/2009,20.48262
9/24/2009,20.33995
9/25/2009,20.47021
9/28/2009,20.86101
9/29/2009,21.40068
9/30/2009,21.86591
10/1/2009,21.72944
10/2/2009,21.97757
10/5/2009,22.73434
10/6/2009,22.39938
10/7/2009,21.50613
10/8/2009,22.052
10/9/2009,22.26911
10/13/2009,22.51724
10/14/2009,23.07551
10/15/2009,23.06311
10/16/2009,22.74055
10/19/2009,22.90803
10/20/2009,22.33114
10/21/2009,22.33114
10/22/2009,22.89562
10/23/2009,22.67231
10/26/2009,22.48622
10/27/2009,22.07682
10/28/2009,20.87342
10/29/2009,22.08302
10/30/2009,21.4379
11/3/2009,21.89693
11/4/2009,21.72944
11/5/2009,21.86591
11/6/2009,21.70463
11/9/2009,22.02099
11/10/2009,22.14505
11/11/2009,22.11403
11/12/2009,21.6488
11/13/2009,21.83489
11/16/2009,22.33114
11/17/2009,22.57927
11/18/2009,22.35595
11/19/2009,21.88452
11/23/2009,22.2381
11/24/2009,22.4552
11/25/2009,22.54825
11/26/2009,22.0458
11/27/2009,22.21328
11/30/2009,22.6413
12/1/2009,23.07551
12/2/2009,23.10653
12/3/2009,23.16856
12/4/2009,23.10653
12/7/2009,23.56556
12/8/2009,23.4415
12/9/2009,23.43529
12/10/2009,23.70203
12/11/2009,23.82609
12/14/2009,23.63379
12/15/2009,23.67721
12/16/2009,23.06931
12/17/2009,22.50483
12/18/2009,22.30013
12/21/2009,22.26911
12/22/2009,22.4552
12/23/2009,22.26911
12/28/2009,22.35595
12/29/2009,22.51724
12/30/2009,22.56686
1/4/2010,23.38567
1/5/2010,23.26161
1/6/2010,23.07551
1/7/2010,23.01348
1/8/2010,22.98867
1/11/2010,23.00728
1/12/2010,23.07551
1/13/2010,23.19958
1/14/2010,22.70333
1/15/2010,22.38077
1/18/2010,22.57927
1/19/2010,22.78397
1/20/2010,22.2443
1/21/2010,21.68478
1/22/2010,21.68478
1/26/2010,21.79395
1/27/2010,21.30949
1/28/2010,21.67113
1/29/2010,21.37773
2/1/2010,21.73937
2/2/2010,22.07371
2/3/2010,21.93725
2/4/2010,21.28902
2/5/2010,20.50433
2/8/2010,20.47021
2/9/2010,21.1662
2/10/2010,21.42549
2/11/2010,21.57561
2/12/2010,21.56878
2/17/2010,22.17607
2/18/2010,22.0396
2/19/2010,21.82807
2/22/2010,21.59608
2/23/2010,21.15255
2/24/2010,21.08432
2/25/2010,21.0502
2/26/2010,21.25491
3/1/2010,21.49372
3/2/2010,21.73254
3/3/2010,21.69843
3/4/2010,21.73254
3/5/2010,21.80078
3/8/2010,21.59608
3/9/2010,21.74619
3/10/2010,21.82125
3/11/2010,21.93725
3/12/2010,21.71207
3/15/2010,21.66431
3/16/2010,21.85537
3/17/2010,21.66431
3/18/2010,21.63702
3/19/2010,21.49372
3/22/2010,21.55514
3/23/2010,21.23444
3/24/2010,20.99562
3/25/2010,21.29585
3/26/2010,21.42549
3/29/2010,21.83489
3/30/2010,22.01913
3/31/2010,22.38077
4/1/2010,22.64006
4/5/2010,22.61959
4/6/2010,22.333
4/7/2010,22.3603
4/8/2010,23.06311
4/9/2010,23.02899
4/12/2010,22.72194
4/13/2010,22.51724
4/14/2010,22.58547
4/15/2010,22.28524
4/16/2010,21.82125
4/19/2010,21.63019
4/20/2010,21.75301
4/22/2010,21.76666
4/23/2010,21.61655
4/26/2010,21.32314
4/27/2010,20.98197
4/28/2010,21.35726
4/29/2010,21.78031
4/30/2010,21.70525
5/3/2010,21.59608
5/4/2010,21.06385
5/5/2010,21.12526
5/6/2010,21.15255
5/7/2010,20.94785
5/10/2010,21.6029
5/11/2010,21.39137
5/12/2010,21.61655
5/13/2010,21.28902
5/14/2010,21.01609
5/17/2010,21.11844
5/18/2010,20.60668
5/19/2010,19.99258
5/20/2010,19.68552
5/21/2010,20.60668
5/24/2010,20.39516
5/25/2010,19.5627
5/26/2010,19.52858
5/27/2010,20.19045
5/28/2010,20.12904
5/31/2010,20.74315
6/1/2010,20.31328
6/2/2010,20.67492
6/4/2010,20.47021
6/7/2010,20.06081
6/8/2010,20.14951
6/9/2010,19.90387
6/10/2010,20.36786
6/11/2010,20.57257
6/14/2010,20.33375
6/15/2010,20.74315
6/16/2010,20.94785
6/17/2010,20.70903
6/18/2010,21.03656
6/21/2010,21.14573
6/22/2010,20.94785
6/23/2010,21.01609
6/24/2010,20.39516
6/25/2010,20.62033
6/28/2010,20.41563
6/29/2010,19.48764
6/30/2010,19.18059
7/1/2010,20.04034
7/2/2010,20.2041
7/5/2010,19.89705
7/6/2010,20.53845
7/7/2010,21.50737
7/8/2010,21.98501
7/12/2010,21.80078
7/13/2010,22.07371
7/14/2010,22.03687
7/15/2010,22.02186
7/16/2010,21.64657
7/19/2010,22.13444
7/20/2010,22.4647
7/21/2010,22.29206
7/22/2010,22.94506
7/23/2010,23.1177
7/26/2010,23.05014
7/27/2010,23.1252
7/28/2010,24.1685
7/29/2010,24.16099
7/30/2010,24.20603
8/2/2010,24.35614
8/3/2010,23.94333
8/4/2010,23.7782
8/5/2010,23.83074
8/6/2010,23.86827
8/9/2010,24.01838
8/10/2010,23.69564
8/11/2010,23.23028
8/12/2010,23.26781
8/13/2010,23.20026
8/16/2010,23.47797
8/17/2010,23.60557
8/18/2010,23.86827
8/19/2010,23.45545
8/20/2010,23.3804
8/23/2010,23.3804
8/24/2010,22.85499
8/25/2010,22.51724
8/26/2010,22.17948
8/27/2010,22.77994
8/30/2010,22.25453
8/31/2010,22.8625
9/1/2010,23.67312
9/2/2010,23.1252
9/3/2010,22.92255
9/6/2010,22.78744
9/8/2010,23.07266
9/9/2010,23.2528
9/10/2010,23.15522
9/13/2010,24.09344
9/14/2010,24.20603
9/15/2010,24.36365
9/16/2010,24.1685
9/17/2010,23.9058
9/20/2010,24.31861
9/21/2010,24.07843
9/22/2010,24.24356
9/23/2010,24.54379
9/24/2010,24.24356
9/27/2010,24.50626
9/28/2010,24.53628
9/29/2010,25.2193
9/30/2010,25.45949
10/1/2010,25.75221
10/4/2010,25.61711
10/5/2010,26.2626
10/6/2010,26.15752
10/7/2010,26.14251
10/8/2010,26.73546
10/11/2010,26.6454
10/13/2010,27.20082
10/14/2010,27.11075
10/15/2010,26.87807
10/18/2010,26.99066
10/19/2010,26.49528
10/20/2010,26.97565
10/21/2010,26.49528
10/22/2010,26.83304
10/25/2010,27.16329
10/26/2010,27.6962
10/27/2010,26.45775
10/28/2010,26.15002
10/29/2010,26.30764
11/1/2010,27.02068
11/3/2010,27.37345
11/4/2010,27.65867
11/5/2010,27.70371
11/8/2010,27.84631
11/9/2010,27.02068
11/10/2010,27.39597
11/11/2010,26.72045
11/12/2010,26.61537
11/16/2010,26.32265
11/17/2010,26.10498
11/18/2010,26.24759
11/19/2010,26.48777
11/22/2010,25.93235
11/23/2010,25.45949
11/24/2010,26.00741
11/25/2010,25.91734
11/26/2010,25.70718
11/29/2010,25.63212
11/30/2010,25.19679
12/1/2010,25.75221
12/2/2010,26.00741
12/3/2010,25.482
12/6/2010,25.03166
12/7/2010,24.73143
12/8/2010,24.66388
12/9/2010,24.4312
12/10/2010,24.35614
12/13/2010,24.63386
12/14/2010,24.73143
12/15/2010,24.46122
12/16/2010,24.09344
12/17/2010,24.1685
12/20/2010,23.89166
12/21/2010,24.27604
12/22/2010,24.75839
12/23/2010,24.66041
12/27/2010,24.16298
12/28/2010,24.11776
12/29/2010,24.47953
12/30/2010,24.60766
1/3/2011,24.90159
1/4/2011,25.12016
1/5/2011,25.58744
1/6/2011,24.90913
1/7/2011,24.48707
1/10/2011,24.53229
1/11/2011,24.66041
1/12/2011,25.14277
1/13/2011,24.83376
1/14/2011,25.0674
1/17/2011,24.72071
1/18/2011,24.74332
1/19/2011,24.44938
1/20/2011,24.01225
1/21/2011,23.81629
1/24/2011,24.18559
1/26/2011,24.0424
1/27/2011,24.14037
1/28/2011,23.56758
1/31/2011,23.21335
2/1/2011,23.24349
2/2/2011,22.94956
2/3/2011,22.76868
2/4/2011,22.00746
2/7/2011,22.23356
2/8/2011,22.83651
2/9/2011,22.41445
2/10/2011,22.45967
2/11/2011,23.28872
2/14/2011,23.34901
2/15/2011,23.65802
2/16/2011,24.29865
2/17/2011,24.32879
2/18/2011,24.19313
2/21/2011,23.87659
2/22/2011,23.27364
2/23/2011,23.36408
2/24/2011,23.49221
2/25/2011,23.58265
2/28/2011,24.11776
3/1/2011,23.74092
3/2/2011,23.71831
3/3/2011,24.14037
3/4/2011,24.19313
3/9/2011,23.65048
3/10/2011,22.77621
3/11/2011,22.98724
3/14/2011,23.13044
3/15/2011,23.35655
3/16/2011,22.91187
3/17/2011,22.91187
3/18/2011,23.21335
3/21/2011,23.41684
3/22/2011,24.19313
3/23/2011,23.86905
3/24/2011,23.85398
3/25/2011,23.83136
3/28/2011,23.73339
3/29/2011,23.71831
3/30/2011,24.45692
3/31/2011,25.13523
4/1/2011,25.24828
4/4/2011,25.02218
4/5/2011,24.90159
4/6/2011,24.80361
4/7/2011,24.9845
4/8/2011,24.45692
4/11/2011,24.29865
4/12/2011,24.00471
4/13/2011,24.05747
4/14/2011,23.84644
4/15/2011,23.74092
4/18/2011,23.68817
4/19/2011,23.86151
4/20/2011,24.29111
4/25/2011,24.25343
4/26/2011,24.38909
4/27/2011,24.00471
4/28/2011,23.42438
4/29/2011,23.67309
5/2/2011,23.4696
5/3/2011,22.76114
5/4/2011,22.74607
5/5/2011,22.88926
5/6/2011,23.36408
5/9/2011,23.45452
5/10/2011,23.82383
5/11/2011,23.71831
5/12/2011,23.78614
5/13/2011,23.17566
5/16/2011,22.96463
5/17/2011,23.10029
5/18/2011,22.49735
5/19/2011,22.49735
5/20/2011,22.49735
5/23/2011,22.51996
5/24/2011,22.9571
5/25/2011,22.74607
5/26/2011,23.4093
5/27/2011,23.39423
5/30/2011,23.25857
5/31/2011,23.37916
6/1/2011,22.99478
6/2/2011,23.13798
6/3/2011,23.25103
6/6/2011,22.87419
6/7/2011,23.3264
6/8/2011,23.28118
6/9/2011,23.10783
6/10/2011,22.77621
6/13/2011,22.79882
6/14/2011,23.00985
6/15/2011,23.16813
6/16/2011,22.91187
6/17/2011,22.83651
6/20/2011,22.91187
6/21/2011,22.92695
6/22/2011,23.10029
6/24/2011,22.93449
6/27/2011,23.04754
6/28/2011,23.59019
6/29/2011,23.77861
6/30/2011,23.89166
7/1/2011,23.96703
7/4/2011,24.30618
7/5/2011,24.22328
7/6/2011,23.92934
7/7/2011,23.59019
7/8/2011,23.19827
7/11/2011,22.49735
7/12/2011,22.00746
7/13/2011,22.56518
7/14/2011,22.02253
7/15/2011,21.66077
7/18/2011,21.17841
7/19/2011,21.47988
7/20/2011,21.74367
7/21/2011,22.27125
7/22/2011,22.30893
7/25/2011,22.03007
7/26/2011,21.99992
7/27/2011,21.7286
7/28/2011,22.12051
7/29/2011,22.23356
8/1/2011,22.44459
8/2/2011,21.70599
8/3/2011,21.35176
8/4/2011,20.57547
8/5/2011,20.87694
8/8/2011,19.03796
8/9/2011,20.08557
8/10/2011,19.79918
8/11/2011,20.34936
8/12/2011,20.37951
8/15/2011,20.68852
8/16/2011,20.71113
8/17/2011,21.10304
8/18/2011,20.27399
8/19/2011,19.7841
8/22/2011,19.75396
8/23/2011,20.04789
8/24/2011,20.19863
8/25/2011,20.04789
8/26/2011,20.01021
8/29/2011,20.46241
8/30/2011,20.65083
8/31/2011,21.21609
9/1/2011,22.78375
9/2/2011,21.93209
9/5/2011,21.16334
9/6/2011,21.96977
9/8/2011,22.27125
9/9/2011,21.61555
9/12/2011,21.24624
9/13/2011,21.17841
9/14/2011,21.40451
9/15/2011,21.67584
9/16/2011,22.00746
9/19/2011,21.89441
9/20/2011,21.82658
9/21/2011,21.79643
9/22/2011,20.92216
9/23/2011,20.23631
9/26/2011,20.59808
9/27/2011,20.97492
9/28/2011,21.0126
9/29/2011,21.23871
9/30/2011,20.88448
10/3/2011,20.34936
10/4/2011,20.583
10/5/2011,20.61315
10/6/2011,20.79403
10/7/2011,20.27399
10/10/2011,21.10304
10/11/2011,21.32161
10/13/2011,21.81904
10/14/2011,21.77382
10/17/2011,21.70599
10/18/2011,22.06022
10/19/2011,22.00746
10/20/2011,22.00746
10/21/2011,22.47474
10/24/2011,23.02493
10/25/2011,22.79129
10/26/2011,22.97971
10/27/2011,23.70324
10/28/2011,23.62787
10/31/2011,23.40177
11/1/2011,23.17566
11/3/2011,23.3264
11/4/2011,23.2661
11/7/2011,23.36408
11/8/2011,23.51482
11/9/2011,23.13798
11/10/2011,22.70084
11/11/2011,23.02493
11/14/2011,23.36408
11/16/2011,23.44699
11/17/2011,22.6104
11/18/2011,22.19588
11/21/2011,21.78135
11/22/2011,21.47988
11/23/2011,21.12565
11/24/2011,21.17841
11/25/2011,21.10304
11/28/2011,21.5251
11/29/2011,21.35929
11/30/2011,22.33154
12/1/2011,23.10783
12/2/2011,23.13798
12/5/2011,23.41684
12/6/2011,23.56004
12/7/2011,23.36408
12/8/2011,23.36408
12/9/2011,23.53743
12/12/2011,23.4696
12/13/2011,23.19827
12/14/2011,22.91187
12/15/2011,22.33154
12/16/2011,22.324
12/19/2011,22.53503
12/20/2011,23.13798
12/21/2011,23.06261
12/22/2011,23.36408
12/23/2011,23.34901
12/26/2011,23.28118
12/27/2011,23.35655
12/28/2011,22.93449
12/29/2011,23.17566
1/2/2012,23.14552
1/3/2012,23.63541
1/4/2012,23.67309
1/5/2012,23.52236
1/6/2012,23.81629
1/9/2012,23.87659
1/10/2012,23.92934
1/11/2012,23.94442
1/12/2012,23.95195
1/13/2012,23.52236
1/16/2012,23.70324
1/17/2012,23.66556
1/18/2012,24.15545
1/19/2012,24.23082
1/20/2012,24.32879
1/23/2012,24.2685
1/24/2012,24.42677
1/26/2012,24.65288
1/27/2012,24.8413
1/30/2012,24.43431
1/31/2012,23.66556
2/1/2012,23.6128
2/2/2012,23.65802
2/3/2012,23.92934
2/6/2012,23.92934
2/7/2012,23.98964
2/8/2012,23.91427
2/9/2012,23.74092
2/10/2012,23.29625
2/13/2012,23.60526
2/14/2012,23.40177
2/15/2012,23.14552
2/16/2012,23.28872
2/17/2012,23.22088
2/22/2012,23.21335
2/23/2012,22.85158
2/24/2012,22.88926
2/27/2012,22.65562
2/28/2012,23.14552
2/29/2012,23.51482
3/1/2012,23.82383
3/2/2012,24.17052
3/5/2012,23.82383
3/6/2012,23.21335
3/7/2012,23.74846
3/8/2012,24.11776
3/9/2012,24.54736
3/12/2012,24.38155
3/13/2012,24.79608
3/14/2012,24.75839
3/15/2012,24.88652
3/16/2012,24.94681
3/19/2012,24.71317
3/20/2012,24.36648
3/21/2012,24.41924
3/22/2012,24.33633
3/23/2012,24.68302
3/26/2012,24.9242
3/27/2012,24.85637
3/28/2012,24.32126
3/29/2012,24.15545
3/30/2012,24.03486
4/2/2012,24.10269
4/3/2012,23.89166
4/4/2012,23.28872
4/5/2012,23.13798
4/9/2012,23.01739
4/10/2012,22.97971
4/11/2012,23.12291
4/12/2012,23.59772
4/13/2012,23.12291
4/16/2012,23.00232
4/17/2012,23.04754
4/18/2012,23.01739
4/19/2012,22.93449
4/20/2012,22.91187
4/23/2012,22.91187
4/24/2012,23.09276
4/25/2012,22.49735
4/26/2012,22.64809
4/27/2012,22.68577
4/30/2012,23.08522
5/2/2012,22.76114
5/3/2012,22.6104
5/4/2012,22.49735
5/7/2012,22.3843
5/8/2012,22.25617
5/9/2012,22.12051
5/10/2012,22.20342
5/11/2012,22.21095
5/14/2012,21.74367
5/15/2012,21.56279
5/16/2012,21.18595
5/17/2012,20.25892
5/18/2012,20.38705
5/21/2012,21.82658
5/22/2012,21.81904
5/23/2012,21.57032
5/24/2012,21.37437
5/25/2012,21.60047
5/28/2012,21.4422
5/29/2012,21.6683
5/30/2012,21.87933
5/31/2012,22.30893
6/1/2012,22.20342
6/4/2012,22.03007
6/5/2012,21.59293
6/6/2012,22.45967
6/8/2012,22.51242
6/11/2012,22.76114
6/12/2012,23.13798
6/13/2012,23.21335
6/14/2012,23.36408
6/15/2012,23.67309
6/18/2012,23.47714
6/19/2012,23.66556
6/20/2012,23.47714
6/21/2012,22.79882
6/22/2012,22.79882
6/25/2012,22.23356
6/26/2012,22.0979
6/27/2012,22.44459
6/28/2012,22.10544
6/29/2012,22.56518
7/2/2012,22.61794
7/3/2012,23.17566
7/4/2012,23.19827
7/5/2012,23.22088
7/6/2012,23.13798
7/10/2012,22.68577
7/11/2012,22.64809
7/12/2012,22.2411
7/13/2012,22.48228
7/16/2012,22.45967
7/17/2012,22.45213
7/18/2012,22.84404
7/19/2012,23.10029
7/20/2012,23.00985
7/23/2012,21.90948
7/24/2012,22.10544
7/25/2012,22.20342
7/26/2012,22.34661
7/27/2012,23.59019
7/30/2012,23.87659
7/31/2012,23.81629
8/1/2012,23.92934
8/2/2012,23.65048
8/3/2012,24.33633
8/6/2012,24.88652
8/7/2012,25.13523
8/8/2012,25.47439
8/9/2012,25.32365
8/10/2012,25.73818
8/13/2012,25.73818
8/14/2012,25.60251
8/15/2012,25.84369
8/16/2012,26.0095
8/17/2012,26.21299
8/20/2012,26.13009
8/21/2012,26.05472
8/22/2012,26.07733
8/23/2012,25.84369
8/24/2012,25.66281
8/27/2012,25.48192
8/28/2012,25.76079
8/29/2012,25.37641
8/30/2012,25.39902
8/31/2012,24.87144
9/3/2012,25.31611
9/4/2012,25.02218
9/5/2012,25.09755
9/6/2012,25.34626
9/10/2012,25.36887
9/11/2012,25.497
9/12/2012,25.88891
9/13/2012,26.55969
9/14/2012,26.91392
9/17/2012,27.01943
9/18/2012,26.69535
9/19/2012,26.68028
9/20/2012,26.58983
9/21/2012,26.83101
9/24/2012,26.67274
9/25/2012,24.90159
9/26/2012,24.66795
9/27/2012,24.9845
9/28/2012,24.54736
10/1/2012,24.99957
10/2/2012,25.01464
10/3/2012,24.38909
10/4/2012,24.4946
10/5/2012,24.38155
10/8/2012,24.30618
10/9/2012,23.56004
10/10/2012,23.37916
10/11/2012,23.79368
10/15/2012,23.77861
10/16/2012,24.17052
10/17/2012,24.2685
10/18/2012,24.44938
10/19/2012,24.38155
10/22/2012,23.92934
10/23/2012,23.67309
10/24/2012,23.85398
10/25/2012,24.44185
10/26/2012,24.1253
10/29/2012,24.13284
10/30/2012,24.30618
10/31/2012,24.11776
11/1/2012,25.00711
11/5/2012,24.9845
11/6/2012,25.32365
11/7/2012,24.72071
11/8/2012,24.31372
11/9/2012,24.2685
11/12/2012,24.11023
11/13/2012,24.61519
11/14/2012,24.41924
11/16/2012,24.6981
11/19/2012,25.24828
11/21/2012,25.76079
11/22/2012,26.03965
11/23/2012,26.34112
11/26/2012,26.0924
11/27/2012,25.69295
11/28/2012,25.51961
11/29/2012,25.9266
11/30/2012,26.74811
12/3/2012,26.98175
12/4/2012,26.59737
12/5/2012,27.01943
12/6/2012,26.46171
12/7/2012,26.47678
12/10/2012,26.82347
12/11/2012,26.98175
12/12/2012,27.01189
12/13/2012,27.20785
12/14/2012,27.08726
12/17/2012,27.08726
12/18/2012,27.10987
12/19/2012,27.78065
12/20/2012,27.50932
12/21/2012,27.83341
12/26/2012,26.83101
12/27/2012,26.34112
12/28/2012,26.50693
1/2/2013,27.14756
1/3/2013,28.73029
1/4/2013,28.22532
1/7/2013,28.10473
1/8/2013,28.20271
1/9/2013,28.56448
1/10/2013,28.18764
1/11/2013,28.08966
1/14/2013,28.5494
1/15/2013,28.11227
1/16/2013,28.25547
1/17/2013,28.72275
1/18/2013,28.82826
1/21/2013,28.70767
1/22/2013,28.94132
1/23/2013,28.51925
1/24/2013,28.45142
1/28/2013,27.57715
1/29/2013,27.26061
1/30/2013,26.98175
1/31/2013,27.58469
2/1/2013,27.44903
2/4/2013,27.05712
2/5/2013,27.03451
2/6/2013,26.52954
2/7/2013,26.30344
2/8/2013,26.83101
2/13/2013,26.59737
2/14/2013,26.24314
2/15/2013,27.40381
2/18/2013,27.84848
2/19/2013,27.25307
2/20/2013,26.63505
2/21/2013,26.34112
2/22/2013,26.88377
2/25/2013,26.81594
2/26/2013,26.22807
2/27/2013,26.3788
2/28/2013,26.61998
3/1/2013,26.94406
3/4/2013,27.23046
3/5/2013,27.29829
3/6/2013,27.26061
3/7/2013,27.53947
3/8/2013,27.94646
3/11/2013,27.94646
3/12/2013,27.72789
3/13/2013,27.8108
3/14/2013,27.72789
3/15/2013,27.91631
3/18/2013,27.41888
3/19/2013,27.05712
3/20/2013,27.29829
3/21/2013,27.04958
3/22/2013,27.00436
3/25/2013,26.68028
3/26/2013,27.04355
3/27/2013,27.63217
3/28/2013,28.3037
4/1/2013,28.02183
4/2/2013,27.69021
4/3/2013,28.02183
4/4/2013,27.61559
4/5/2013,27.61559
4/8/2013,27.23423
4/9/2013,27.94721
4/10/2013,28.60216
4/11/2013,28.569
4/12/2013,28.35345
4/15/2013,27.50782
4/16/2013,28.01354
4/17/2013,26.98552
4/18/2013,26.47151
4/19/2013,26.77825
4/22/2013,26.77825
4/23/2013,27.10158
4/24/2013,27.0021
4/25/2013,26.86116
4/26/2013,26.29741
4/29/2013,26.44663
4/30/2013,27.27568
5/2/2013,27.1762
5/3/2013,27.31714
5/6/2013,26.88603
5/7/2013,27.69021
5/8/2013,27.93892
5/9/2013,27.83944
5/10/2013,27.77311
5/13/2013,27.16791
5/14/2013,27.48294
5/15/2013,27.69021
5/16/2013,27.74824
5/17/2013,28.37003
5/20/2013,28.80942
5/21/2013,28.89233
5/22/2013,29.06643
5/23/2013,28.66848
5/24/2013,28.4778
5/27/2013,28.31199
5/28/2013,28.53584
5/29/2013,27.90576
5/31/2013,28.46122
6/3/2013,27.66534
6/4/2013,27.26739
6/5/2013,26.49638
6/6/2013,26.51296
6/7/2013,26.31399
6/10/2013,26.42176
6/11/2013,25.41032
6/12/2013,25.32742
6/13/2013,24.97922
6/14/2013,24.45692
6/17/2013,24.68076
6/18/2013,24.49837
6/19/2013,23.96778
6/20/2013,24.1253
6/21/2013,23.56155
6/24/2013,23.08899
6/25/2013,23.21335
6/26/2013,23.4289
6/27/2013,23.66932
6/28/2013,23.87659
7/1/2013,23.87659
7/2/2013,22.64959
7/3/2013,22.4672
7/4/2013,22.43404
7/5/2013,21.66303
7/8/2013,21.55525
7/10/2013,21.61328
7/11/2013,22.68276
7/12/2013,22.63301
7/15/2013,23.19677
7/16/2013,23.15531
7/17/2013,23.71078
7/18/2013,23.39574
7/19/2013,23.02267
7/22/2013,23.8683
7/23/2013,24.2082
7/24/2013,23.85171
7/25/2013,23.90146
7/26/2013,23.45377
7/29/2013,23.4289
7/30/2013,23.3377
7/31/2013,22.96463
8/1/2013,23.603
8/2/2013,23.37916
8/5/2013,22.89831
8/6/2013,22.43404
8/7/2013,22.50037
8/8/2013,23.22993
8/9/2013,23.47035
8/12/2013,23.84342
8/13/2013,24.41547
8/14/2013,24.16675
8/15/2013,23.85171
8/16/2013,23.62787
8/19/2013,23.58642
8/20/2013,23.27138
8/21/2013,22.88173
8/22/2013,22.79882
8/23/2013,23.2548
8/26/2013,22.97292
8/27/2013,22.30139
8/28/2013,22.17704
8/29/2013,22.50866
8/30/2013,22.97292
9/2/2013,23.18848
9/3/2013,22.92318
9/4/2013,23.03925
9/5/2013,23.30454
9/6/2013,23.75223
9/9/2013,24.44863
9/10/2013,24.74709
9/11/2013,24.98751
9/12/2013,24.50666
9/13/2013,24.70563
9/16/2013,24.81341
9/17/2013,25.07041
9/18/2013,25.89946
9/19/2013,26.00724
9/20/2013,25.36887
9/23/2013,25.54297
9/24/2013,25.49323
9/25/2013,25.61759
9/26/2013,25.6093
9/27/2013,26.28083
9/30/2013,25.18648
10/1/2013,25.58442
10/2/2013,25.57613
10/3/2013,25.49323
10/4/2013,25.39374
10/7/2013,25.49323
10/8/2013,25.46007
10/9/2013,25.88288
10/10/2013,26.23937
10/11/2013,26.15647
10/14/2013,26.72851
10/15/2013,26.79483
10/16/2013,27.02697
10/17/2013,27.16791
10/18/2013,27.41662
10/21/2013,27.02697
10/22/2013,27.41662
10/23/2013,26.86116
10/24/2013,26.83629
10/25/2013,26.66219
10/28/2013,26.64561
10/29/2013,26.93577
10/30/2013,26.828
10/31/2013,26.76167
11/1/2013,26.75338
11/4/2013,27.35859
11/5/2013,26.99381
11/6/2013,26.69535
11/7/2013,26.46322
11/8/2013,25.5181
11/11/2013,25.49323
11/12/2013,25.28597
11/13/2013,25.62588
11/14/2013,26.10672
11/18/2013,26.25595
11/19/2013,25.39374
11/21/2013,25.28597
11/22/2013,25.12016
11/25/2013,24.89631
11/26/2013,24.78854
11/27/2013,25.36887
11/28/2013,25.45178
11/29/2013,25.70049
12/2/2013,25.15332
12/3/2013,24.54811
12/4/2013,24.17504
12/5/2013,24.05898
12/6/2013,24.0424
12/9/2013,23.97607
12/10/2013,23.8683
12/11/2013,23.34599
12/12/2013,23.54497
12/13/2013,23.65274
12/16/2013,23.81026
12/17/2013,23.7771
12/18/2013,23.90975
12/19/2013,24.32427
12/20/2013,23.94291
12/23/2013,24.08385
12/26/2013,23.79368
12/27/2013,23.94291
12/30/2013,24.11701
1/2/2014,24.00094
1/3/2014,23.62787
1/6/2014,23.91804
1/7/2014,23.39574
1/8/2014,23.37916
1/9/2014,22.70763
1/10/2014,22.89831
1/13/2014,22.7325
1/14/2014,22.93976
1/15/2014,23.07241
1/16/2014,22.74079
1/17/2014,22.51695
1/20/2014,22.3843
1/21/2014,22.6413
1/22/2014,22.79053
1/23/2014,22.27652
1/24/2014,21.83713
1/27/2014,21.9449
1/28/2014,21.96148
1/29/2014,21.45577
1/30/2014,21.32312
1/31/2014,21.6879
2/3/2014,20.95005
2/4/2014,21.41431
2/5/2014,21.32312
2/6/2014,21.74593
2/7/2014,22.05268
2/10/2014,21.84542
2/11/2014,22.05268
2/12/2014,21.9449
2/13/2014,21.88687
2/14/2014,22.13558
2/17/2014,21.98636
2/18/2014,21.88687
2/19/2014,22.34285
2/20/2014,22.14387
2/21/2014,22.60814
2/24/2014,22.87344
2/25/2014,22.34285
2/26/2014,22.17704
2/27/2014,22.74079
2/28/2014,22.6413
3/5/2014,22.3843
3/6/2014,23.21335
3/7/2014,22.91489
3/10/2014,22.36772
3/11/2014,22.47549
3/12/2014,22.61643
3/13/2014,22.15217
3/14/2014,21.862
3/17/2014,22.32627
3/18/2014,22.59156
3/19/2014,22.8154
3/20/2014,23.46206
3/21/2014,23.42061
3/24/2014,24.07556
3/25/2014,23.93462
3/26/2014,24.46521
3/27/2014,25.39374
3/28/2014,25.45178
3/31/2014,25.85801
4/1/2014,26.13989
4/2/2014,26.77825
4/3/2014,26.63732
4/4/2014,26.32228
4/7/2014,27.38346
4/8/2014,26.84458
4/9/2014,26.62073
4/10/2014,26.79483
4/11/2014,27.49953
4/14/2014,27.15962
4/15/2014,26.90261
4/16/2014,27.21765
4/17/2014,27.71508
4/22/2014,27.62388
4/23/2014,27.35859
4/24/2014,27.85602
4/25/2014,27.79798
4/28/2014,27.59901
4/29/2014,27.81456
4/30/2014,27.51611
5/2/2014,27.85602
5/5/2014,28.44464
5/6/2014,28.6519
5/7/2014,28.99181
5/8/2014,28.66848
5/9/2014,28.42806
5/12/2014,28.94207
5/13/2014,28.80113
5/14/2014,29.28198
5/15/2014,28.90891
5/16/2014,29.09959
5/19/2014,28.60216
5/20/2014,28.08815
5/21/2014,27.37517
5/22/2014,27.65704
5/23/2014,27.21765
5/26/2014,27.10987
5/27/2014,26.69535
5/28/2014,26.96893
5/29/2014,26.67877
5/30/2014,25.87459
6/2/2014,25.91604
6/3/2014,26.11502
6/4/2014,25.89117
6/5/2014,25.6922
6/6/2014,26.94406
6/9/2014,27.67363
6/10/2014,27.88918
6/11/2014,28.53584
6/13/2014,28.46951
6/16/2014,28.44464
6/17/2014,28.06328
6/18/2014,28.55242
6/20/2014,28.4778
6/23/2014,28.24567
6/24/2014,28.68506
6/25/2014,27.20936
6/26/2014,27.15133
6/27/2014,26.85287
6/30/2014,26.57099
7/1/2014,26.57099
7/2/2014,26.47151
7/3/2014,26.93577
7/4/2014,27.06013
7/7/2014,26.86116
7/8/2014,26.57099
7/10/2014,27.35859
7/11/2014,27.5244
7/14/2014,28.51925
7/15/2014,28.77626
7/16/2014,27.83114
7/17/2014,27.70679
7/18/2014,29.03326
7/21/2014,29.2654
7/22/2014,29.16591
7/23/2014,29.13275
7/24/2014,29.51411
7/25/2014,29.2654
7/28/2014,28.96694
7/29/2014,29.0913
7/30/2014,28.94207
7/31/2014,28.69336
8/1/2014,28.97523
8/4/2014,29.3483
8/5/2014,29.09959
8/6/2014,29.11617
8/7/2014,28.80942
8/8/2014,28.18764
8/11/2014,28.97523
8/12/2014,28.97523
8/13/2014,28.70165
8/14/2014,29.55557
8/15/2014,29.97009
8/18/2014,30.17735
8/19/2014,31.0893
8/20/2014,31.25511
8/21/2014,31.66964
8/22/2014,31.17221
8/25/2014,32.05929
8/26/2014,32.23339
8/27/2014,33.08731
8/28/2014,33.03757
8/29/2014,33.85832
9/1/2014,33.76713
9/2/2014,34.44695
9/3/2014,34.52156
9/4/2014,33.32773
9/5/2014,33.89978
9/8/2014,32.95466
9/9/2014,32.51527
9/10/2014,31.71109
9/11/2014,31.56186
9/12/2014,30.67478
9/15/2014,31.65306
9/16/2014,32.51527
9/17/2014,32.68108
9/18/2014,32.24997
9/19/2014,31.50383
9/22/2014,31.24682
9/23/2014,30.98982
9/24/2014,31.23024
9/25/2014,30.4841
9/26/2014,31.82716
9/29/2014,29.58873
9/30/2014,28.88404
10/1/2014,27.84773
10/2/2014,28.69336
10/3/2014,29.29027
10/6/2014,31.50383
10/7/2014,31.29657
10/8/2014,31.03127
10/9/2014,31.63648
10/10/2014,30.11103
10/13/2014,32.46552
10/14/2014,32.91321
10/15/2014,31.11418
10/16/2014,30.01154
10/17/2014,31.17221
10/20/2014,30.43436
10/21/2014,28.86746
10/22/2014,28.93378
10/23/2014,27.19278
10/24/2014,27.89747
10/27/2014,27.29226
10/28/2014,29.14104
10/29/2014,27.98866
10/30/2014,29.88718
10/31/2014,30.94008
11/3/2014,30.55871
11/4/2014,30.9152
11/5/2014,30.45923
11/6/2014,29.80428
11/7/2014,29.92864
11/10/2014,30.08616
11/11/2014,30.26855
11/12/2014,30.35145
11/13/2014,29.54727
11/14/2014,29.64676
11/17/2014,28.98352
11/18/2014,30.28513
11/19/2014,31.58673
11/21/2014,33.99097
11/24/2014,33.4438
11/25/2014,33.92465
11/26/2014,33.57645
11/27/2014,32.94637
11/28/2014,32.79714
12/1/2014,31.08101
12/2/2014,30.53384
12/3/2014,31.04785
12/4/2014,30.38461
12/5/2014,31.05614
12/8/2014,29.49753
12/9/2014,30.18564
12/10/2014,29.30685
12/11/2014,30.01154
12/12/2014,28.25396
12/15/2014,27.45807
12/16/2014,27.59901
12/17/2014,28.95036
12/18/2014,28.77626
12/19/2014,29.51411
12/22/2014,29.76283
12/23/2014,29.6965
12/26/2014,29.06643
12/29/2014,29.2654
12/30/2014,29.06643
1/2/2015,28.43635
1/5/2015,28.4778
1/6/2015,29.41463
1/7/2015,30.58358
1/8/2015,30.7411
1/9/2015,29.40634
1/12/2015,28.88404
1/13/2015,28.97523
1/14/2015,29.28198
1/15/2015,28.98352
1/16/2015,29.2654
1/19/2015,28.6519
1/20/2015,28.56071
1/21/2015,29.25711
1/22/2015,29.58044
1/23/2015,29.32343
1/26/2015,29.79599
1/27/2015,29.84573
1/28/2015,29.13275
1/29/2015,28.826
1/30/2015,27.96379
2/2/2015,28.25396
2/3/2015,29.28198
2/4/2015,30.01983
2/5/2015,29.53898
2/6/2015,29.66334
2/9/2015,29.97009
2/10/2015,29.21566
2/11/2015,28.42806
2/12/2015,29.55557
2/13/2015,30.34316
2/18/2015,30.67478
2/19/2015,30.60846
2/20/2015,30.68307
2/23/2015,30.98153
2/24/2015,31.32144
2/25/2015,31.49554
2/26/2015,31.56186
2/27/2015,31.17221
3/2/2015,30.74939
3/3/2015,30.79914
3/4/2015,30.16077
3/5/2015,30.11103
3/6/2015,29.74625
3/9/2015,28.89233
3/10/2015,27.93063
3/11/2015,28.76797
3/12/2015,28.25396
3/13/2015,27.90576
3/16/2015,28.32028
3/17/2015,29.43121
3/18/2015,30.59188
3/19/2015,30.07787
3/20/2015,30.54213
3/23/2015,30.46752
3/24/2015,30.17735
3/25/2015,30.19393
3/26/2015,29.2654
3/27/2015,28.45293
3/30/2015,29.04985
3/31/2015,29.51743
4/1/2015,30.4526
4/2/2015,30.8008
4/6/2015,30.96992
4/7/2015,31.07936
4/8/2015,31.149
4/9/2015,30.59188
4/10/2015,30.92018
4/13/2015,30.85054
4/14/2015,31.1092
4/15/2015,31.52704
4/16/2015,31.44745
4/17/2015,30.64162
4/20/2015,30.4327
4/22/2015,30.84059
4/23/2015,31.51709
4/24/2015,32.27318
4/27/2015,31.79565
4/28/2015,32.28313
4/29/2015,31.51709
4/30/2015,31.99462
5/4/2015,32.14385
5/5/2015,32.22344
5/6/2015,31.40766
5/7/2015,31.4972
5/8/2015,31.58673
5/11/2015,31.48725
5/12/2015,31.16889
5/13/2015,30.71126
5/14/2015,31.4574
5/15/2015,32.11401
5/18/2015,31.32807
5/19/2015,30.87044
5/20/2015,30.09445
5/21/2015,29.57712
5/22/2015,28.95036
5/25/2015,29.11949
5/26/2015,28.25396
5/27/2015,29.02
5/28/2015,28.84093
5/29/2015,28.06494
6/1/2015,28.01519
6/2/2015,28.71159
6/3/2015,28.05499
6/5/2015,27.39838
6/8/2015,27.43818
6/9/2015,27.13972
6/10/2015,28.08483
6/11/2015,28.15447
6/12/2015,27.6272
6/15/2015,27.46802
6/16/2015,28.16442
6/17/2015,27.57746
6/18/2015,28.61211
6/19/2015,28.05499
6/22/2015,28.35345
6/23/2015,28.49273
6/24/2015,28.6519
6/25/2015,28.47283
6/26/2015,28.94041
6/29/2015,28.3037
6/30/2015,28.35345
7/1/2015,28.22411
7/2/2015,28.72154
7/3/2015,28.37334
7/6/2015,27.85602
7/7/2015,27.72668
7/8/2015,27.22926
7/10/2015,28.31365
7/13/2015,28.83098
7/14/2015,29.02
7/15/2015,28.81108
7/16/2015,28.75139
7/17/2015,28.57231
7/20/2015,28.05499
7/21/2015,27.80627
7/22/2015,27.5874
7/23/2015,26.36373
7/24/2015,26.57265
7/27/2015,26.82136
7/28/2015,27.15962
7/29/2015,27.45807
7/30/2015,26.9109
7/31/2015,27.13972
8/3/2015,26.29409
8/4/2015,25.89615
8/5/2015,25.81656
8/6/2015,25.8663
8/7/2015,25.15
8/10/2015,25.44846
8/11/2015,25.43851
8/12/2015,24.62273
8/13/2015,24.25463
8/14/2015,24.08551
8/17/2015,23.68756
8/18/2015,24.13525
8/19/2015,23.47864
8/20/2015,23.28962
8/21/2015,23.16029
8/24/2015,22.7524
8/25/2015,22.83198
8/26/2015,23.95617
8/27/2015,24.54314
8/28/2015,23.90643
8/31/2015,22.93147
9/1/2015,22.27486
9/2/2015,22.66286
9/3/2015,23.22993
9/4/2015,22.24502
9/8/2015,22.76234
9/9/2015,23.03096
9/10/2015,22.53353
9/11/2015,22.28481
9/14/2015,23.27967
9/15/2015,23.72736
9/16/2015,24.61278
9/17/2015,24.54314
9/18/2015,23.21003
9/21/2015,22.49373
9/22/2015,22.58327
9/23/2015,21.81723
9/24/2015,22.07589
9/25/2015,21.56852
9/28/2015,21.03129
9/29/2015,20.90196
9/30/2015,21.30985
10/1/2015,21.59836
10/2/2015,22.39425
10/5/2015,23.05085
10/6/2015,23.26972
10/7/2015,24.1054
10/8/2015,24.1253
10/9/2015,23.86664
10/13/2015,22.56337
10/14/2015,22.44399
10/15/2015,22.3644
10/16/2015,21.93661
10/19/2015,21.90677
10/20/2015,21.38944
10/21/2015,21.41929
10/22/2015,21.73764
10/23/2015,21.43918
10/26/2015,21.28001
10/27/2015,21.36954
10/28/2015,21.91672
10/29/2015,20.93181
10/30/2015,20.89201
11/3/2015,21.9963
11/4/2015,21.53867
11/5/2015,22.12564
11/6/2015,21.80728
11/9/2015,21.3198
11/10/2015,21.21037
11/11/2015,21.72769
11/12/2015,21.71774
11/13/2015,21.39939
11/16/2015,21.57846
11/17/2015,22.3843
11/18/2015,22.56337
11/19/2015,23.27967
11/23/2015,23.05085
11/24/2015,22.89168
11/25/2015,21.77744
11/26/2015,22.25497
11/27/2015,21.43918
11/30/2015,21.0114
12/1/2015,20.89201
12/2/2015,20.86217
12/3/2015,21.77744
12/4/2015,21.47898
12/7/2015,21.26011
12/8/2015,20.79253
12/9/2015,21.83713
12/10/2015,20.89201
12/11/2015,20.71294
12/14/2015,20.34484
12/15/2015,20.6632
12/16/2015,20.84227
12/17/2015,20.43438
12/18/2015,19.65
12/21/2015,19.08
12/22/2015,19.25
12/23/2015,19.4
12/28/2015,19.59
12/29/2015,19.69
12/30/2015,19.28
1/4/2016,19
1/5/2016,19.05
1/6/2016,18.78
1/7/2016,18.4
1/8/2016,18.04
1/11/2016,17.53
1/12/2016,17.43
1/13/2016,17.18
1/14/2016,17.7
1/15/2016,17.25
1/18/2016,17.1
1/19/2016,17.22
1/20/2016,17.26
1/21/2016,17.01
1/22/2016,17.36
1/26/2016,17.16
1/27/2016,17.37
1/28/2016,17.4
1/29/2016,18.15
2/1/2016,18.62
2/2/2016,17.85
2/3/2016,18.71
2/4/2016,19.73
2/5/2016,19.53
2/10/2016,19.75
2/11/2016,19.24
2/12/2016,19.3
2/15/2016,19.3
2/16/2016,19.99
