1/3/2000,5.874625
1/4/2000,5.525
1/5/2000,5.49375
1/6/2000,5.475
1/7/2000,5.5
1/10/2000,5.612625
1/11/2000,5.47525
1/12/2000,5.375
1/13/2000,5.325
1/14/2000,5.4
1/17/2000,5.3375
1/18/2000,5.3625
1/19/2000,5.325
1/20/2000,5.2625
1/21/2000,5.2
1/24/2000,5.1625
1/26/2000,5.225
1/27/2000,5.2125
1/28/2000,5.1375
1/31/2000,5.1
2/1/2000,5.2
2/2/2000,5.3
2/3/2000,5.525
2/4/2000,5.5875
2/7/2000,5.675
2/8/2000,5.75
2/9/2000,5.625
2/10/2000,5.5
2/11/2000,5.2
2/14/2000,5.1875
2/15/2000,5.35
2/16/2000,5.6875
2/17/2000,5.625
2/18/2000,5.55625
2/21/2000,5.54975
2/22/2000,5.525
2/23/2000,5.562625
2/24/2000,5.712625
2/25/2000,5.862625
2/28/2000,5.7375
2/29/2000,5.75
3/1/2000,5.912375
3/2/2000,5.7375
3/3/2000,6.0375
3/8/2000,6.18125
3/9/2000,6.39875
3/10/2000,6.2125
3/13/2000,5.975
3/14/2000,5.8125
3/15/2000,5.9375
3/16/2000,5.925
3/17/2000,5.8625
3/20/2000,5.6875
3/21/2000,5.8
3/22/2000,5.81375
3/23/2000,5.78725
3/24/2000,5.8125
3/27/2000,6.25
3/28/2000,5.9875
3/29/2000,5.962625
3/30/2000,5.825
3/31/2000,5.9
4/3/2000,5.850125
4/4/2000,5.81875
4/5/2000,6.0625
4/6/2000,6.15
4/7/2000,6.2
4/10/2000,6.05
4/11/2000,5.900125
4/12/2000,6.025
4/13/2000,5.89975
4/14/2000,5.57375
4/17/2000,5.3625
4/18/2000,5.325375
4/19/2000,5.0875
4/20/2000,5.1
4/24/2000,5
4/25/2000,5.45
4/26/2000,5.375
4/27/2000,5.375
4/28/2000,5.37625
5/2/2000,5.5125
5/3/2000,5.4875
5/4/2000,5.5
5/5/2000,5.4875
5/8/2000,5.49375
5/9/2000,5.49875
5/10/2000,5.4
5/11/2000,5.27025
5/12/2000,5.30625
5/15/2000,5.4
5/16/2000,5.575
5/17/2000,5.518875
5/18/2000,5.5375
5/19/2000,5.4125
5/22/2000,5.25625
5/23/2000,5.29125
5/24/2000,5.225
5/25/2000,5.3125
5/26/2000,5.25125
5/29/2000,5.3
5/30/2000,5.31625
5/31/2000,5.2375
6/1/2000,5.487625
6/2/2000,5.812875
6/5/2000,5.812375
6/6/2000,6.01875
6/7/2000,6.24975
6/8/2000,6.275875
6/9/2000,6.275
6/12/2000,6.2375
6/13/2000,6.2625
6/14/2000,6.1625
6/15/2000,6.1375
6/16/2000,6.312375
6/19/2000,6.3
6/20/2000,6.3625
6/21/2000,6.4375
6/23/2000,6.43875
6/26/2000,6.45
6/27/2000,6.65
6/28/2000,6.8125
6/29/2000,6.65
6/30/2000,6.8125
7/3/2000,6.96875
7/4/2000,7.15
7/5/2000,6.975
7/6/2000,6.97625
7/7/2000,6.70625
7/10/2000,6.73125
7/11/2000,6.33875
7/12/2000,6.2275
7/13/2000,6.05625
7/14/2000,6.25
7/17/2000,6.16125
7/18/2000,6.125
7/19/2000,6.175
7/20/2000,6.50125
7/21/2000,6.4625
7/24/2000,6.3125
7/25/2000,6.05625
7/26/2000,6.1075
7/27/2000,5.99875
7/28/2000,5.83125
7/31/2000,5.8525
8/1/2000,5.67
8/2/2000,5.78875
8/3/2000,5.83
8/4/2000,5.75
8/7/2000,5.9425
8/8/2000,5.725
8/9/2000,5.6425
8/10/2000,6.2375
8/11/2000,6.2375
8/14/2000,6.2125
8/15/2000,6.3
8/16/2000,6.425
8/17/2000,6.6525
8/18/2000,6.475
8/21/2000,6.36875
8/22/2000,6.4375
8/23/2000,6.58625
8/24/2000,6.5625
8/25/2000,6.6875
8/28/2000,6.62625
8/29/2000,6.78125
8/30/2000,7.05
8/31/2000,6.8875
9/1/2000,6.90625
9/4/2000,6.895
9/5/2000,6.85125
9/6/2000,7.1125
9/8/2000,7.0625
9/11/2000,7.2125
9/12/2000,7.08125
9/13/2000,6.89875
9/14/2000,6.74875
9/15/2000,6.7875
9/18/2000,6.6125
9/19/2000,6.5775
9/20/2000,6.68875
9/21/2000,6.56375
9/22/2000,6.47375
9/25/2000,6.5
9/26/2000,6.65125
9/27/2000,6.64375
9/28/2000,6.6125
9/29/2000,6.5875
10/2/2000,6.545
10/3/2000,6.575
10/4/2000,6.625
10/5/2000,6.655
10/6/2000,6.475
10/9/2000,6.4625
10/10/2000,6.60625
10/11/2000,6.625
10/13/2000,6.705
10/16/2000,6.4875
10/17/2000,6.1875
10/18/2000,6.25
10/19/2000,6.3625
10/20/2000,6.25
10/23/2000,5.99375
10/24/2000,5.7475
10/25/2000,5.725
10/26/2000,6.1125
10/27/2000,6.17125
10/30/2000,6.33875
10/31/2000,6.32625
11/1/2000,6.3975
11/3/2000,6.2625
11/6/2000,6.39875
11/7/2000,6.525
11/8/2000,6.41375
11/9/2000,6.25
11/10/2000,6.28875
11/13/2000,6.35
11/14/2000,6.375
11/16/2000,6.475
11/17/2000,6.4875
11/20/2000,6.45125
11/21/2000,6.525
11/22/2000,6.5125
11/23/2000,6.375
11/24/2000,6.31375
11/27/2000,6.095
11/28/2000,6.05
11/29/2000,6.0475
11/30/2000,5.9375
12/1/2000,5.9
12/4/2000,5.8875
12/5/2000,5.97375
12/6/2000,5.575
12/7/2000,5.64875
12/8/2000,5.65
12/11/2000,5.61875
12/12/2000,5.6
12/13/2000,5.875
12/14/2000,5.9375
12/15/2000,5.91125
12/18/2000,5.835
12/19/2000,5.79
12/20/2000,5.67625
12/21/2000,5.5875
12/22/2000,5.625
12/26/2000,5.5875
12/27/2000,5.65
12/28/2000,5.7225
1/2/2001,5.88625
1/3/2001,6.20625
1/4/2001,6.25
1/5/2001,6.19125
1/8/2001,6.17375
1/9/2001,6.30375
1/10/2001,6.26125
1/11/2001,6.35
1/12/2001,6.4125
1/15/2001,6.4125
1/16/2001,6.55375
1/17/2001,6.6725
1/18/2001,6.7625
1/19/2001,6.90875
1/22/2001,6.825
1/23/2001,6.97625
1/24/2001,6.8875
1/26/2001,6.79375
1/29/2001,6.8
1/30/2001,6.80625
1/31/2001,6.81375
2/1/2001,6.725
2/2/2001,6.725
2/5/2001,6.7
2/6/2001,6.77625
2/7/2001,6.76375
2/8/2001,6.96375
2/9/2001,7.00125
2/12/2001,6.965
2/13/2001,7.125
2/14/2001,7.27625
2/15/2001,7.23875
2/16/2001,7.05125
2/19/2001,6.95625
2/20/2001,7.125
2/21/2001,6.98125
2/22/2001,7
2/23/2001,6.9625
2/28/2001,6.86375
3/1/2001,6.9875
3/2/2001,7.0625
3/5/2001,7.1125
3/6/2001,7.11875
3/7/2001,7.1625
3/8/2001,7.1625
3/9/2001,7.1375
3/12/2001,6.815
3/13/2001,6.875
3/14/2001,6.75
3/15/2001,6.29375
3/16/2001,6.38375
3/19/2001,6.38625
3/20/2001,6.2375
3/21/2001,6.3625
3/22/2001,5.9875
3/23/2001,6.06125
3/26/2001,5.9375
3/27/2001,6.07375
3/28/2001,6.03875
3/29/2001,5.875
3/30/2001,5.87125
4/2/2001,5.61875
4/3/2001,5.61875
4/4/2001,5.7875
4/5/2001,6.125
4/6/2001,6.35
4/9/2001,6.39
4/10/2001,6.43125
4/11/2001,6.33125
4/12/2001,6.1875
4/16/2001,6.07375
4/17/2001,6.16875
4/18/2001,6.475
4/19/2001,6.25
4/20/2001,6.0375
4/23/2001,6.31125
4/24/2001,6.4775
4/25/2001,6.625
4/26/2001,6.725
4/27/2001,6.67625
4/30/2001,6.675
5/2/2001,6.7475
5/3/2001,6.9625
5/4/2001,6.9375
5/7/2001,6.725
5/8/2001,6.75
5/9/2001,6.95
5/10/2001,7.1625
5/11/2001,7.0625
5/14/2001,6.975
5/15/2001,6.95
5/16/2001,7.0625
5/17/2001,7.11125
5/18/2001,7.24875
5/21/2001,7.33875
5/22/2001,7.4375
5/23/2001,7.4625
5/24/2001,7.375
5/25/2001,7.2375
5/28/2001,7.2
5/29/2001,7.2125
5/30/2001,7.2875
5/31/2001,7.475
6/1/2001,7.53125
6/4/2001,7.8
6/5/2001,7.625
6/6/2001,7.38875
6/7/2001,7.3125
6/8/2001,7.2125
6/11/2001,7.3125
6/12/2001,7.2125
6/13/2001,7.27625
6/15/2001,7.08875
6/18/2001,7.05
6/19/2001,7.1375
6/20/2001,7.29375
6/21/2001,7.33625
6/22/2001,7.15
6/25/2001,6.9875
6/26/2001,6.925
6/27/2001,6.70125
6/28/2001,6.61625
6/29/2001,6.74875
7/2/2001,6.575
7/3/2001,6.46875
7/4/2001,6.4125
7/5/2001,6.5
7/6/2001,6.525
7/10/2001,6.695
7/11/2001,6.8125
7/12/2001,6.78125
7/13/2001,6.725
7/16/2001,6.525
7/17/2001,6.4875
7/18/2001,6.30125
7/19/2001,6.3625
7/20/2001,6.625
7/23/2001,6.75625
7/24/2001,6.6875
7/25/2001,6.7625
7/26/2001,6.6725
7/27/2001,6.6875
7/30/2001,6.725
7/31/2001,6.775
8/1/2001,6.65875
8/2/2001,6.48625
8/3/2001,6.615
8/6/2001,6.6875
8/7/2001,6.62375
8/8/2001,6.6125
8/9/2001,6.625
8/10/2001,6.67375
8/13/2001,6.6375
8/14/2001,6.725
8/15/2001,6.78875
8/16/2001,6.78625
8/17/2001,6.575
8/20/2001,6.53125
8/21/2001,6.5275
8/22/2001,6.65625
8/23/2001,6.62625
8/24/2001,6.9825
8/27/2001,7.00625
8/28/2001,7
8/29/2001,6.9875
8/30/2001,6.95
8/31/2001,6.875
9/3/2001,6.85
9/4/2001,7.0875
9/5/2001,7.25
9/6/2001,6.97625
9/10/2001,6.8625
9/11/2001,6.75
9/12/2001,6.9125
9/13/2001,6.5
9/14/2001,6.375
9/17/2001,6.9125
9/18/2001,7.0625
9/19/2001,7.0125
9/20/2001,6.725
9/21/2001,6.63875
9/24/2001,6.31875
9/25/2001,6.15
9/26/2001,6.1
9/27/2001,6.3
9/28/2001,6.4125
10/1/2001,6.18125
10/2/2001,6.15
10/3/2001,6.175
10/4/2001,6.275
10/5/2001,6.28125
10/8/2001,6.26375
10/9/2001,6.36125
10/10/2001,6.5625
10/11/2001,6.6875
10/15/2001,6.87625
10/16/2001,6.755
10/17/2001,6.71875
10/18/2001,6.54
10/19/2001,6.5125
10/22/2001,6.66875
10/23/2001,6.7
10/24/2001,6.6225
10/25/2001,6.5875
10/26/2001,6.5875
10/29/2001,6.4625
10/30/2001,6.35625
10/31/2001,6.4875
11/1/2001,6.3625
11/5/2001,6.3375
11/6/2001,6.18125
11/7/2001,6.25
11/8/2001,6.45625
11/9/2001,6.76125
11/12/2001,6.43875
11/13/2001,6.4525
11/14/2001,6.17625
11/16/2001,5.725
11/19/2001,5.84875
11/20/2001,5.9625
11/21/2001,6.1
11/22/2001,6.3575
11/23/2001,6.2375
11/26/2001,6.15
11/27/2001,6.17375
11/28/2001,6.05
11/29/2001,6.05125
11/30/2001,6.1375
12/3/2001,6.385
12/4/2001,6.3325
12/5/2001,6.50625
12/6/2001,6.35625
12/7/2001,6.20625
12/10/2001,6.13125
12/11/2001,6.08125
12/12/2001,6.0375
12/13/2001,5.91875
12/14/2001,5.9375
12/17/2001,5.8875
12/18/2001,6.025
12/19/2001,6.125
12/20/2001,5.98625
12/21/2001,6.03375
12/26/2001,6.15
12/27/2001,6.3375
12/28/2001,6.39375
1/2/2002,6.40625
1/3/2002,6.45
1/4/2002,6.41
1/7/2002,6.55
1/8/2002,6.4975
1/9/2002,6.4125
1/10/2002,6.37125
1/11/2002,6.275
1/14/2002,6.04375
1/15/2002,6.0075
1/16/2002,6.0125
1/17/2002,6.1
1/18/2002,6.11625
1/21/2002,6.0375
1/22/2002,6
1/23/2002,5.9625
1/24/2002,5.87125
1/28/2002,6.08
1/29/2002,5.96375
1/30/2002,5.95
1/31/2002,6.0125
2/1/2002,6.025
2/4/2002,5.9875
2/5/2002,5.985
2/6/2002,6.0875
2/7/2002,6.0375
2/8/2002,5.945
2/13/2002,6.2
2/14/2002,6.25
2/15/2002,6.29375
2/18/2002,6.225
2/19/2002,6.225
2/20/2002,6.26875
2/21/2002,6.38125
2/22/2002,6.4875
2/25/2002,6.6325
2/26/2002,6.725
2/27/2002,6.92375
2/28/2002,7.0125
3/1/2002,7.2375
3/4/2002,7.3
3/5/2002,7.125
3/6/2002,7.025
3/7/2002,7.0625
3/8/2002,7.03625
3/11/2002,7.13875
3/12/2002,7.20625
3/13/2002,7.2625
3/14/2002,7.34875
3/15/2002,7.50125
3/18/2002,7.5375
3/19/2002,7.5375
3/20/2002,7.475
3/21/2002,7.35
3/22/2002,7.3
3/25/2002,7.0875
3/26/2002,7.18125
3/27/2002,7.2625
3/28/2002,7.21875
4/1/2002,7.37625
4/2/2002,7.2875
4/3/2002,7.225
4/4/2002,7.25
4/5/2002,7.15
4/8/2002,7.225
4/9/2002,6.98375
4/10/2002,7
4/11/2002,6.9625
4/12/2002,6.9025
4/15/2002,6.96375
4/16/2002,7.01375
4/17/2002,7.1125
4/18/2002,7.0525
4/19/2002,6.99
4/22/2002,6.9625
4/23/2002,7
4/24/2002,7.0375
4/25/2002,6.91875
4/26/2002,6.7725
4/29/2002,6.875
4/30/2002,6.865
5/2/2002,6.64875
5/3/2002,6.7725
5/6/2002,6.6375
5/7/2002,6.625
5/8/2002,6.825
5/9/2002,6.70125
5/10/2002,6.62375
5/13/2002,6.46
5/14/2002,6.55
5/15/2002,6.5
5/16/2002,6.75
5/17/2002,6.7625
5/20/2002,6.875
5/21/2002,6.925
5/22/2002,6.9
5/23/2002,7.0375
5/24/2002,7.0125
5/27/2002,6.9875
5/28/2002,6.975
5/29/2002,6.915
5/31/2002,6.815
6/3/2002,6.8125
6/4/2002,6.9375
6/5/2002,6.925
6/6/2002,6.775
6/7/2002,6.67375
6/10/2002,6.725
6/11/2002,6.625
6/12/2002,6.51875
6/13/2002,6.39375
6/14/2002,6.16625
6/17/2002,6.20875
6/18/2002,6.15625
6/19/2002,6.0625
6/20/2002,5.725
6/21/2002,5.275
6/24/2002,5.47625
6/25/2002,5.7125
6/26/2002,6.08125
6/27/2002,6.19875
6/28/2002,6.1375
7/1/2002,6
7/2/2002,5.91125
7/3/2002,5.85125
7/4/2002,5.86875
7/5/2002,5.80375
7/8/2002,5.72875
7/10/2002,5.6
7/11/2002,5.625
7/12/2002,5.67
7/15/2002,5.55
7/16/2002,5.625
7/17/2002,5.715
7/18/2002,5.5875
7/19/2002,5.5075
7/22/2002,5.125
7/23/2002,5
7/24/2002,5.24875
7/25/2002,5.08125
7/26/2002,4.87
7/29/2002,4.8125
7/30/2002,4.8875
7/31/2002,5.11375
8/1/2002,5.2375
8/2/2002,5.4125
8/5/2002,5.15375
8/6/2002,5.1625
8/7/2002,5.175
8/8/2002,5.5125
8/9/2002,5.625
8/12/2002,5.39125
8/13/2002,5.08625
8/14/2002,5.05
8/15/2002,5.10625
8/16/2002,5.09375
8/19/2002,4.9875
8/20/2002,4.925
8/21/2002,5
8/22/2002,5.13875
8/23/2002,5.1625
8/26/2002,5.3375
8/27/2002,5.48125
8/28/2002,5.46875
8/29/2002,5.45
8/30/2002,5.5
9/2/2002,5.51375
9/3/2002,5.5875
9/4/2002,5.6625
9/5/2002,5.625
9/6/2002,5.67875
9/9/2002,5.725
9/10/2002,5.8625
9/11/2002,5.92875
9/12/2002,5.925
9/13/2002,6.01375
9/16/2002,5.9
9/17/2002,5.6275
9/18/2002,5.5625
9/19/2002,5.325
9/20/2002,5.4625
9/23/2002,5.28625
9/24/2002,5.15625
9/25/2002,4.98125
9/26/2002,4.9625
9/27/2002,4.49875
9/30/2002,4.6125
10/1/2002,4.95875
10/2/2002,4.95
10/3/2002,5.08625
10/4/2002,5.08125
10/7/2002,4.88125
10/8/2002,4.9375
10/9/2002,4.9
10/10/2002,4.79875
10/11/2002,4.63125
10/14/2002,4.39375
10/15/2002,4.395
10/16/2002,4.4
10/17/2002,4.7875
10/18/2002,4.875
10/21/2002,4.90625
10/22/2002,4.9875
10/23/2002,5.275
10/24/2002,5.38625
10/25/2002,5.42625
10/28/2002,5.25
10/29/2002,5.175
10/30/2002,5.4375
10/31/2002,5.5375
11/1/2002,5.52375
11/4/2002,5.35125
11/5/2002,5.275
11/6/2002,5.21125
11/7/2002,5.375
11/8/2002,5.45
11/11/2002,5.4925
11/12/2002,5.39
11/13/2002,5.28875
11/14/2002,5.43125
11/18/2002,5.5125
11/19/2002,5.46875
11/20/2002,5.5925
11/21/2002,5.73625
11/22/2002,5.6625
11/25/2002,5.52
11/26/2002,5.41
11/27/2002,5.3875
11/28/2002,5.375
11/29/2002,5.55625
12/2/2002,5.6
12/3/2002,5.63625
12/4/2002,5.625
12/5/2002,5.5625
12/6/2002,5.56125
12/9/2002,5.475
12/10/2002,5.425
12/11/2002,5.525
12/12/2002,5.65
12/13/2002,5.6375
12/16/2002,5.63125
12/17/2002,5.63875
12/18/2002,5.64
12/19/2002,5.9
12/20/2002,6.0875
12/23/2002,6.095
12/26/2002,5.9925
12/27/2002,5.83125
12/30/2002,5.8
1/2/2003,5.8875
1/3/2003,5.8625
1/6/2003,6.125
1/7/2003,6.01375
1/8/2003,6.025
1/9/2003,6.26875
1/10/2003,6.56375
1/13/2003,6.54375
1/14/2003,6.575
1/15/2003,6.5375
1/16/2003,6.5875
1/17/2003,6.325
1/20/2003,6.2875
1/21/2003,6.23125
1/22/2003,5.90625
1/23/2003,5.9275
1/24/2003,5.63875
1/27/2003,5.65625
1/28/2003,5.58125
1/29/2003,5.875
1/30/2003,5.9225
1/31/2003,5.93875
2/3/2003,6.01
2/4/2003,5.8625
2/5/2003,5.85625
2/6/2003,5.68125
2/7/2003,5.625
2/10/2003,5.875
2/11/2003,5.8
2/12/2003,5.85625
2/13/2003,5.775
2/14/2003,5.73375
2/17/2003,5.775
2/18/2003,5.74
2/19/2003,5.68125
2/20/2003,5.5625
2/21/2003,5.6375
2/24/2003,5.45
2/25/2003,5.32625
2/26/2003,5.20625
2/27/2003,5.2375
2/28/2003,5.33625
3/5/2003,5.20125
3/6/2003,5.37375
3/7/2003,5.5125
3/10/2003,5.4
3/11/2003,5.625
3/12/2003,5.7875
3/13/2003,5.73125
3/14/2003,5.7625
3/17/2003,5.7375
3/18/2003,5.95
3/19/2003,5.975
3/20/2003,6.0875
3/21/2003,6.025
3/24/2003,5.86625
3/25/2003,5.98125
3/26/2003,5.9125
3/27/2003,5.925
3/28/2003,5.8125
3/31/2003,5.8
4/1/2003,5.95
4/2/2003,6.03625
4/3/2003,6.1125
4/4/2003,6.13
4/7/2003,5.97625
4/8/2003,5.725
4/9/2003,5.7625
4/10/2003,5.775
4/11/2003,5.79375
4/14/2003,5.78125
4/15/2003,5.8375
4/16/2003,5.8
4/17/2003,5.9375
4/22/2003,6.025
4/23/2003,6.0825
4/24/2003,5.99375
4/25/2003,5.925
4/28/2003,5.9825
4/29/2003,6.1125
4/30/2003,6.23625
5/2/2003,6.3375
5/5/2003,6.45
5/6/2003,6.425
5/7/2003,6.5125
5/8/2003,6.39
5/9/2003,6.56125
5/12/2003,6.6875
5/13/2003,6.79375
5/14/2003,6.73875
5/15/2003,6.8125
5/16/2003,6.78125
5/19/2003,6.5625
5/20/2003,6.6375
5/21/2003,6.68125
5/22/2003,6.725
5/23/2003,6.625
5/26/2003,6.50625
5/27/2003,6.66125
5/28/2003,6.70125
5/29/2003,6.59
5/30/2003,6.59875
6/2/2003,6.55625
6/3/2003,6.55
6/4/2003,6.75
6/5/2003,6.7375
6/6/2003,6.7875
6/9/2003,6.73125
6/10/2003,6.5875
6/11/2003,6.69375
6/12/2003,6.79375
6/13/2003,6.765
6/16/2003,6.78125
6/17/2003,6.7875
6/18/2003,6.68875
6/20/2003,6.3875
6/23/2003,6.20125
6/24/2003,6.32125
6/25/2003,6.265
6/26/2003,6.26875
6/27/2003,6.3425
6/30/2003,6.3625
7/1/2003,6.42375
7/2/2003,6.46375
7/3/2003,6.47375
7/4/2003,6.62375
7/7/2003,6.7875
7/8/2003,6.85
7/10/2003,6.8875
7/11/2003,6.79125
7/14/2003,6.88125
7/15/2003,7.025
7/16/2003,6.99125
7/17/2003,7.025
7/18/2003,7.15625
7/21/2003,7.16125
7/22/2003,7.2
7/23/2003,7.165
7/24/2003,7.05
7/25/2003,7
7/28/2003,7.0625
7/29/2003,7.1
7/30/2003,7.03875
7/31/2003,7.0625
8/1/2003,6.725
8/4/2003,6.70625
8/5/2003,6.8375
8/6/2003,6.8125
8/7/2003,7.03125
8/8/2003,7.21875
8/11/2003,7.2525
8/12/2003,7.28125
8/13/2003,7.275
8/14/2003,7.4375
8/15/2003,7.28875
8/18/2003,7.37
8/19/2003,7.20375
8/20/2003,7.20625
8/21/2003,7.25625
8/22/2003,7.2375
8/25/2003,7.14
8/26/2003,7.21375
8/27/2003,7.40625
8/28/2003,7.40625
8/29/2003,7.6
9/1/2003,7.5125
9/2/2003,7.5
9/3/2003,7.69375
9/4/2003,7.96125
9/5/2003,8.1025
9/8/2003,8.0875
9/9/2003,7.88
9/10/2003,8.0125
9/11/2003,8.05
9/12/2003,8.0375
9/15/2003,7.8625
9/16/2003,7.90625
9/17/2003,7.875
9/18/2003,7.8875
9/19/2003,7.85
9/22/2003,7.71125
9/23/2003,7.59375
9/24/2003,7.66375
9/25/2003,7.53125
9/26/2003,7.54375
9/29/2003,7.625
9/30/2003,7.58125
10/1/2003,7.8125
10/2/2003,8.0825
10/3/2003,8.225
10/6/2003,8.275
10/7/2003,8.25
10/8/2003,8.325
10/9/2003,8.3625
10/10/2003,8.31375
10/13/2003,8.53625
10/14/2003,8.38125
10/15/2003,8.2375
10/16/2003,8.195
10/17/2003,8.075
10/20/2003,8.08625
10/21/2003,8.09125
10/22/2003,7.9625
10/23/2003,7.8375
10/24/2003,7.94375
10/27/2003,7.9875
10/28/2003,8.10625
10/29/2003,8.0375
10/30/2003,7.93875
10/31/2003,7.875
11/3/2003,8.1125
11/4/2003,8.08
11/5/2003,7.89375
11/6/2003,8.15
11/7/2003,8.1625
11/10/2003,8.0775
11/11/2003,8.18125
11/12/2003,8.3375
11/13/2003,8.4075
11/14/2003,8.5875
11/17/2003,8.41875
11/18/2003,8.55
11/19/2003,8.59375
11/20/2003,8.6075
11/21/2003,8.58125
11/24/2003,8.58125
11/25/2003,8.69
11/26/2003,8.25
11/27/2003,8.33125
11/28/2003,8.36
12/1/2003,8.5125
12/2/2003,8.58125
12/3/2003,8.5
12/4/2003,8.535
12/5/2003,8.575
12/8/2003,8.59375
12/9/2003,8.91875
12/10/2003,8.89375
12/11/2003,9.13
12/12/2003,9.0325
12/15/2003,8.96
12/16/2003,9.045
12/17/2003,9.2625
12/18/2003,9.4325
12/19/2003,9.4625
12/22/2003,9.68625
12/23/2003,9.4875
12/26/2003,9.365
12/29/2003,9.555
12/30/2003,9.55
1/2/2004,9.9
1/5/2004,10.48
1/6/2004,11.025
1/7/2004,10.90875
1/8/2004,10.84375
1/9/2004,10.725
1/12/2004,10.7375
1/13/2004,10.85
1/14/2004,10.52125
1/15/2004,10.3125
1/16/2004,10.5
1/19/2004,10.77
1/20/2004,10.9875
1/21/2004,10.78875
1/22/2004,10.60375
1/23/2004,10.63875
1/26/2004,10.85
1/27/2004,10.7875
1/28/2004,10.75
1/29/2004,10.125
1/30/2004,9.78625
2/2/2004,9.8
2/3/2004,10
2/4/2004,9.78625
2/5/2004,9.725
2/6/2004,10.2025
2/9/2004,10.1875
2/10/2004,10.4875
2/11/2004,10.8975
2/12/2004,10.89375
2/13/2004,10.72375
2/16/2004,10.54125
2/17/2004,10.6625
2/18/2004,10.5875
2/19/2004,10.105
2/20/2004,10.1125
2/25/2004,10.2875
2/26/2004,10.14
2/27/2004,10.25
3/1/2004,10.65
3/2/2004,10.6275
3/3/2004,10.75
3/4/2004,10.61875
3/5/2004,10.71
3/8/2004,10.7875
3/9/2004,10.8
3/10/2004,10.3375
3/11/2004,10.1625
3/12/2004,10.43375
3/15/2004,10.1
3/16/2004,10.15125
3/17/2004,10.33125
3/18/2004,10.7375
3/19/2004,10.47375
3/22/2004,10.35
3/23/2004,10.225
3/24/2004,10.20125
3/25/2004,10.2625
3/26/2004,10.33625
3/29/2004,10.33125
3/30/2004,10.405
3/31/2004,10.6875
4/1/2004,10.655
4/2/2004,10.8125
4/5/2004,10.67375
4/6/2004,10.725
4/7/2004,10.675
4/8/2004,10.87375
4/12/2004,11.0625
4/13/2004,10.93625
4/14/2004,10.745
4/15/2004,10.625
4/16/2004,10.58125
4/19/2004,10.4875
4/20/2004,10.15
4/22/2004,10.1125
4/23/2004,10.2225
4/26/2004,10.025
4/27/2004,10.15
4/28/2004,9.88
4/29/2004,9.375
4/30/2004,9.3375
5/3/2004,9.425
5/4/2004,9.7625
5/5/2004,9.9375
5/6/2004,9.27625
5/7/2004,8.95
5/10/2004,8.6125
5/11/2004,9.28875
5/12/2004,9.26375
5/13/2004,9.4
5/14/2004,9.15
5/17/2004,8.83125
5/18/2004,8.9
5/19/2004,8.90875
5/20/2004,8.6375
5/21/2004,8.40125
5/24/2004,8.925
5/25/2004,8.8125
5/26/2004,8.7925
5/27/2004,9.02375
5/28/2004,8.875
5/31/2004,8.9725
6/1/2004,9.225
6/2/2004,9.2125
6/3/2004,9.0875
6/4/2004,9.09875
6/7/2004,9.3075
6/8/2004,9.1625
6/9/2004,9.05
6/11/2004,9.05
6/14/2004,9.075
6/15/2004,9.33125
6/16/2004,9.36875
6/17/2004,9.41125
6/18/2004,9.3625
6/21/2004,9.24375
6/22/2004,9.34875
6/23/2004,9.7125
6/24/2004,9.7
6/25/2004,9.5125
6/28/2004,9.375
6/29/2004,9.45625
6/30/2004,9.66375
7/1/2004,9.6125
7/2/2004,9.6
7/5/2004,9.545
7/6/2004,9.43
7/7/2004,9.2875
7/8/2004,9.2625
7/12/2004,9.3375
7/13/2004,9.2875
7/14/2004,9.26875
7/15/2004,9.575
7/16/2004,9.7975
7/19/2004,9.67375
7/20/2004,9.6
7/21/2004,9.54375
7/22/2004,9.37625
7/23/2004,9.35
7/26/2004,9.25
7/27/2004,9.4625
7/28/2004,9.6375
7/29/2004,9.80375
7/30/2004,9.7625
8/2/2004,9.7425
8/3/2004,9.7125
8/4/2004,9.825
8/5/2004,9.6425
8/6/2004,9.775
8/9/2004,9.7625
8/10/2004,9.95
8/11/2004,9.96875
8/12/2004,10.04875
8/13/2004,9.9375
8/16/2004,9.99375
8/17/2004,9.9875
8/18/2004,10.09375
8/19/2004,10.25
8/20/2004,10.58125
8/23/2004,10.49
8/24/2004,10.45625
8/25/2004,10.53125
8/26/2004,10.3275
8/27/2004,10.34125
8/30/2004,10.25
8/31/2004,10.25
9/1/2004,10.26
9/2/2004,10.4125
9/3/2004,10.4
9/6/2004,10.40875
9/8/2004,10.53125
9/9/2004,10.57125
9/10/2004,10.50125
9/13/2004,10.5
9/14/2004,10.65
9/15/2004,10.64625
9/16/2004,10.775
9/17/2004,10.91
9/20/2004,10.9525
9/21/2004,11.11875
9/22/2004,11.05875
9/23/2004,11.3725
9/24/2004,11.5175
9/27/2004,11.61875
9/28/2004,11.73
9/29/2004,11.7075
9/30/2004,11.73
10/1/2004,11.75
10/4/2004,11.8125
10/5/2004,12.05
10/6/2004,12.07
10/7/2004,12.14375
10/8/2004,12.1
10/11/2004,11.95625
10/13/2004,11.4875
10/14/2004,11.40625
10/15/2004,11.6275
10/18/2004,11.8625
10/19/2004,11.5625
10/20/2004,11.61125
10/21/2004,11.78875
10/22/2004,11.85
10/25/2004,11.86375
10/26/2004,11.70625
10/27/2004,11.78625
10/28/2004,11.62375
10/29/2004,11.68125
11/1/2004,11.735
11/3/2004,11.70625
11/4/2004,11.775
11/5/2004,11.975
11/8/2004,11.825
11/9/2004,11.73125
11/10/2004,11.9
11/11/2004,11.94375
11/12/2004,11.975
11/16/2004,11.4125
11/17/2004,11.505
11/18/2004,11.3625
11/19/2004,11.3125
11/22/2004,11.46125
11/23/2004,11.2625
11/24/2004,11.2
11/25/2004,11.8
11/26/2004,11.7275
11/29/2004,11.53125
11/30/2004,11.6125
12/1/2004,11.9625
12/2/2004,11.7375
12/3/2004,11.66375
12/6/2004,11.76875
12/7/2004,11.6125
12/8/2004,11.6175
12/9/2004,11.30125
12/10/2004,11.4875
12/13/2004,11.5625
12/14/2004,11.66125
12/15/2004,11.725
12/16/2004,11.95
12/17/2004,11.84
12/20/2004,11.825
12/21/2004,12.09375
12/22/2004,11.9125
12/23/2004,12.08125
12/27/2004,12.095
12/28/2004,12.1125
12/29/2004,12.235
12/30/2004,12.14375
1/3/2005,11.775
1/4/2005,11.635
1/5/2005,11.59
1/6/2005,11.625
1/7/2005,11.67625
1/10/2005,11.525
1/11/2005,11.65
1/12/2005,11.5875
1/13/2005,11.70125
1/14/2005,11.7625
1/17/2005,11.6875
1/18/2005,11.5625
1/19/2005,11.63125
1/20/2005,11.36875
1/21/2005,11.3875
1/24/2005,11.53625
1/26/2005,11.775
1/27/2005,11.75
1/28/2005,11.6
1/31/2005,11.7875
2/1/2005,11.725
2/2/2005,11.9
2/3/2005,12.025
2/4/2005,12.1625
2/9/2005,12.70125
2/10/2005,12.64375
2/11/2005,12.84875
2/14/2005,12.73125
2/15/2005,12.63125
2/16/2005,12.8125
2/17/2005,12.8375
2/18/2005,12.8375
2/21/2005,13
2/22/2005,13.1
2/23/2005,13.375
2/24/2005,13.825
2/25/2005,14.13125
2/28/2005,13.90375
3/1/2005,13.3325
3/2/2005,13.7125
3/3/2005,14.1875
3/4/2005,14.4125
3/7/2005,14.46875
3/8/2005,14.3
3/9/2005,14.05
3/10/2005,13.675
3/11/2005,13.45
3/14/2005,13.35
3/15/2005,13
3/16/2005,13.275
3/17/2005,13.41125
3/18/2005,13.25
3/21/2005,13.2125
3/22/2005,12.85125
3/23/2005,12.6625
3/24/2005,12.825
3/28/2005,12.59375
3/29/2005,12.4
3/30/2005,12.675
3/31/2005,12.89375
4/1/2005,12.9875
4/4/2005,12.9875
4/5/2005,12.66375
4/6/2005,12.65
4/7/2005,12.68
4/8/2005,12.5
4/11/2005,12.5625
4/12/2005,12.5
4/13/2005,12.25
4/14/2005,11.92125
4/15/2005,11.725
4/18/2005,11.61125
4/19/2005,11.99875
4/20/2005,11.84375
4/22/2005,11.6375
4/25/2005,11.98625
4/26/2005,12.1125
4/27/2005,11.775
4/28/2005,11.4875
4/29/2005,11.8125
5/2/2005,11.775
5/3/2005,11.7275
5/4/2005,11.90375
5/5/2005,12.125
5/6/2005,12.34125
5/9/2005,12.3625
5/10/2005,12.0875
5/11/2005,12.1125
5/12/2005,11.875
5/13/2005,11.5625
5/16/2005,11.72
5/17/2005,12.01875
5/18/2005,12.1375
5/19/2005,12.25125
5/20/2005,12.275
5/23/2005,12.01875
5/24/2005,12.2375
5/25/2005,12.33125
5/27/2005,12.6
5/30/2005,12.6625
5/31/2005,12.56875
6/1/2005,12.95
6/2/2005,13.0125
6/3/2005,12.9975
6/6/2005,12.85625
6/7/2005,12.525
6/8/2005,12.5375
6/9/2005,12.65
6/10/2005,12.7125
6/13/2005,12.645
6/14/2005,12.875
6/15/2005,12.99375
6/16/2005,13.1875
6/17/2005,13.4625
6/20/2005,13.6625
6/21/2005,13.61125
6/22/2005,13.75
6/23/2005,13.52375
6/24/2005,13.3125
6/27/2005,13.85
6/28/2005,13.6875
6/29/2005,13.57625
6/30/2005,13.4125
7/1/2005,13.52375
7/4/2005,13.5125
7/5/2005,13.6625
7/6/2005,13.61375
7/7/2005,13.325
7/8/2005,13.56375
7/11/2005,13.49875
7/12/2005,13.75
7/13/2005,13.7275
7/14/2005,13.5
7/15/2005,13.1
7/18/2005,13.0125
7/19/2005,13.0625
7/20/2005,13.125
7/21/2005,13.29375
7/22/2005,13.4875
7/25/2005,13.2
7/26/2005,13.24375
7/27/2005,13.5825
7/28/2005,13.8
7/29/2005,13.6225
8/1/2005,13.905
8/2/2005,14.215
8/3/2005,14.3
8/4/2005,14.15
8/5/2005,14.275
8/8/2005,14.54375
8/9/2005,14.77625
8/10/2005,14.85
8/11/2005,15.025
8/12/2005,15.3
8/15/2005,15.37375
8/16/2005,15.1
8/17/2005,14.7625
8/18/2005,14.76875
8/19/2005,14.975
8/22/2005,15.275
8/23/2005,15.03875
8/24/2005,15.4625
8/25/2005,15.525
8/26/2005,15.22625
8/29/2005,15.5625
8/30/2005,15.86875
8/31/2005,16.25
9/1/2005,16.15
9/2/2005,16.05
9/5/2005,16.245
9/6/2005,16.365
9/8/2005,16.355
9/9/2005,16.925
9/12/2005,17
9/13/2005,16.825
9/14/2005,17.09
9/15/2005,17.16
9/16/2005,17.385
9/19/2005,17.825
9/20/2005,17.835
9/21/2005,18.505
9/22/2005,18.02
9/23/2005,17.89
9/26/2005,17.6
9/27/2005,17.99
9/28/2005,18.21
9/29/2005,17.77
9/30/2005,17.825
10/3/2005,18
10/4/2005,17.3
10/5/2005,16.375
10/6/2005,15.75
10/7/2005,15.85
10/10/2005,15.75
10/11/2005,16.05
10/13/2005,15.7
10/14/2005,15.59
10/17/2005,16.07
10/18/2005,15.2
10/19/2005,15.5
10/20/2005,14.73
10/21/2005,15.29
10/24/2005,16.135
10/25/2005,16.06
10/26/2005,16
10/27/2005,15.53
10/28/2005,15.575
10/31/2005,16.105
11/1/2005,16.36
11/3/2005,16.8
11/4/2005,16.325
11/7/2005,16.175
11/8/2005,16.45
11/9/2005,16.42
11/10/2005,15.895
11/11/2005,15.425
11/14/2005,15.545
11/16/2005,16
11/17/2005,16.255
11/18/2005,16.35
11/21/2005,16.52
11/22/2005,17.1
11/23/2005,17.275
11/24/2005,17.125
11/25/2005,17.135
11/28/2005,16.505
11/29/2005,16.825
11/30/2005,17.125
12/1/2005,17.5
12/2/2005,17.79
12/5/2005,17.745
12/6/2005,17.95
12/7/2005,17.815
12/8/2005,17.97
12/9/2005,18.05
12/12/2005,18.145
12/13/2005,18.27
12/14/2005,18.425
12/15/2005,18.15
12/16/2005,18.15
12/19/2005,18.145
12/20/2005,18.15
12/21/2005,18.405
12/22/2005,18.45
12/23/2005,18.325
12/26/2005,18.27
12/27/2005,18.15
12/28/2005,18.45
12/29/2005,18.605
1/2/2006,19.045
1/3/2006,19.645
1/4/2006,19.74
1/5/2006,19.7
1/6/2006,20.425
1/9/2006,20.42
1/10/2006,20.455
1/11/2006,21.15
1/12/2006,21.325
1/13/2006,21.3
1/16/2006,21.725
1/17/2006,21.4
1/18/2006,21.19
1/19/2006,21.85
1/20/2006,22.125
1/23/2006,22.35
1/24/2006,22.775
1/26/2006,22.75
1/27/2006,22.495
1/30/2006,23.165
1/31/2006,23.5
2/1/2006,23.375
2/2/2006,22.35
2/3/2006,22.095
2/6/2006,22.675
2/7/2006,21.69
2/8/2006,21.265
2/9/2006,21.1
2/10/2006,20.68
2/13/2006,20.4
2/14/2006,20.45
2/15/2006,20.575
2/16/2006,21.56
2/17/2006,22
2/20/2006,22.355
2/21/2006,22.03
2/22/2006,21.775
2/23/2006,21.995
2/24/2006,22.375
3/1/2006,22.565
3/2/2006,22.6
3/3/2006,22.75
3/6/2006,22.125
3/7/2006,21.175
3/8/2006,21.04
3/9/2006,20.45
3/10/2006,20.605
3/13/2006,20.84
3/14/2006,21.76
3/15/2006,22.035
3/16/2006,21.85
3/17/2006,21.4
3/20/2006,21.725
3/21/2006,21.385
3/22/2006,21.035
3/23/2006,21.2
3/24/2006,21.225
3/27/2006,21.3
3/28/2006,20.86
3/29/2006,21.455
3/30/2006,21.575
3/31/2006,21.57
4/3/2006,22.125
4/4/2006,21.645
4/5/2006,22.05
4/6/2006,22.2
4/7/2006,21.915
4/10/2006,21.95
4/11/2006,21.725
4/12/2006,21.7
4/13/2006,21.675
4/17/2006,22.015
4/18/2006,23.055
4/19/2006,23.345
4/20/2006,23.155
4/24/2006,23
4/25/2006,22.995
4/26/2006,23.175
4/27/2006,22.7
4/28/2006,23.115
5/2/2006,23.525
5/3/2006,23.475
5/4/2006,23.25
5/5/2006,23.74
5/8/2006,23.78
5/9/2006,24.075
5/10/2006,23.98
5/11/2006,23.68
5/12/2006,23.45
5/15/2006,22.85
5/16/2006,23
5/17/2006,22.325
5/18/2006,21.745
5/19/2006,21.64
5/22/2006,21.495
5/23/2006,21.25
5/24/2006,21.45
5/25/2006,21.715
5/26/2006,22.5
5/29/2006,22.375
5/30/2006,21.8
5/31/2006,22
6/1/2006,22.095
6/2/2006,22.34
6/5/2006,21.505
6/6/2006,21.275
6/7/2006,20.275
6/8/2006,20.145
6/9/2006,19.69
6/12/2006,19
6/13/2006,18.25
6/14/2006,19.05
6/16/2006,20.15
6/19/2006,19.66
6/20/2006,19.65
6/21/2006,20.21
6/22/2006,20.18
6/23/2006,20.525
6/26/2006,20.52
6/27/2006,20.305
6/28/2006,20.7
6/29/2006,21.5
6/30/2006,21.59
7/3/2006,21.8
7/4/2006,21.705
7/5/2006,21.4
7/6/2006,21.575
7/7/2006,21.4
7/10/2006,21.31
7/11/2006,21.895
7/12/2006,21.905
7/13/2006,21.8
7/14/2006,22.12
7/17/2006,21.15
7/18/2006,21.175
7/19/2006,21.825
7/20/2006,21.175
7/21/2006,21
7/24/2006,21.785
7/25/2006,22
7/26/2006,22.105
7/27/2006,22.37
7/28/2006,22.55
7/31/2006,22.45
8/1/2006,22.505
8/2/2006,22.85
8/3/2006,22.96
8/4/2006,22.845
8/7/2006,23.125
8/8/2006,23.1
8/9/2006,22.925
8/10/2006,22.865
8/11/2006,22.7
8/14/2006,22.155
8/15/2006,22.6
8/16/2006,22.645
8/17/2006,22.175
8/18/2006,22.445
8/21/2006,22.175
8/22/2006,22.125
8/23/2006,21.425
8/24/2006,21.65
8/25/2006,21.95
8/28/2006,21.825
8/29/2006,21.575
8/30/2006,21.55
8/31/2006,21.5
9/1/2006,21.94
9/4/2006,22.085
9/5/2006,21.805
9/6/2006,21.18
9/8/2006,20.6
9/11/2006,19.78
9/12/2006,19.8
9/13/2006,20.355
9/14/2006,19.765
9/15/2006,19.625
9/18/2006,20.325
9/19/2006,19.905
9/20/2006,19.335
9/21/2006,19.33
9/22/2006,19.07
9/25/2006,19.15
9/26/2006,19.55
9/27/2006,20.05
9/28/2006,20.3
9/29/2006,20.295
10/2/2006,20.255
10/3/2006,19.4
10/4/2006,20.055
10/5/2006,20.05
10/6/2006,20.1
10/9/2006,20.425
10/10/2006,20.55
10/11/2006,20.34
10/13/2006,20.825
10/16/2006,21.05
10/17/2006,20.67
10/18/2006,20.495
10/19/2006,20.895
10/20/2006,20.55
10/23/2006,20.46
10/24/2006,20.95
10/25/2006,21.65
10/26/2006,21.65
10/27/2006,21.53
10/30/2006,21.25
10/31/2006,21.5
11/1/2006,21.225
11/3/2006,21.6
11/6/2006,22.05
11/7/2006,21.89
11/8/2006,22.33
11/9/2006,22.35
11/10/2006,22.675
11/13/2006,22.05
11/14/2006,22.275
11/16/2006,21.9
11/17/2006,21.75
11/21/2006,22.215
11/22/2006,22.225
11/23/2006,22.1
11/24/2006,22.15
11/27/2006,21.965
11/28/2006,22.08
11/29/2006,22.8
11/30/2006,22.915
12/1/2006,22.65
12/4/2006,23.07
12/5/2006,23.325
12/6/2006,23.3
12/7/2006,23.38
12/8/2006,23.585
12/11/2006,23.55
12/12/2006,23.44
12/13/2006,23.4
12/14/2006,23.61
12/15/2006,23.625
12/18/2006,23.7
12/19/2006,23.875
12/20/2006,24.225
12/21/2006,24.15
12/22/2006,24.085
12/26/2006,24.29
12/27/2006,24.75
12/28/2006,24.9
1/2/2007,25.225
1/3/2007,24.35
1/4/2007,23.825
1/5/2007,23.095
1/8/2007,23.295
1/9/2007,22.76
1/10/2007,22.625
1/11/2007,22.605
1/12/2007,22.575
1/15/2007,22.445
1/16/2007,22.1
1/17/2007,22.03
1/18/2007,21.675
1/19/2007,22.59
1/22/2007,22.625
1/23/2007,23.35
1/24/2007,23.55
1/26/2007,23.25
1/29/2007,22.635
1/30/2007,23.155
1/31/2007,23.435
2/1/2007,23.37
2/2/2007,23.65
2/5/2007,23.5
2/6/2007,23.13
2/7/2007,22.455
2/8/2007,22.8
2/9/2007,22.4
2/12/2007,22.125
2/13/2007,22.53
2/14/2007,22.375
2/15/2007,22.12
2/16/2007,22.165
2/21/2007,22.15
2/22/2007,22.525
2/23/2007,22.715
2/26/2007,22.805
2/27/2007,21.3
2/28/2007,21.44
3/1/2007,21.175
3/2/2007,20.53
3/5/2007,20.085
3/6/2007,20.85
3/7/2007,20.625
3/8/2007,21.175
3/9/2007,21.255
3/12/2007,20.95
3/13/2007,20.615
3/14/2007,20.675
3/15/2007,20.475
3/16/2007,20.11
3/19/2007,20.55
3/20/2007,21.035
3/21/2007,21.65
3/22/2007,21.95
3/23/2007,22.04
3/26/2007,22.3
3/27/2007,22.08
3/28/2007,22
3/29/2007,23.05
3/30/2007,23.07
4/2/2007,23.01
4/3/2007,22.71
4/4/2007,23
4/5/2007,23.1
4/9/2007,23.03
4/10/2007,23.375
4/11/2007,23.045
4/12/2007,23.35
4/13/2007,23.855
4/16/2007,24.325
4/17/2007,23.875
4/18/2007,23.64
4/19/2007,23.275
4/20/2007,23.5
4/23/2007,23.315
4/24/2007,23.26
4/25/2007,23.75
4/26/2007,23.22
4/27/2007,23.05
4/30/2007,22.6
5/2/2007,22.805
5/3/2007,23.1
5/4/2007,23.01
5/7/2007,22.51
5/8/2007,22.55
5/9/2007,22.595
5/10/2007,22.18
5/11/2007,22.615
5/14/2007,22.675
5/15/2007,22.56
5/16/2007,23
5/17/2007,23.025
5/18/2007,23.25
5/21/2007,23.475
5/22/2007,23.45
5/23/2007,23.6
5/24/2007,23.055
5/25/2007,23.35
5/28/2007,23.425
5/29/2007,23.025
5/30/2007,23.35
5/31/2007,22.97
6/1/2007,23.55
6/4/2007,23.84
6/5/2007,23.995
6/6/2007,23.455
6/8/2007,23.7
6/11/2007,24
6/12/2007,24.06
6/13/2007,24.59
6/14/2007,25
6/15/2007,25.375
6/18/2007,25.48
6/19/2007,25.82
6/20/2007,25.395
6/21/2007,25.65
6/22/2007,25.655
6/25/2007,25.6
6/26/2007,25.355
6/27/2007,25.605
6/28/2007,25.6
6/29/2007,25.82
7/2/2007,26.4
7/3/2007,26.85
7/4/2007,26.975
7/5/2007,27.12
7/6/2007,27.37
7/10/2007,26.925
7/11/2007,27.135
7/12/2007,27.75
7/13/2007,27.92
7/16/2007,27.655
7/17/2007,28.15
7/18/2007,28.08
7/19/2007,28.485
7/20/2007,28.29
7/23/2007,28.75
7/24/2007,27.135
7/25/2007,27.525
7/26/2007,26.25
7/27/2007,25.53
7/30/2007,26.695
7/31/2007,26.355
8/1/2007,26.19
8/2/2007,26.375
8/3/2007,25.25
8/6/2007,25.27
8/7/2007,25.375
8/8/2007,26.325
8/9/2007,25.3
8/10/2007,24.75
8/13/2007,24.955
8/14/2007,24.72
8/15/2007,24.22
8/16/2007,23.5
8/17/2007,23.2
8/20/2007,23.135
8/21/2007,23.085
8/22/2007,24.37
8/23/2007,24.45
8/24/2007,24.875
8/27/2007,24.78
8/28/2007,24.275
8/29/2007,24.8
8/30/2007,25.145
8/31/2007,26.1
9/3/2007,26.22
9/4/2007,26.86
9/5/2007,26.745
9/6/2007,27.04
9/10/2007,26.4
9/11/2007,27.15
9/12/2007,27.355
9/13/2007,27.675
9/14/2007,27.15
9/17/2007,27.245
9/18/2007,28.425
9/19/2007,28.355
9/20/2007,28.4
9/21/2007,29.25
9/24/2007,30
9/25/2007,29.555
9/26/2007,29.925
9/27/2007,30.175
9/28/2007,29.6
10/1/2007,30.175
10/2/2007,30.355
10/3/2007,29.35
10/4/2007,29.6
10/5/2007,30.825
10/8/2007,30.92
10/9/2007,31.57
10/10/2007,32.575
10/11/2007,32.37
10/15/2007,33.55
10/16/2007,33.255
10/17/2007,33.77
10/18/2007,33.5
10/19/2007,31.5
10/22/2007,31.305
10/23/2007,32.245
10/24/2007,33.6
10/25/2007,34.05
10/26/2007,35.55
10/29/2007,36.415
10/30/2007,35.01
10/31/2007,36.01
11/1/2007,35.725
11/5/2007,34.05
11/6/2007,35
11/7/2007,35.125
11/8/2007,40.1
11/9/2007,40.825
11/12/2007,38.17
11/13/2007,38.85
11/14/2007,39.565
11/16/2007,39.4
11/19/2007,38.65
11/21/2007,37.925
11/22/2007,38.075
11/23/2007,38.25
11/26/2007,37.44
11/27/2007,37
11/28/2007,36.945
11/29/2007,36.7
11/30/2007,35.95
12/3/2007,36.6
12/4/2007,37.25
12/5/2007,39.25
12/6/2007,40.325
12/7/2007,40.025
12/10/2007,39.85
12/11/2007,40.45
12/12/2007,42.495
12/13/2007,41.15
12/14/2007,40.6
12/17/2007,38.475
12/18/2007,39.4
12/19/2007,40.665
12/20/2007,41.2
12/21/2007,42.515
12/26/2007,43.65
12/27/2007,43.17
12/28/2007,44.2
1/2/2008,43.5
1/3/2008,42.8
1/4/2008,40.7
1/7/2008,39.505
1/8/2008,41.675
1/9/2008,42.46
1/10/2008,42.05
1/11/2008,40.78
1/14/2008,40.545
1/15/2008,38.76
1/16/2008,37.3
1/17/2008,35.425
1/18/2008,35.9
1/21/2008,33.235
1/22/2008,36.48
1/23/2008,35.855
1/24/2008,38.37
1/28/2008,40.435
1/29/2008,40.4
1/30/2008,41.315
1/31/2008,40.2
2/1/2008,40.85
2/6/2008,39.4
2/7/2008,40.625
2/8/2008,40.9
2/11/2008,41.585
2/12/2008,41.67
2/13/2008,42.28
2/14/2008,41.765
2/15/2008,41.4
2/18/2008,42.475
2/19/2008,42.65
2/20/2008,42.75
2/21/2008,42.005
2/22/2008,42.15
2/25/2008,42.125
2/26/2008,42.2
2/27/2008,42.85
2/28/2008,43.075
2/29/2008,40.725
3/3/2008,40.45
3/4/2008,39.325
3/5/2008,40.3
3/6/2008,39.505
3/7/2008,39.08
3/10/2008,38.35
3/11/2008,39.855
3/12/2008,39.66
3/13/2008,39.14
3/14/2008,38.37
3/17/2008,36.915
3/18/2008,37.475
3/19/2008,34.7
3/20/2008,34.7
3/24/2008,35
3/25/2008,36.85
3/26/2008,37.45
3/27/2008,36.555
3/28/2008,36.305
3/31/2008,36.995
4/1/2008,37.88
4/2/2008,38.885
4/3/2008,39.35
4/4/2008,39.5
4/7/2008,39.25
4/8/2008,39.995
4/9/2008,40.02
4/10/2008,40.165
4/11/2008,39.275
4/14/2008,41.485
4/15/2008,41.97
4/16/2008,41.7
4/17/2008,42.55
4/18/2008,42.65
4/22/2008,43.1
4/23/2008,42.51
4/24/2008,41.6
4/25/2008,42.15
4/28/2008,42.59
4/29/2008,40.9
4/30/2008,42.2
5/2/2008,43
5/5/2008,43.85
5/6/2008,45
5/7/2008,44.85
5/8/2008,45
5/9/2008,45.67
5/12/2008,45.75
5/13/2008,46.95
5/14/2008,46.3
5/15/2008,47.11
5/16/2008,48.15
5/19/2008,50
5/20/2008,51.66
5/21/2008,52.51
5/23/2008,50.56
5/26/2008,51.57
5/27/2008,49.9
5/28/2008,50.99
5/29/2008,49.34
5/30/2008,49
6/2/2008,49.79
6/3/2008,47.45
6/4/2008,45.28
6/5/2008,47.56
6/6/2008,47.59
6/9/2008,47.48
6/10/2008,46
6/11/2008,45.4
6/12/2008,45.18
6/13/2008,45.9
6/16/2008,45.8
6/17/2008,46.25
6/18/2008,45.4
6/19/2008,43.9
6/20/2008,43.13
6/23/2008,43.89
6/24/2008,43.77
6/25/2008,44.95
6/26/2008,44.9
6/27/2008,45.3
6/30/2008,46.21
7/1/2008,46.09
7/2/2008,43.98
7/3/2008,42.55
7/4/2008,43.2
7/7/2008,41.93
7/8/2008,40.61
7/10/2008,40.05
7/11/2008,40.6
7/14/2008,40.88
7/15/2008,40.55
7/16/2008,39.77
7/17/2008,37.8
7/18/2008,38.2
7/21/2008,38.76
7/22/2008,37.43
7/23/2008,36.1
7/24/2008,34.5
7/25/2008,34.5
7/28/2008,34.85
7/29/2008,34.8
7/30/2008,36.5
7/31/2008,35.9
8/1/2008,34.51
8/4/2008,32.89
8/5/2008,32.2
8/6/2008,33.3
8/7/2008,33.86
8/8/2008,33.55
8/11/2008,32.7
8/12/2008,33.07
8/13/2008,33.75
8/14/2008,33.44
8/15/2008,32.67
8/18/2008,31.68
8/19/2008,32.63
8/20/2008,34.21
8/21/2008,35.39
8/22/2008,35.29
8/25/2008,33.81
8/26/2008,34.19
8/27/2008,35.2
8/28/2008,35.35
8/29/2008,34.9
9/1/2008,34.21
9/2/2008,33.11
9/3/2008,32.6
9/4/2008,31.45
9/5/2008,31.86
9/8/2008,30.26
9/9/2008,28.35
9/10/2008,28.68
9/11/2008,31.4
9/12/2008,33
9/15/2008,29.8
9/16/2008,31.3
9/17/2008,29.8
9/18/2008,32.2
9/19/2008,34.98
9/22/2008,34.9
9/23/2008,33.25
9/24/2008,34.49
9/25/2008,36.05
9/26/2008,35.43
9/29/2008,32.75
9/30/2008,35.1
10/1/2008,34.9
10/2/2008,32.05
10/3/2008,31
10/6/2008,30
10/7/2008,28.3
10/8/2008,26.7
10/9/2008,25.88
10/10/2008,24
10/13/2008,26.9
10/14/2008,27.3
10/15/2008,24
10/16/2008,22.2
10/17/2008,22.99
10/20/2008,25.39
10/21/2008,25
10/22/2008,23.2
10/23/2008,22.7
10/24/2008,20.4
10/27/2008,18.11
10/28/2008,20.05
10/29/2008,21.4
10/30/2008,22.85
10/31/2008,23.31
11/3/2008,23.14
11/4/2008,25.1
11/5/2008,24.25
11/6/2008,22.9
11/7/2008,23.26
11/10/2008,23.95
11/11/2008,23.91
11/12/2008,20.62
11/13/2008,21.1
11/14/2008,20.76
11/17/2008,20.45
11/18/2008,19.25
11/19/2008,18.5
11/21/2008,16.89
11/24/2008,19.23
11/25/2008,19.36
11/26/2008,20.52
11/27/2008,19.95
11/28/2008,20.06
12/1/2008,18.4
12/2/2008,18.3
12/3/2008,19.31
12/4/2008,18.6
12/5/2008,18.16
12/8/2008,20.21
12/9/2008,20.11
12/10/2008,21.94
12/11/2008,22.33
12/12/2008,22.6
12/15/2008,22.9
12/16/2008,23.8
12/17/2008,24.35
12/18/2008,23.5
12/19/2008,23.35
12/22/2008,22.14
12/23/2008,22
12/26/2008,22.8
12/29/2008,22.52
12/30/2008,22.84
1/2/2009,24.54
1/5/2009,25.1
1/6/2009,25.45
1/7/2009,24.45
1/8/2009,25.5
1/9/2009,25.4
1/12/2009,23.75
1/13/2009,23.95
1/14/2009,23.3
1/15/2009,24.1
1/16/2009,24.28
1/19/2009,23.83
1/20/2009,23.06
1/21/2009,24.26
1/22/2009,23.64
1/23/2009,23.59
1/26/2009,23.8
1/27/2009,23.9
1/28/2009,25.2
1/29/2009,25.03
1/30/2009,25.03
2/2/2009,24.69
2/3/2009,25.58
2/4/2009,25.7
2/5/2009,26
2/6/2009,27.1
2/9/2009,27.39
2/10/2009,27.05
2/11/2009,26.9
2/12/2009,26.79
2/13/2009,27.6
2/16/2009,27.92
2/17/2009,26.4
2/18/2009,25.89
2/19/2009,26.3
2/20/2009,25.78
2/25/2009,26.25
2/26/2009,26.52
2/27/2009,26.4
3/2/2009,25.02
3/3/2009,24.8
3/4/2009,26.37
3/5/2009,26
3/6/2009,25.67
3/9/2009,25.7
3/10/2009,27.07
3/11/2009,27.21
3/12/2009,27.55
3/13/2009,27.7
3/16/2009,27.19
3/17/2009,27.98
3/18/2009,28.3
3/19/2009,29.25
3/20/2009,29.1
3/23/2009,30.86
3/24/2009,30.35
3/25/2009,30.43
3/26/2009,30.37
3/27/2009,29.6
3/30/2009,28.78
3/31/2009,28.55
4/1/2009,29.4
4/2/2009,30.5
4/3/2009,30.4
4/6/2009,30.29
4/7/2009,29.97
4/8/2009,29.88
4/9/2009,30.84
4/13/2009,30.79
4/14/2009,30.5
4/15/2009,29.98
4/16/2009,30
4/17/2009,29.52
4/20/2009,28.8
4/22/2009,28.61
4/23/2009,29.27
4/24/2009,29.31
4/27/2009,28.69
4/28/2009,28.83
4/29/2009,29.74
4/30/2009,29.54
5/4/2009,31.63
5/5/2009,32.08
5/6/2009,32.55
5/7/2009,31.98
5/8/2009,33
5/11/2009,32.87
5/12/2009,32.35
5/13/2009,31.48
5/14/2009,31.74
5/15/2009,31.3
5/18/2009,32.71
5/19/2009,32.72
5/20/2009,33.15
5/21/2009,32.5
5/22/2009,32.87
5/25/2009,32.95
5/26/2009,33.74
5/27/2009,33.74
5/28/2009,34.65
5/29/2009,34.45
6/1/2009,35.24
6/2/2009,34.55
6/3/2009,33.15
6/4/2009,34.09
6/5/2009,33.98
6/8/2009,33.88
6/9/2009,33.51
6/10/2009,33.88
6/12/2009,33.95
6/15/2009,33.3
6/16/2009,32.55
6/17/2009,32.05
6/18/2009,31.76
6/19/2009,31.95
6/22/2009,30.86
6/23/2009,31.4
6/24/2009,31
6/25/2009,32.25
6/26/2009,32.25
6/29/2009,33.05
6/30/2009,32.45
7/1/2009,31.8
7/2/2009,31.24
7/3/2009,31.01
7/6/2009,30.04
7/7/2009,29.35
7/8/2009,29.11
7/10/2009,29.67
7/13/2009,29.79
7/14/2009,29.59
7/15/2009,30.76
7/16/2009,30.95
7/17/2009,31.5
7/20/2009,31.9
7/21/2009,31.82
7/22/2009,31.69
7/23/2009,32.4
7/24/2009,32.5
7/27/2009,32.45
7/28/2009,31.75
7/29/2009,30.9
7/30/2009,31.22
7/31/2009,31.47
8/3/2009,32.55
8/4/2009,32.12
8/5/2009,32.32
8/6/2009,31.9
8/7/2009,32
8/10/2009,32.1
8/11/2009,31.22
8/12/2009,31.89
8/13/2009,32.49
8/14/2009,32.35
8/17/2009,32
8/18/2009,32.32
8/19/2009,32.8
8/20/2009,33.05
8/21/2009,33.63
8/24/2009,33.4
8/25/2009,33.23
8/26/2009,33.17
8/27/2009,32.86
8/28/2009,32.55
8/31/2009,31.38
9/1/2009,31.6
9/2/2009,32.15
9/3/2009,32.19
9/4/2009,32.51
9/8/2009,32.88
9/9/2009,33
9/10/2009,33.34
9/11/2009,33.14
9/14/2009,33.24
9/15/2009,33.4
9/16/2009,34.35
9/17/2009,34.3
9/18/2009,34.65
9/21/2009,34.6
9/22/2009,34.83
9/23/2009,34.26
9/24/2009,33.8
9/25/2009,34.11
9/28/2009,34.89
9/29/2009,34.77
9/30/2009,35
10/1/2009,34.05
10/2/2009,34.16
10/5/2009,34.45
10/6/2009,34.49
10/7/2009,34.66
10/8/2009,35.45
10/9/2009,35.64
10/13/2009,35.82
10/14/2009,36.15
10/15/2009,36.6
10/16/2009,36.4
10/19/2009,37.36
10/20/2009,36.5
10/21/2009,36.7
10/22/2009,37
10/23/2009,36.5
10/26/2009,36.7
10/27/2009,35.95
10/28/2009,34.24
10/29/2009,36.06
10/30/2009,35.04
11/3/2009,35.55
11/4/2009,35.7
11/5/2009,36.4
11/6/2009,36.05
11/9/2009,37.08
11/10/2009,37.41
11/11/2009,37.6
11/12/2009,36.85
11/13/2009,37.13
11/16/2009,37.38
11/17/2009,38.4
11/18/2009,38.2
11/19/2009,38.5
11/23/2009,38.85
11/24/2009,39.15
11/25/2009,39.45
11/26/2009,38.45
11/27/2009,38.9
11/30/2009,38.8
12/1/2009,39.79
12/2/2009,39.41
12/3/2009,39.3
12/4/2009,38.4
12/7/2009,38.4
12/8/2009,37.59
12/9/2009,37.59
12/10/2009,37.76
12/11/2009,37.8
12/14/2009,37.9
12/15/2009,38
12/16/2009,37.86
12/17/2009,36.87
12/18/2009,36.58
12/21/2009,35.2
12/22/2009,36.34
12/23/2009,36.7
12/28/2009,36.75
12/29/2009,36.8
12/30/2009,36.69
1/4/2010,37.32
1/5/2010,37
1/6/2010,37.5
1/7/2010,37.15
1/8/2010,36.95
1/11/2010,36.83
1/12/2010,36.36
1/13/2010,36.3
1/14/2010,35.67
1/15/2010,35.75
1/18/2010,36.55
1/19/2010,36.38
1/20/2010,35.45
1/21/2010,34.33
1/22/2010,34.75
1/26/2010,33.9
1/27/2010,34.11
1/28/2010,34.61
1/29/2010,34.17
2/1/2010,34.3
2/2/2010,34.1
2/3/2010,34.04
2/4/2010,32.3
2/5/2010,31.52
2/8/2010,31.74
2/9/2010,32.24
2/10/2010,32.64
2/11/2010,33.36
2/12/2010,33.8
2/17/2010,34.25
2/18/2010,34.69
2/19/2010,34.35
2/22/2010,34.65
2/23/2010,34.19
2/24/2010,33.94
2/25/2010,34.38
2/26/2010,34.61
3/1/2010,34.93
3/2/2010,35.12
3/3/2010,35.15
3/4/2010,35.2
3/5/2010,35.81
3/8/2010,35.7
3/9/2010,36.5
3/10/2010,37
3/11/2010,37.05
3/12/2010,37.06
3/15/2010,36.77
3/16/2010,37.21
3/17/2010,37.15
3/18/2010,37.02
3/19/2010,36.23
3/22/2010,36.24
3/23/2010,35.82
3/24/2010,36.09
3/25/2010,35.2
3/26/2010,34.5
3/29/2010,34.9
3/30/2010,34.8
3/31/2010,35.39
4/1/2010,35.75
4/5/2010,36.01
4/6/2010,36.08
4/7/2010,35.8
4/8/2010,35.81
4/9/2010,35.23
4/12/2010,34.39
4/13/2010,34.19
4/14/2010,34.25
4/15/2010,33.6
4/16/2010,32.95
4/19/2010,33.55
4/20/2010,34.3
4/22/2010,33.86
4/23/2010,34
4/26/2010,33.31
4/27/2010,32.1
4/28/2010,32.39
4/29/2010,33.02
4/30/2010,32.8
5/3/2010,31.5
5/4/2010,30.44
5/5/2010,30.21
5/6/2010,29.81
5/7/2010,29.75
5/10/2010,30.15
5/11/2010,29.62
5/12/2010,29.9
5/13/2010,30
5/14/2010,30.09
5/17/2010,29.85
5/18/2010,29.22
5/19/2010,28.55
5/20/2010,27.43
5/21/2010,27.58
5/24/2010,27.15
5/25/2010,26.55
5/26/2010,27.05
5/27/2010,27.81
5/28/2010,28.2
5/31/2010,29.6
6/1/2010,28.65
6/2/2010,29.1
6/4/2010,29.25
6/7/2010,29.52
6/8/2010,29.66
6/9/2010,29.55
6/10/2010,29.9
6/11/2010,29.62
6/14/2010,29.05
6/15/2010,29
6/16/2010,29.65
6/17/2010,29.52
6/18/2010,29.49
6/21/2010,29.4
6/22/2010,29.11
6/23/2010,28.5
6/24/2010,27.49
6/25/2010,27.91
6/28/2010,27.42
6/29/2010,26.83
6/30/2010,26.86
7/1/2010,26.45
7/2/2010,26.77
7/5/2010,26.54
7/6/2010,27.05
7/7/2010,27.4
7/8/2010,27.58
7/12/2010,27.23
7/13/2010,27.3
7/14/2010,27.3
7/15/2010,27.11
7/16/2010,26.84
7/19/2010,26.95
7/20/2010,27.65
7/21/2010,27.5
7/22/2010,27.98
7/23/2010,27.79
7/26/2010,27.9
7/27/2010,27.98
7/28/2010,27.8
7/29/2010,27.74
7/30/2010,27.85
8/2/2010,28.44
8/3/2010,29.08
8/4/2010,29.34
8/5/2010,29.43
8/6/2010,29.09
8/9/2010,28.83
8/10/2010,28.41
8/11/2010,27.5
8/12/2010,27.53
8/13/2010,27.66
8/16/2010,27.61
8/17/2010,28.3
8/18/2010,27.68
8/19/2010,26.78
8/20/2010,26.78
8/23/2010,26.66
8/24/2010,26.14
8/25/2010,26.08
8/26/2010,25.7
8/27/2010,26.56
8/30/2010,25.45
8/31/2010,26.06
9/1/2010,27.03
9/2/2010,27.6
9/3/2010,28.8
9/6/2010,29.09
9/8/2010,27.83
9/9/2010,27.6
9/10/2010,27.52
9/13/2010,28.3
9/14/2010,26.85
9/15/2010,26.45
9/16/2010,26.36
9/17/2010,26.44
9/20/2010,27.1
9/21/2010,26.35
9/22/2010,25.98
9/23/2010,26.8
9/24/2010,26.3
9/27/2010,26.5
9/28/2010,26.7
9/29/2010,27.5
9/30/2010,27.29
10/1/2010,27.5
10/4/2010,27.38
10/5/2010,26.98
10/6/2010,25.86
10/7/2010,25.3
10/8/2010,26
10/11/2010,25.85
10/13/2010,25.71
10/14/2010,26.44
10/15/2010,26.29
10/18/2010,26.4
10/19/2010,25.28
10/20/2010,24.99
10/21/2010,24.16
10/22/2010,24.21
10/25/2010,24.57
10/26/2010,25.85
10/27/2010,26.19
10/28/2010,26.26
10/29/2010,25.85
11/1/2010,26.49
11/3/2010,27
11/4/2010,27.5
11/5/2010,27.25
11/8/2010,27.53
11/9/2010,27.12
11/10/2010,27.13
11/11/2010,26.72
11/12/2010,25.85
11/16/2010,25.4
11/17/2010,25.45
11/18/2010,25.9
11/19/2010,25.7
11/22/2010,25.06
11/23/2010,24.65
11/24/2010,25.24
11/25/2010,24.85
11/26/2010,24.6
11/29/2010,24.7
11/30/2010,24.59
12/1/2010,25.26
12/2/2010,25.4
12/3/2010,25.7
12/6/2010,25.86
12/7/2010,25.35
12/8/2010,25
12/9/2010,25.4
12/10/2010,25.7
12/13/2010,25.91
12/14/2010,25.83
12/15/2010,25.37
12/16/2010,25.35
12/17/2010,25.94
12/20/2010,25.57
12/21/2010,25.77
12/22/2010,25.72
12/23/2010,25.75
12/27/2010,26.05
12/28/2010,26.66
12/29/2010,26.97
12/30/2010,27.29
1/3/2011,27
1/4/2011,26.9
1/5/2011,27.22
1/6/2011,27.11
1/7/2011,26.73
1/10/2011,26.98
1/11/2011,27.15
1/12/2011,27.9
1/13/2011,27.31
1/14/2011,27.55
1/17/2011,27.45
1/18/2011,27.72
1/19/2011,27.3
1/20/2011,27.27
1/21/2011,27.05
1/24/2011,27
1/26/2011,26.83
1/27/2011,26.87
1/28/2011,26.67
1/31/2011,27.09
2/1/2011,27.64
2/2/2011,27.8
2/3/2011,28.03
2/4/2011,27.62
2/7/2011,27.22
2/8/2011,26.96
2/9/2011,26.18
2/10/2011,26.27
2/11/2011,26.4
2/14/2011,26.75
2/15/2011,26.97
2/16/2011,27.31
2/17/2011,27.25
2/18/2011,27.37
2/21/2011,27.4
2/22/2011,27.77
2/23/2011,28.71
2/24/2011,28.37
2/25/2011,28.6
2/28/2011,28.58
3/1/2011,28.29
3/2/2011,28.9
3/3/2011,28.96
3/4/2011,29.08
3/9/2011,28.55
3/10/2011,28.12
3/11/2011,28.17
3/14/2011,28.28
3/15/2011,28.04
3/16/2011,27.78
3/17/2011,28.08
3/18/2011,27.9
3/21/2011,28.13
3/22/2011,28.33
3/23/2011,28.62
3/24/2011,28.43
3/25/2011,28.64
3/28/2011,28.35
3/29/2011,28.35
3/30/2011,28.37
3/31/2011,28.51
4/1/2011,28.74
4/4/2011,28.61
4/5/2011,28.37
4/6/2011,28.17
4/7/2011,28
4/8/2011,28.01
4/11/2011,27.49
4/12/2011,26.65
4/13/2011,26.15
4/14/2011,25.98
4/15/2011,26.53
4/18/2011,25.49
4/19/2011,25.73
4/20/2011,26.29
4/25/2011,26.18
4/26/2011,26.2
4/27/2011,25.74
4/28/2011,25.45
4/29/2011,25.6
5/2/2011,25.73
5/3/2011,25.45
5/4/2011,25.32
5/5/2011,24.47
5/6/2011,24.21
5/9/2011,24.6
5/10/2011,24.68
5/11/2011,24.01
5/12/2011,23.68
5/13/2011,23.52
5/16/2011,23.94
5/17/2011,24.4
5/18/2011,24.1
5/19/2011,23.64
5/20/2011,23.99
5/23/2011,23.6
5/24/2011,23.85
5/25/2011,23.9
5/26/2011,24.2
5/27/2011,24.29
5/30/2011,24.08
5/31/2011,24.09
6/1/2011,24
6/2/2011,23.95
6/3/2011,23.78
6/6/2011,23.2
6/7/2011,23
6/8/2011,23.2
6/9/2011,23.7
6/10/2011,23.72
6/13/2011,23.33
6/14/2011,23.6
6/15/2011,23.3
6/16/2011,23.29
6/17/2011,23.24
6/20/2011,23.1
6/21/2011,23.24
6/22/2011,23.26
6/24/2011,22.87
6/27/2011,23.08
6/28/2011,23.45
6/29/2011,23.38
6/30/2011,23.72
7/1/2011,23.75
7/4/2011,23.8
7/5/2011,23.56
7/6/2011,23.51
7/7/2011,23.63
7/8/2011,23.44
7/11/2011,23.15
7/12/2011,23.12
7/13/2011,23.39
7/14/2011,22.95
7/15/2011,22.99
7/18/2011,22.76
7/19/2011,22.65
7/20/2011,22.38
7/21/2011,23
7/22/2011,22.97
7/25/2011,23.5
7/26/2011,23.66
7/27/2011,23.59
7/28/2011,23.5
7/29/2011,23.5
8/1/2011,23.5
8/2/2011,23.17
8/3/2011,22.29
8/4/2011,20.65
8/5/2011,20.18
8/8/2011,18.65
8/9/2011,19.15
8/10/2011,19.73
8/11/2011,20.21
8/12/2011,20.3
8/15/2011,20.99
8/16/2011,20.76
8/17/2011,20.87
8/18/2011,20.3
8/19/2011,19.7
8/22/2011,19.65
8/23/2011,20.16
8/24/2011,20.23
8/25/2011,19.86
8/26/2011,19.9
8/29/2011,20.49
8/30/2011,20.55
8/31/2011,20.8
9/1/2011,21.04
9/2/2011,20.37
9/5/2011,20.03
9/6/2011,20.47
9/8/2011,20.66
9/9/2011,20.15
9/12/2011,20.34
9/13/2011,20.32
9/14/2011,20.52
9/15/2011,20.55
9/16/2011,20.65
9/19/2011,20.8
9/20/2011,20.6
9/21/2011,20.6
9/22/2011,19.5
9/23/2011,19.16
9/26/2011,19.78
9/27/2011,19.55
9/28/2011,19.35
9/29/2011,19.4
9/30/2011,19.1
10/3/2011,18.41
10/4/2011,18.55
10/5/2011,18.21
10/6/2011,18.85
10/7/2011,18.3
10/10/2011,18.91
10/11/2011,19.16
10/13/2011,19.39
10/14/2011,19.64
10/17/2011,19.3
10/18/2011,19.45
10/19/2011,19.23
10/20/2011,18.82
10/21/2011,19.27
10/24/2011,19.78
10/25/2011,19.93
10/26/2011,20.08
10/27/2011,20.94
10/28/2011,21.58
10/31/2011,21.32
11/1/2011,21.13
11/3/2011,21.92
11/4/2011,22.1
11/7/2011,22.68
11/8/2011,22.41
11/9/2011,21.46
11/10/2011,21.51
11/11/2011,21.96
11/14/2011,21.92
11/16/2011,22.11
11/17/2011,21.52
11/18/2011,21.75
11/21/2011,21.8
11/22/2011,21.68
11/23/2011,21.57
11/24/2011,21.67
11/25/2011,21.01
11/28/2011,21.5
11/29/2011,21.41
11/30/2011,22.05
12/1/2011,22.52
12/2/2011,22.53
12/5/2011,22.97
12/6/2011,23.32
12/7/2011,23.29
12/8/2011,22.52
12/9/2011,23.02
12/12/2011,22.42
12/13/2011,22.42
12/14/2011,21.82
12/15/2011,21.51
12/16/2011,21.3
12/19/2011,21.12
12/20/2011,22.1
12/21/2011,21.92
12/22/2011,22.15
12/23/2011,22.22
12/26/2011,22.17
12/27/2011,22.2
12/28/2011,21.43
12/29/2011,21.49
1/2/2012,21.73
1/3/2012,22.41
1/4/2012,22.57
1/5/2012,22.31
1/6/2012,22.33
1/9/2012,22.63
1/10/2012,22.9
1/11/2012,22.91
1/12/2012,23.08
1/13/2012,23.05
1/16/2012,23.65
1/17/2012,23.8
1/18/2012,24.37
1/19/2012,24.21
1/20/2012,24.22
1/23/2012,25.13
1/24/2012,25.4
1/26/2012,24.92
1/27/2012,24.67
1/30/2012,24.57
1/31/2012,24.57
2/1/2012,24.95
2/2/2012,24.53
2/3/2012,24.61
2/6/2012,24.86
2/7/2012,25.6
2/8/2012,25.43
2/9/2012,25.5
2/10/2012,23.5
2/13/2012,24.36
2/14/2012,23.21
2/15/2012,23.1
2/16/2012,23.88
2/17/2012,24.05
2/22/2012,23.89
2/23/2012,23.92
2/24/2012,24.48
2/27/2012,24.35
2/28/2012,24.33
2/29/2012,24.31
3/1/2012,24.88
3/2/2012,25.3
3/5/2012,24.59
3/6/2012,23.75
3/7/2012,23.98
3/8/2012,24.09
3/9/2012,23.71
3/12/2012,23.43
3/13/2012,24.43
3/14/2012,24.83
3/15/2012,24.22
3/16/2012,24.35
3/19/2012,24.51
3/20/2012,24.27
3/21/2012,24.11
3/22/2012,23.8
3/23/2012,23.7
3/26/2012,24.21
3/27/2012,23.8
3/28/2012,23.39
3/29/2012,23.32
3/30/2012,23.35
4/2/2012,23.23
4/3/2012,22.55
4/4/2012,21.76
4/5/2012,22
4/9/2012,21.59
4/10/2012,21.19
4/11/2012,21.35
4/12/2012,22.01
4/13/2012,21.67
4/16/2012,21.51
4/17/2012,21.58
4/18/2012,21.76
4/19/2012,21.45
4/20/2012,21.46
4/23/2012,21.28
4/24/2012,21.24
4/25/2012,21.13
4/26/2012,21.24
4/27/2012,20.93
4/30/2012,21.29
5/2/2012,22
5/3/2012,21.4
5/4/2012,20.48
5/7/2012,20.58
5/8/2012,20.26
5/9/2012,20.16
5/10/2012,19.92
5/11/2012,19.53
5/14/2012,18.9
5/15/2012,18.49
5/16/2012,19.29
5/17/2012,18.43
5/18/2012,19.07
5/21/2012,20.4
5/22/2012,19.71
5/23/2012,19.23
5/24/2012,18.7
5/25/2012,18.64
5/28/2012,18.79
5/29/2012,18.85
5/30/2012,18.35
5/31/2012,19.13
6/1/2012,18.8
6/4/2012,19.11
6/5/2012,18.8
6/6/2012,19.09
6/8/2012,18.88
6/11/2012,18.39
6/12/2012,18.6
6/13/2012,18.9
6/14/2012,18.17
6/15/2012,18.55
6/18/2012,18.9
6/19/2012,19.65
6/20/2012,19.9
6/21/2012,19.27
6/22/2012,19.55
6/25/2012,17.8
6/26/2012,18
6/27/2012,17.64
6/28/2012,17.7
6/29/2012,18.25
7/2/2012,18.36
7/3/2012,18.99
7/4/2012,18.95
7/5/2012,19.6
7/6/2012,19.2
7/10/2012,18.39
7/11/2012,18.54
7/12/2012,18.58
7/13/2012,19.55
7/16/2012,19.35
7/17/2012,19.25
7/18/2012,19.33
7/19/2012,19.62
7/20/2012,19.18
7/23/2012,18.96
7/24/2012,18.79
7/25/2012,19
7/26/2012,19.26
7/27/2012,20.17
7/30/2012,20.31
7/31/2012,19.5
8/1/2012,19.82
8/2/2012,19.6
8/3/2012,19.94
8/6/2012,19.92
8/7/2012,20.25
8/8/2012,21.18
8/9/2012,21
8/10/2012,21.07
8/13/2012,21.03
8/14/2012,20.84
8/15/2012,21.05
8/16/2012,21.46
8/17/2012,21.55
8/20/2012,21.58
8/21/2012,21.24
8/22/2012,21.49
8/23/2012,21.28
8/24/2012,21.23
8/27/2012,21.37
8/28/2012,21.34
8/29/2012,21.21
8/30/2012,21.04
8/31/2012,20.75
9/3/2012,20.68
9/4/2012,20.43
9/5/2012,20.59
9/6/2012,21
9/10/2012,21.23
9/11/2012,21.72
9/12/2012,21.99
9/13/2012,22.9
9/14/2012,23.3
9/17/2012,23.25
9/18/2012,23.2
9/19/2012,22.67
9/20/2012,22.93
9/21/2012,22.7
9/24/2012,22.96
9/25/2012,22.74
9/26/2012,22.77
9/27/2012,22.71
9/28/2012,22.37
10/1/2012,22.51
10/2/2012,22.7
10/3/2012,22.34
10/4/2012,22.4
10/5/2012,22.25
10/8/2012,22.41
10/9/2012,22.22
10/10/2012,22.12
10/11/2012,22.5
10/15/2012,22.8
10/16/2012,22.8
10/17/2012,22.62
10/18/2012,22.5
10/19/2012,22.25
10/22/2012,22.05
10/23/2012,21.67
10/24/2012,21.54
10/25/2012,21.75
10/26/2012,22.1
10/29/2012,21.35
10/30/2012,21.53
10/31/2012,20.8
11/1/2012,20.85
11/5/2012,21.24
11/6/2012,21.68
11/7/2012,21.18
11/8/2012,20.61
11/9/2012,20.78
11/12/2012,20.44
11/13/2012,20.47
11/14/2012,19.8
11/16/2012,19.03
11/19/2012,19.13
11/21/2012,18.62
11/22/2012,18.65
11/23/2012,19.17
11/26/2012,18.82
11/27/2012,18.51
11/28/2012,18.65
11/29/2012,19.15
11/30/2012,18.66
12/3/2012,19
12/4/2012,18.82
12/5/2012,18.94
12/6/2012,18.7
12/7/2012,19.08
12/10/2012,19.57
12/11/2012,19.99
12/12/2012,19.85
12/13/2012,19.57
12/14/2012,20.21
12/17/2012,19.92
12/18/2012,20.17
12/19/2012,20.93
12/20/2012,21.05
12/21/2012,20.69
12/26/2012,20.06
12/27/2012,19.41
12/28/2012,19.52
1/2/2013,19.69
1/3/2013,20.4
1/4/2013,20.48
1/7/2013,20.08
1/8/2013,19.5
1/9/2013,19.68
1/10/2013,19.83
1/11/2013,19.88
1/14/2013,19.85
1/15/2013,19.82
1/16/2013,19.84
1/17/2013,19.71
1/18/2013,19.58
1/21/2013,19.39
1/22/2013,19.58
1/23/2013,19.55
1/24/2013,19.61
1/28/2013,19.37
1/29/2013,19.11
1/30/2013,18.2
1/31/2013,18.08
2/1/2013,18.46
2/4/2013,18
2/5/2013,18.08
2/6/2013,17.6
2/7/2013,17.5
2/8/2013,17.74
2/13/2013,17.8
2/14/2013,17.67
2/15/2013,17.63
2/18/2013,17.9
2/19/2013,18.1
2/20/2013,17.62
2/21/2013,17.32
2/22/2013,17.15
2/25/2013,16.95
2/26/2013,16.74
2/27/2013,16.81
2/28/2013,16.61
3/1/2013,16.9
3/4/2013,16.5
3/5/2013,16.56
3/6/2013,18.05
3/7/2013,18.95
3/8/2013,18.37
3/11/2013,18.93
3/12/2013,18.74
3/13/2013,18.76
3/14/2013,19.38
3/15/2013,19.09
3/18/2013,19.2
3/19/2013,19.1
3/20/2013,18.85
3/21/2013,18.53
3/22/2013,18.63
3/25/2013,18.63
3/26/2013,18.59
3/27/2013,18.42
3/28/2013,18.35
4/1/2013,18.04
4/2/2013,17.7
4/3/2013,18
4/4/2013,17.72
4/5/2013,17.8
4/8/2013,17.41
4/9/2013,18.15
4/10/2013,18.42
4/11/2013,17.99
4/12/2013,17.96
4/15/2013,17.23
4/16/2013,17.7
4/17/2013,17.17
4/18/2013,17.82
4/19/2013,18.48
4/22/2013,18.77
4/23/2013,19.18
4/24/2013,19.45
4/25/2013,19.2
4/26/2013,19.29
4/29/2013,20.35
4/30/2013,20.09
5/2/2013,20.25
5/3/2013,20
5/6/2013,20.35
5/7/2013,20.62
5/8/2013,20.29
5/9/2013,20.24
5/10/2013,19.95
5/13/2013,19.39
5/14/2013,19.55
5/15/2013,19.57
5/16/2013,19.75
5/17/2013,19.95
5/20/2013,20.2
5/21/2013,20.24
5/22/2013,19.92
5/23/2013,19.86
5/24/2013,20.05
5/27/2013,19.94
5/28/2013,20.07
5/29/2013,19.85
5/31/2013,20.05
6/3/2013,20.29
6/4/2013,20.07
6/5/2013,19.42
6/6/2013,19.46
6/7/2013,18.84
6/10/2013,18.88
6/11/2013,18.53
6/12/2013,18.12
6/13/2013,18.8
6/14/2013,18.06
6/17/2013,18.09
6/18/2013,17.83
6/19/2013,17.2
6/20/2013,17.02
6/21/2013,16.46
6/24/2013,15.91
6/25/2013,16
6/26/2013,16.15
6/27/2013,16.38
6/28/2013,16.18
7/1/2013,16.16
7/2/2013,15.39
7/3/2013,15.9
7/4/2013,15.96
7/5/2013,15.15
7/8/2013,14.98
7/10/2013,15.21
7/11/2013,15.8
7/12/2013,15.43
7/15/2013,15.54
7/16/2013,15.75
7/17/2013,16.06
7/18/2013,16.1
7/19/2013,15.88
7/22/2013,16.3
7/23/2013,16.41
7/24/2013,16.39
7/25/2013,16.84
7/26/2013,16.95
7/29/2013,16.68
7/30/2013,16.46
7/31/2013,16.29
8/1/2013,16.94
8/2/2013,16.81
8/5/2013,16.65
8/6/2013,16.28
8/7/2013,16.25
8/8/2013,16.65
8/9/2013,17.08
8/12/2013,16.53
8/13/2013,16.37
8/14/2013,16.95
8/15/2013,17.83
8/16/2013,17.78
8/19/2013,17.83
8/20/2013,17.13
8/21/2013,17.34
8/22/2013,18.26
8/23/2013,18.55
8/26/2013,18.19
8/27/2013,17.45
8/28/2013,17.16
8/29/2013,16.9
8/30/2013,16.8
9/2/2013,16.94
9/3/2013,16.78
9/4/2013,16.85
9/5/2013,17.54
9/6/2013,17.76
9/9/2013,18.17
9/10/2013,18.34
9/11/2013,18.25
9/12/2013,17.85
9/13/2013,18.13
9/16/2013,18.45
9/17/2013,18.53
9/18/2013,18.9
9/19/2013,19.16
9/20/2013,18.94
9/23/2013,19.12
9/24/2013,18.77
9/25/2013,18.8
9/26/2013,18.59
9/27/2013,18.5
9/30/2013,18.36
10/1/2013,18.67
10/2/2013,18.78
10/3/2013,18.54
10/4/2013,18.67
10/7/2013,18.62
10/8/2013,18.31
10/9/2013,18.07
10/10/2013,18.15
10/11/2013,18.1
10/14/2013,18.27
10/15/2013,18.42
10/16/2013,18.35
10/17/2013,18.21
10/18/2013,17.93
10/21/2013,18.88
10/22/2013,18.55
10/23/2013,18.33
10/24/2013,18.24
10/25/2013,18.49
10/28/2013,19.89
10/29/2013,19.7
10/30/2013,19.95
10/31/2013,20.43
11/1/2013,19.86
11/4/2013,20.22
11/5/2013,20.25
11/6/2013,20.41
11/7/2013,20
11/8/2013,19.64
11/11/2013,20.09
11/12/2013,19.55
11/13/2013,19.94
11/14/2013,20.45
11/18/2013,21.44
11/19/2013,21.11
11/21/2013,20.9
11/22/2013,20.67
11/25/2013,20.36
11/26/2013,19.08
11/27/2013,18.97
11/28/2013,18.66
11/29/2013,19.12
12/2/2013,17.36
12/3/2013,17.51
12/4/2013,17.4
12/5/2013,17.63
12/6/2013,17.23
12/9/2013,17.25
12/10/2013,17.3
12/11/2013,16.78
12/12/2013,16.86
12/13/2013,17.03
12/16/2013,17.34
12/17/2013,16.8
12/18/2013,16.84
12/19/2013,17.25
12/20/2013,16.91
12/23/2013,17.06
12/26/2013,16.92
12/27/2013,16.93
12/30/2013,17.08
1/2/2014,16.75
1/3/2014,16.42
1/6/2014,16.62
1/7/2014,16.16
1/8/2014,16.19
1/9/2014,15.7
1/10/2014,15.97
1/13/2014,15.77
1/14/2014,15.7
1/15/2014,16.04
1/16/2014,15.59
1/17/2014,15.51
1/20/2014,15.18
1/21/2014,15.34
1/22/2014,15.84
1/23/2014,15.47
1/24/2014,15.1
1/27/2014,15.11
1/28/2014,15.05
1/29/2014,14.8
1/30/2014,14.7
1/31/2014,14.7
2/3/2014,13.85
2/4/2014,14.09
2/5/2014,13.83
2/6/2014,14.21
2/7/2014,14.45
2/10/2014,14.61
2/11/2014,14.96
2/12/2014,14.96
2/13/2014,14.61
2/14/2014,14.58
2/17/2014,14.43
2/18/2014,14.11
2/19/2014,14.2
2/20/2014,14.16
2/21/2014,14.15
2/24/2014,14.5
2/25/2014,14.18
2/26/2014,13.68
2/27/2014,14.04
2/28/2014,13.59
3/5/2014,13.29
3/6/2014,13.43
3/7/2014,13.32
3/10/2014,13.01
3/11/2014,13.11
3/12/2014,13.32
3/13/2014,13.11
3/14/2014,12.78
3/17/2014,12.57
3/18/2014,12.97
3/19/2014,13.34
3/20/2014,13.99
3/21/2014,14.02
3/24/2014,14.4
3/25/2014,14.48
3/26/2014,14.4
3/27/2014,15.57
3/28/2014,15.66
3/31/2014,15.78
4/1/2014,15.81
4/2/2014,16.56
4/3/2014,15.4
4/4/2014,15.44
4/7/2014,16.46
4/8/2014,15.99
4/9/2014,15.85
4/10/2014,15.68
4/11/2014,16.19
4/14/2014,15.93
4/15/2014,15.32
4/16/2014,15.78
4/17/2014,16.38
4/22/2014,15.96
4/23/2014,16.03
4/24/2014,16.13
4/25/2014,16.03
4/28/2014,16.56
4/29/2014,16.69
4/30/2014,16.57
5/2/2014,17.6
5/5/2014,17.57
5/6/2014,18.24
5/7/2014,18.58
5/8/2014,17.88
5/9/2014,17.67
5/12/2014,18.03
5/13/2014,17.96
5/14/2014,18.29
5/15/2014,18.03
5/16/2014,18.05
5/19/2014,17.94
5/20/2014,17.3
5/21/2014,17.46
5/22/2014,17.65
5/23/2014,17.7
5/26/2014,17.86
5/27/2014,17.49
5/28/2014,17.7
5/29/2014,17.3
5/30/2014,16.69
6/2/2014,16.6
6/3/2014,16.9
6/4/2014,16.6
6/5/2014,16.32
6/6/2014,17.68
6/9/2014,18.07
6/10/2014,18.34
6/11/2014,18.88
6/13/2014,18.99
6/16/2014,18.74
6/17/2014,18.32
6/18/2014,19
6/20/2014,18.7
6/23/2014,18.3
6/24/2014,17.64
6/25/2014,17.29
6/26/2014,17.32
6/27/2014,17.2
6/30/2014,17.29
7/1/2014,17.19
7/2/2014,17.12
7/3/2014,17.5
7/4/2014,17.5
7/7/2014,17.28
7/8/2014,17.33
7/10/2014,18.11
7/11/2014,18.28
7/14/2014,19.1
7/15/2014,19.26
7/16/2014,19.31
7/17/2014,19.56
7/18/2014,20.52
7/21/2014,20.9
7/22/2014,21.05
7/23/2014,20.26
7/24/2014,20.31
7/25/2014,20.49
7/28/2014,20.15
7/29/2014,19.62
7/30/2014,19.85
7/31/2014,19.1
8/1/2014,19.01
8/4/2014,19.45
8/5/2014,19.7
8/6/2014,20.31
8/7/2014,20.15
8/8/2014,19.31
8/11/2014,20.14
8/12/2014,19.67
8/13/2014,18.69
8/14/2014,18.6
8/15/2014,20.06
8/18/2014,20.4
8/19/2014,20.91
8/20/2014,21.36
8/21/2014,21.3
8/22/2014,20.92
8/25/2014,22.04
8/26/2014,21.84
8/27/2014,22.84
8/28/2014,22.8
8/29/2014,23.35
9/1/2014,23.83
9/2/2014,24.56
9/3/2014,23.95
9/4/2014,22.79
9/5/2014,22.82
9/8/2014,21.7
9/9/2014,21.48
9/10/2014,20.95
9/11/2014,21.21
9/12/2014,20.14
9/15/2014,20.55
9/16/2014,21.55
9/17/2014,22.12
9/18/2014,21.29
9/19/2014,20.91
9/22/2014,20.59
9/23/2014,20.13
9/24/2014,20.23
9/25/2014,19.84
9/26/2014,20.94
9/29/2014,18.6
9/30/2014,18.09
10/1/2014,17.09
10/2/2014,17.3
10/3/2014,18.35
10/6/2014,20.39
10/7/2014,21.21
10/8/2014,20.85
10/9/2014,21.2
10/10/2014,20.02
10/13/2014,22.13
10/14/2014,21.65
10/15/2014,20.15
10/16/2014,18.65
10/17/2014,19.09
10/20/2014,17.92
10/21/2014,16.68
10/22/2014,16.61
10/23/2014,15.41
10/24/2014,16.3
10/27/2014,14.29
10/28/2014,15.03
10/29/2014,14.02
10/30/2014,14.32
10/31/2014,15.28
11/3/2014,14.85
11/4/2014,14.82
11/5/2014,14.4
11/6/2014,14.06
11/7/2014,14.27
11/10/2014,13.98
11/11/2014,14
11/12/2014,14.11
11/13/2014,13.6
11/14/2014,13.2
11/17/2014,12.6
11/18/2014,12.45
11/19/2014,12.78
11/21/2014,14.3
11/24/2014,14.21
11/25/2014,14.15
11/26/2014,14.1
11/27/2014,13.44
11/28/2014,12.8
12/1/2014,12.32
12/2/2014,12.13
12/3/2014,12.73
12/4/2014,12.23
12/5/2014,12.26
12/8/2014,11.5
12/9/2014,11.36
12/10/2014,10.83
12/11/2014,10.82
12/12/2014,10.11
12/15/2014,9.18
12/16/2014,9.38
12/17/2014,9.66
12/18/2014,9.46
12/19/2014,9.83
12/22/2014,10.32
12/23/2014,10.97
12/26/2014,10.3
12/29/2014,10.28
12/30/2014,10.02
1/2/2015,9.36
1/5/2015,8.61
1/6/2015,8.33
1/7/2015,8.67
1/8/2015,9.18
1/9/2015,9.4
1/12/2015,8.91
1/13/2015,9
1/14/2015,8.74
1/15/2015,9.34
1/16/2015,9.44
1/19/2015,9.19
1/20/2015,9.32
1/21/2015,9.82
1/22/2015,10.25
1/23/2015,10
1/26/2015,9.91
1/27/2015,10.17
1/28/2015,9.03
1/29/2015,8.75
1/30/2015,8.18
2/2/2015,8.66
2/3/2015,10
2/4/2015,10.02
2/5/2015,9.8
2/6/2015,9.12
2/9/2015,9.28
2/10/2015,8.92
2/11/2015,9.03
2/12/2015,9.5
2/13/2015,9.99
2/18/2015,10.12
2/19/2015,9.75
2/20/2015,9.67
2/23/2015,9.49
2/24/2015,9.86
2/25/2015,9.38
2/26/2015,9.27
2/27/2015,9.57
3/2/2015,9.4
3/3/2015,9.6
3/4/2015,9.21
3/5/2015,9.28
3/6/2015,9.24
3/9/2015,8.91
3/10/2015,8.55
3/11/2015,8.79
3/12/2015,8.5
3/13/2015,8.3
3/16/2015,8.46
3/17/2015,8.89
3/18/2015,9.27
3/19/2015,8.9
3/20/2015,9.35
3/23/2015,9.35
3/24/2015,9.39
3/25/2015,9.84
3/26/2015,9.35
3/27/2015,9.38
3/30/2015,9.72
3/31/2015,9.73
4/1/2015,10.21
4/2/2015,10.72
4/6/2015,10.69
4/7/2015,10.89
4/8/2015,10.6
4/9/2015,11.56
4/10/2015,11.82
4/13/2015,12.27
4/14/2015,12.49
4/15/2015,13.33
4/16/2015,12.93
4/17/2015,13.01
4/20/2015,13.09
4/22/2015,13.12
4/23/2015,12.92
4/24/2015,13.26
4/27/2015,12.58
4/28/2015,12.78
4/29/2015,12.82
4/30/2015,13.05
5/4/2015,13.8
5/5/2015,14.38
5/6/2015,13.64
5/7/2015,13.7
5/8/2015,13.52
5/11/2015,13.72
5/12/2015,13.79
5/13/2015,13.97
5/14/2015,13.89
5/15/2015,14.06
5/18/2015,13.78
5/19/2015,12.91
5/20/2015,12.89
5/21/2015,13.45
5/22/2015,13.08
5/25/2015,12.8
5/26/2015,12.39
5/27/2015,12.55
5/28/2015,12.67
5/29/2015,12.33
6/1/2015,12.37
6/2/2015,12.84
6/3/2015,12.83
6/5/2015,12.56
6/8/2015,12.57
6/9/2015,12.97
6/10/2015,13.05
6/11/2015,13.05
6/12/2015,13.02
6/15/2015,12.99
6/16/2015,13.35
6/17/2015,13.19
6/18/2015,13.44
6/19/2015,13.17
6/22/2015,13.2
6/23/2015,12.97
6/24/2015,13.2
6/25/2015,12.6
6/26/2015,13.21
6/29/2015,12.75
6/30/2015,12.71
7/1/2015,12.18
7/2/2015,12.3
7/3/2015,11.73
7/6/2015,11.48
7/7/2015,11.78
7/8/2015,11.55
7/10/2015,11.79
7/13/2015,11.82
7/14/2015,12
7/15/2015,11.8
7/16/2015,11.92
7/17/2015,11.4
7/20/2015,10.79
7/21/2015,10.77
7/22/2015,10.36
7/23/2015,10.17
7/24/2015,10.04
7/27/2015,9.51
7/28/2015,9.97
7/29/2015,10.72
7/30/2015,10.47
7/31/2015,10.5
8/3/2015,10.02
8/4/2015,10.18
8/5/2015,10.01
8/6/2015,10.32
8/7/2015,9.69
8/10/2015,9.95
8/11/2015,9.83
8/12/2015,9.88
8/13/2015,9.51
8/14/2015,9.3
8/17/2015,9.12
8/18/2015,9
8/19/2015,8.79
8/20/2015,8.73
8/21/2015,8.3
8/24/2015,7.76
8/25/2015,7.9
8/26/2015,8.11
8/27/2015,8.89
8/28/2015,9
8/31/2015,9.19
9/1/2015,8.59
9/2/2015,8.82
9/3/2015,8.76
9/4/2015,8.51
9/8/2015,8.64
9/9/2015,8.39
9/10/2015,7.97
9/11/2015,7.66
9/14/2015,7.72
9/15/2015,7.65
9/16/2015,8.14
9/17/2015,7.86
9/18/2015,7.6
9/21/2015,7.3
9/22/2015,6.97
9/23/2015,6.82
9/24/2015,6.96
9/25/2015,6.82
9/28/2015,6.44
9/29/2015,6.59
9/30/2015,7.24
10/1/2015,7.02
10/2/2015,7.77
10/5/2015,7.82
10/6/2015,8.19
10/7/2015,8.47
10/8/2015,8.75
10/9/2015,8.8
10/13/2015,8.13
10/14/2015,7.96
10/15/2015,8
10/16/2015,7.95
10/19/2015,7.95
10/20/2015,8.05
10/21/2015,7.75
10/22/2015,8.02
10/23/2015,7.99
10/26/2015,7.85
10/27/2015,7.6
10/28/2015,7.7
10/29/2015,7.61
10/30/2015,7.71
11/3/2015,8.48
11/4/2015,8.08
11/5/2015,8.11
11/6/2015,7.82
11/9/2015,7.64
11/10/2015,7.61
11/11/2015,7.72
11/12/2015,7.58
11/13/2015,7.27
11/16/2015,7.7
11/17/2015,7.76
11/18/2015,7.82
11/19/2015,7.84
11/23/2015,8.08
11/24/2015,8.5
11/25/2015,7.9
11/26/2015,7.92
11/27/2015,7.6
11/30/2015,7.67
12/1/2015,7.49
12/2/2015,7.52
12/3/2015,7.98
12/4/2015,7.52
12/7/2015,7.19
12/8/2015,7.13
12/9/2015,7.65
12/10/2015,7.45
12/11/2015,7.25
12/14/2015,7.21
12/15/2015,7.42
12/16/2015,7.29
12/17/2015,7.2
12/18/2015,7.02
12/21/2015,6.64
12/22/2015,6.79
12/23/2015,6.93
12/28/2015,6.7
12/29/2015,6.69
12/30/2015,6.7
1/4/2016,6.87
1/5/2016,6.68
1/6/2016,6.4
1/7/2016,6.26
1/8/2016,6.27
1/11/2016,6.09
1/12/2016,5.53
1/13/2016,5.27
1/14/2016,5.69
1/15/2016,5.17
1/18/2016,4.8
1/19/2016,4.66
1/20/2016,4.43
1/21/2016,4.5
1/22/2016,4.41
1/26/2016,4.2
1/27/2016,4.57
1/28/2016,4.6
1/29/2016,4.84
2/1/2016,4.72
2/2/2016,4.3
2/3/2016,4.49
2/4/2016,4.73
2/5/2016,4.54
2/10/2016,4.31
2/11/2016,4.23
2/12/2016,4.45
2/15/2016,4.52
2/16/2016,4.44
