1/3/2000,4.05
1/4/2000,3.9
1/5/2000,3.791667
1/6/2000,3.919167
1/7/2000,3.941667
1/10/2000,4.35
1/11/2000,4.25
1/12/2000,4.375
1/13/2000,4.375
1/14/2000,4.375
1/17/2000,4.316667
1/18/2000,4.250833
1/19/2000,4.166667
1/20/2000,4.2075
1/21/2000,4.308333
1/24/2000,4.6075
1/26/2000,4.5825
1/27/2000,4.583333
1/28/2000,4.434167
1/31/2000,4.166667
2/1/2000,4.216667
2/2/2000,4.291667
2/3/2000,4.458333
2/4/2000,4.4925
2/7/2000,4.708333
2/8/2000,4.75
2/9/2000,4.566667
2/10/2000,4.24
2/11/2000,3.920833
2/14/2000,3.858333
2/15/2000,4.249167
2/16/2000,4.108333
2/17/2000,3.9575
2/18/2000,4.041667
2/21/2000,4.0675
2/22/2000,4.083333
2/23/2000,4.208333
2/24/2000,4.2175
2/25/2000,4.168333
2/28/2000,4.075
2/29/2000,3.916667
3/1/2000,3.9
3/2/2000,3.8325
3/3/2000,3.866667
3/8/2000,3.75
3/9/2000,3.708333
3/10/2000,3.7
3/13/2000,3.566667
3/14/2000,3.55
3/15/2000,3.679167
3/16/2000,3.75
3/17/2000,3.7
3/20/2000,3.5
3/21/2000,3.758333
3/22/2000,3.683333
3/23/2000,3.708333
3/24/2000,3.916667
3/27/2000,3.935833
3/28/2000,3.833333
3/29/2000,3.843333
3/30/2000,3.874167
3/31/2000,3.958333
4/3/2000,4
4/4/2000,3.941667
4/5/2000,4
4/6/2000,3.959167
4/7/2000,4.016667
4/10/2000,3.958333
4/11/2000,3.941667
4/12/2000,3.966667
4/13/2000,3.933333
4/14/2000,3.7
4/17/2000,3.541667
4/18/2000,3.666667
4/19/2000,3.4175
4/20/2000,3.633333
4/24/2000,3.504167
4/25/2000,3.541667
4/26/2000,3.55
4/27/2000,3.541667
4/28/2000,3.725
5/2/2000,3.725
5/3/2000,3.666667
5/4/2000,3.620833
5/5/2000,3.708333
5/8/2000,3.6
5/9/2000,3.591667
5/10/2000,3.575
5/11/2000,3.5
5/12/2000,3.583333
5/15/2000,3.6675
5/16/2000,3.858333
5/17/2000,3.795833
5/18/2000,3.768333
5/19/2000,3.791667
5/22/2000,3.75
5/23/2000,3.575
5/24/2000,3.550833
5/25/2000,3.55
5/26/2000,3.584167
5/29/2000,3.670833
5/30/2000,3.885833
5/31/2000,3.791667
6/1/2000,3.975
6/2/2000,3.970833
6/5/2000,3.95
6/6/2000,3.941667
6/7/2000,4.0425
6/8/2000,4.125
6/9/2000,4.033333
6/12/2000,3.941667
6/13/2000,3.925833
6/14/2000,3.968333
6/15/2000,4
6/16/2000,4.055833
6/19/2000,4.2
6/20/2000,4.191667
6/21/2000,4.341667
6/23/2000,4.375
6/26/2000,4.273333
6/27/2000,4.3325
6/28/2000,4.3675
6/29/2000,4.209167
6/30/2000,4.241667
7/3/2000,4.233333
7/4/2000,4.366667
7/5/2000,4.259167
7/6/2000,4.325
7/7/2000,4.4
7/10/2000,4.375
7/11/2000,4.250833
7/12/2000,4.208333
7/13/2000,4.058333
7/14/2000,4.001667
7/17/2000,4.166667
7/18/2000,4.165833
7/19/2000,4.059167
7/20/2000,4.11
7/21/2000,4.166667
7/24/2000,4.225
7/25/2000,4.25
7/26/2000,4.291667
7/27/2000,4.249167
7/28/2000,3.991667
7/31/2000,4.1
8/1/2000,4.066667
8/2/2000,4.05
8/3/2000,4.208333
8/4/2000,4.375
8/7/2000,4.45
8/8/2000,4.408333
8/9/2000,4.208333
8/10/2000,4.164167
8/11/2000,4.208333
8/14/2000,4.3
8/15/2000,4.365833
8/16/2000,4.275
8/17/2000,4.408333
8/18/2000,4.333333
8/21/2000,4.316667
8/22/2000,4.3
8/23/2000,4.35
8/24/2000,4.341667
8/25/2000,4.333333
8/28/2000,4.325833
8/29/2000,4.320833
8/30/2000,4.266667
8/31/2000,4.1
9/1/2000,4.175
9/4/2000,4.209167
9/5/2000,4.2925
9/6/2000,4.475
9/8/2000,4.270833
9/11/2000,4.375
9/12/2000,4.2825
9/13/2000,4.234167
9/14/2000,4.1275
9/15/2000,4.005833
9/18/2000,3.908333
9/19/2000,3.891667
9/20/2000,3.790833
9/21/2000,3.874167
9/22/2000,3.858333
9/25/2000,3.824167
9/26/2000,3.831667
9/27/2000,3.775
9/28/2000,3.858333
9/29/2000,3.858333
10/2/2000,3.75
10/3/2000,3.769167
10/4/2000,3.875
10/5/2000,3.958333
10/6/2000,3.843333
10/9/2000,3.808333
10/10/2000,3.833333
10/11/2000,3.734167
10/13/2000,3.733333
10/16/2000,3.716667
10/17/2000,3.64
10/18/2000,3.49
10/19/2000,3.466667
10/20/2000,3.429167
10/23/2000,3.333333
10/24/2000,3.400833
10/25/2000,3.4
10/26/2000,3.5575
10/27/2000,3.833333
10/30/2000,3.7825
10/31/2000,3.666667
11/1/2000,3.718333
11/3/2000,3.666667
11/6/2000,3.6575
11/7/2000,3.679167
11/8/2000,3.666667
11/9/2000,3.595833
11/10/2000,3.616667
11/13/2000,3.566667
11/14/2000,3.591667
11/16/2000,3.566667
11/17/2000,3.5
11/20/2000,3.4675
11/21/2000,3.524167
11/22/2000,3.458333
11/23/2000,3.433333
11/24/2000,3.4
11/27/2000,3.341667
11/28/2000,3.278333
11/29/2000,3.291667
11/30/2000,3.275
12/1/2000,3.4
12/4/2000,3.45
12/5/2000,3.6575
12/6/2000,3.633333
12/7/2000,3.635
12/8/2000,3.733333
12/11/2000,3.7775
12/12/2000,3.783333
12/13/2000,3.773333
12/14/2000,3.725
12/15/2000,3.708333
12/18/2000,3.741667
12/19/2000,3.761667
12/20/2000,3.670833
12/21/2000,3.7125
12/22/2000,3.7425
12/26/2000,3.791667
12/27/2000,3.920833
12/28/2000,3.956667
1/2/2001,3.733333
1/3/2001,3.998333
1/4/2001,3.998333
1/5/2001,3.876667
1/8/2001,3.925
1/9/2001,3.9925
1/10/2001,3.958333
1/11/2001,3.958333
1/12/2001,3.958333
1/15/2001,3.958333
1/16/2001,3.941667
1/17/2001,3.983333
1/18/2001,4.1325
1/19/2001,4.1
1/22/2001,4.1
1/23/2001,4.125833
1/24/2001,4.191667
1/26/2001,4.325
1/29/2001,4.391667
1/30/2001,4.3
1/31/2001,4.399167
2/1/2001,4.208333
2/2/2001,4.241667
2/5/2001,4.124167
2/6/2001,4.190833
2/7/2001,4.129167
2/8/2001,4.25
2/9/2001,4.241667
2/12/2001,4.166667
2/13/2001,4.183333
2/14/2001,4.176667
2/15/2001,4.15
2/16/2001,4
2/19/2001,3.983333
2/20/2001,4.033333
2/21/2001,4.016667
2/22/2001,4.21
2/23/2001,4.333333
2/28/2001,4.383333
3/1/2001,4.35
3/2/2001,4.366667
3/5/2001,4.2675
3/6/2001,4.225
3/7/2001,4.241667
3/8/2001,4.283333
3/9/2001,4.258333
3/12/2001,4.008333
3/13/2001,4.166667
3/14/2001,4.216667
3/15/2001,4.186667
3/16/2001,4.150833
3/19/2001,4.125
3/20/2001,4.3125
3/21/2001,4.345833
3/22/2001,4.190833
3/23/2001,4.208333
3/26/2001,4.325
3/27/2001,4.395833
3/28/2001,4.375833
3/29/2001,4.333333
3/30/2001,4.416667
4/2/2001,4.375
4/3/2001,4.3
4/4/2001,4.233333
4/5/2001,4.300833
4/6/2001,4.291667
4/9/2001,4.316667
4/10/2001,4.319167
4/11/2001,4.225
4/12/2001,4.1875
4/16/2001,4.208333
4/17/2001,4.35
4/18/2001,4.35
4/19/2001,4.254167
4/20/2001,4.25
4/23/2001,4.39
4/24/2001,4.308333
4/25/2001,4.275833
4/26/2001,4.325
4/27/2001,4.258333
4/30/2001,4.241667
5/2/2001,4.425
5/3/2001,4.416667
5/4/2001,4.429167
5/7/2001,4.291667
5/8/2001,4.341667
5/9/2001,4.575
5/10/2001,4.758333
5/11/2001,4.683333
5/14/2001,4.5425
5/15/2001,4.708333
5/16/2001,4.650833
5/17/2001,4.715833
5/18/2001,4.708333
5/21/2001,4.733333
5/22/2001,4.8
5/23/2001,4.716667
5/24/2001,4.791667
5/25/2001,4.82
5/28/2001,4.791667
5/29/2001,4.775
5/30/2001,4.691667
5/31/2001,4.75
6/1/2001,4.75
6/4/2001,4.716667
6/5/2001,4.725
6/6/2001,4.725
6/7/2001,4.791667
6/8/2001,4.7375
6/11/2001,4.725
6/12/2001,4.625
6/13/2001,4.7
6/15/2001,4.633333
6/18/2001,4.55
6/19/2001,4.583333
6/20/2001,4.5425
6/21/2001,4.545833
6/22/2001,4.540833
6/25/2001,4.4
6/26/2001,4.316667
6/27/2001,4.3
6/28/2001,4.2675
6/29/2001,4.368333
7/2/2001,4.5
7/3/2001,4.391667
7/4/2001,4.358333
7/5/2001,4.416667
7/6/2001,4.491667
7/10/2001,4.483333
7/11/2001,4.491667
7/12/2001,4.341667
7/13/2001,4.375
7/16/2001,4.358333
7/17/2001,4.266667
7/18/2001,4.2425
7/19/2001,4.316667
7/20/2001,4.375
7/23/2001,4.395833
7/24/2001,4.325
7/25/2001,4.383333
7/26/2001,4.391667
7/27/2001,4.375
7/30/2001,4.35
7/31/2001,4.4
8/1/2001,4.333333
8/2/2001,4.333333
8/3/2001,4.373333
8/6/2001,4.346667
8/7/2001,4.35
8/8/2001,4.35
8/9/2001,4.250833
8/10/2001,4.383333
8/13/2001,4.366667
8/14/2001,4.370833
8/15/2001,4.354167
8/16/2001,4.333333
8/17/2001,4.283333
8/20/2001,4.308333
8/21/2001,4.354167
8/22/2001,4.316667
8/23/2001,4.308333
8/24/2001,4.333333
8/27/2001,4.35
8/28/2001,4.383333
8/29/2001,4.325
8/30/2001,4.2925
8/31/2001,4.275
9/3/2001,4.15
9/4/2001,4.229167
9/5/2001,4.291667
9/6/2001,4.266667
9/10/2001,4.295833
9/11/2001,3.925
9/12/2001,4.1325
9/13/2001,3.958333
9/14/2001,4
9/17/2001,4.2
9/18/2001,4.308333
9/19/2001,4.341667
9/20/2001,4.383333
9/21/2001,4.368333
9/24/2001,4.425
9/25/2001,4.4175
9/26/2001,4.4
9/27/2001,4.416667
9/28/2001,4.4
10/1/2001,4.4
10/2/2001,4.3875
10/3/2001,4.416667
10/4/2001,4.308333
10/5/2001,4.359167
10/8/2001,4.406667
10/9/2001,4.458333
10/10/2001,4.559167
10/11/2001,4.483333
10/15/2001,4.549167
10/16/2001,4.580833
10/17/2001,4.658333
10/18/2001,4.633333
10/19/2001,4.608333
10/22/2001,4.625
10/23/2001,4.6
10/24/2001,4.65
10/25/2001,4.608333
10/26/2001,4.666667
10/29/2001,4.5925
10/30/2001,4.6
10/31/2001,4.6925
11/1/2001,4.7575
11/5/2001,4.856667
11/6/2001,4.691667
11/7/2001,4.591667
11/8/2001,4.541667
11/9/2001,4.55
11/12/2001,4.458333
11/13/2001,4.433333
11/14/2001,4.3925
11/16/2001,4.641667
11/19/2001,4.716667
11/20/2001,4.590833
11/21/2001,4.525
11/22/2001,4.583333
11/23/2001,4.266667
11/26/2001,4.275833
11/27/2001,4.166667
11/28/2001,4.1675
11/29/2001,4.23
11/30/2001,4.4
12/3/2001,4.524167
12/4/2001,4.375
12/5/2001,4.416667
12/6/2001,4.416667
12/7/2001,4.383333
12/10/2001,4.375
12/11/2001,4.404167
12/12/2001,4.366667
12/13/2001,4.333333
12/14/2001,4.325
12/17/2001,4.341667
12/18/2001,4.434167
12/19/2001,4.429167
12/20/2001,4.374167
12/21/2001,4.491667
12/26/2001,4.416667
12/27/2001,4.458333
12/28/2001,4.475
1/2/2002,4.418333
1/3/2002,4.45
1/4/2002,4.45
1/7/2002,4.475
1/8/2002,4.513333
1/9/2002,4.516667
1/10/2002,4.541667
1/11/2002,4.508333
1/14/2002,4.3375
1/15/2002,4.241667
1/16/2002,4.3
1/17/2002,4.375
1/18/2002,4.356667
1/21/2002,4.254167
1/22/2002,4.366667
1/23/2002,4.475833
1/24/2002,4.595833
1/28/2002,4.708333
1/29/2002,4.533333
1/30/2002,4.366667
1/31/2002,4.459167
2/1/2002,4.579167
2/4/2002,4.633333
2/5/2002,4.641667
2/6/2002,4.554167
2/7/2002,4.591667
2/8/2002,4.625
2/13/2002,4.7325
2/14/2002,4.833333
2/15/2002,4.808333
2/18/2002,4.749167
2/19/2002,4.873333
2/20/2002,4.933333
2/21/2002,5.008333
2/22/2002,5.016667
2/25/2002,5.004167
2/26/2002,5.041667
2/27/2002,5
2/28/2002,5
3/1/2002,5.1375
3/4/2002,5.224167
3/5/2002,5.35
3/6/2002,5.225
3/7/2002,5
3/8/2002,4.895
3/11/2002,4.875
3/12/2002,5.108333
3/13/2002,5.158333
3/14/2002,5.025
3/15/2002,5.015833
3/18/2002,5
3/19/2002,4.916667
3/20/2002,5.021667
3/21/2002,5.116667
3/22/2002,4.983333
3/25/2002,5.02
3/26/2002,5.125
3/27/2002,5.125
3/28/2002,5.083333
4/1/2002,5.125
4/2/2002,5.108333
4/3/2002,4.983333
4/4/2002,5.0425
4/5/2002,5.125
4/8/2002,5.15
4/9/2002,5.184167
4/10/2002,5.2
4/11/2002,5.205
4/12/2002,5.29
4/15/2002,5.333333
4/16/2002,5.411667
4/17/2002,5.483334
4/18/2002,5.345833
4/19/2002,5.25
4/22/2002,5.454166
4/23/2002,5.525
4/24/2002,5.434167
4/25/2002,5.304167
4/26/2002,5.275833
4/29/2002,5.291667
4/30/2002,5.291667
5/2/2002,5.293333
5/3/2002,5.416667
5/6/2002,5.516666
5/7/2002,5.470833
5/8/2002,5.583333
5/9/2002,5.659167
5/10/2002,5.708333
5/13/2002,5.808333
5/14/2002,5.8
5/15/2002,5.733334
5/16/2002,5.691667
5/17/2002,5.708333
5/20/2002,5.708333
5/21/2002,5.795834
5/22/2002,5.846667
5/23/2002,5.925
5/24/2002,5.909167
5/27/2002,5.956667
5/28/2002,5.979167
5/29/2002,6.183333
5/31/2002,6.208333
6/3/2002,6.209167
6/4/2002,6.325
6/5/2002,6.316667
6/6/2002,6.241667
6/7/2002,6.2
6/10/2002,6.2
6/11/2002,6.170834
6/12/2002,6.170834
6/13/2002,5.941667
6/14/2002,5.866667
6/17/2002,5.865
6/18/2002,5.841667
6/19/2002,5.909167
6/20/2002,5.7725
6/21/2002,5.75
6/24/2002,5.483334
6/25/2002,5.543333
6/26/2002,5.65
6/27/2002,6.041667
6/28/2002,6.083333
7/1/2002,6.041667
7/2/2002,6.016666
7/3/2002,6.041667
7/4/2002,6.024167
7/5/2002,6
7/8/2002,6.033333
7/10/2002,5.85
7/11/2002,5.733334
7/12/2002,5.645
7/15/2002,5.715833
7/16/2002,5.779167
7/17/2002,5.815833
7/18/2002,5.73
7/19/2002,5.875
7/22/2002,5.7
7/23/2002,5.708333
7/24/2002,5.75
7/25/2002,5.65
7/26/2002,5.458333
7/29/2002,5.466667
7/30/2002,5.908333
7/31/2002,6.333333
8/1/2002,6.149167
8/2/2002,5.875
8/5/2002,5.791667
8/6/2002,5.791667
8/7/2002,5.833333
8/8/2002,5.75
8/9/2002,6.0825
8/12/2002,5.958333
8/13/2002,5.834167
8/14/2002,5.916667
8/15/2002,5.916667
8/16/2002,6.166667
8/19/2002,5.941667
8/20/2002,5.925
8/21/2002,5.940833
8/22/2002,5.975
8/23/2002,6
8/26/2002,5.958333
8/27/2002,6.041667
8/28/2002,6.02
8/29/2002,5.791667
8/30/2002,5.75
9/2/2002,5.75
9/3/2002,5.799166
9/4/2002,5.833333
9/5/2002,5.933333
9/6/2002,6.070833
9/9/2002,6.125
9/10/2002,6.120833
9/11/2002,6.1575
9/12/2002,6.108334
9/13/2002,6.166667
9/16/2002,6.2075
9/17/2002,6.25
9/18/2002,6.453334
9/19/2002,6.533333
9/20/2002,6.504167
9/23/2002,6.75
9/24/2002,7
9/25/2002,6.893333
9/26/2002,7.016666
9/27/2002,7
9/30/2002,6.915
10/1/2002,6.665
10/2/2002,6.791667
10/3/2002,7.033333
10/4/2002,6.945833
10/7/2002,6.95
10/8/2002,6.958333
10/9/2002,7.1225
10/10/2002,7.0625
10/11/2002,6.958333
10/14/2002,6.833333
10/15/2002,6.883333
10/16/2002,6.883333
10/17/2002,7.041667
10/18/2002,7.141666
10/21/2002,7.266666
10/22/2002,7.375834
10/23/2002,7.5
10/24/2002,7.625
10/25/2002,7.708333
10/28/2002,7.914167
10/29/2002,7.983334
10/30/2002,7.8
10/31/2002,7.758333
11/1/2002,7.7
11/4/2002,7.553333
11/5/2002,7.250834
11/6/2002,7.541667
11/7/2002,7.566667
11/8/2002,7.583333
11/11/2002,7.4
11/12/2002,7.458333
11/13/2002,7.483334
11/14/2002,7.434167
11/18/2002,7.668333
11/19/2002,7.53
11/20/2002,7.366667
11/21/2002,7.625
11/22/2002,7.458333
11/25/2002,7.383333
11/26/2002,7.391666
11/27/2002,7.5
11/28/2002,7.5
11/29/2002,7.749166
12/2/2002,7.833333
12/3/2002,7.96
12/4/2002,8.009167
12/5/2002,8.041667
12/6/2002,8.153333
12/9/2002,8.241667
12/10/2002,8.416667
12/11/2002,8.516666
12/12/2002,8.458333
12/13/2002,8.216667
12/16/2002,8.125
12/17/2002,8.213333
12/18/2002,7.979167
12/19/2002,7.95
12/20/2002,7.9
12/23/2002,8.05
12/26/2002,8.25
12/27/2002,8.141666
12/30/2002,8.134167
1/2/2003,8.083333
1/3/2003,7.983334
1/6/2003,7.770833
1/7/2003,7.6
1/8/2003,7.683333
1/9/2003,7.709167
1/10/2003,7.501666
1/13/2003,7.35
1/14/2003,7.309167
1/15/2003,7.416667
1/16/2003,7.379167
1/17/2003,7.4
1/20/2003,7.416667
1/21/2003,7.564166
1/22/2003,7.641666
1/23/2003,7.370833
1/24/2003,7.475
1/27/2003,7.375
1/28/2003,7.341667
1/29/2003,7.458333
1/30/2003,7.458333
1/31/2003,7.658333
2/3/2003,7.755
2/4/2003,7.958333
2/5/2003,8.158333
2/6/2003,8.2625
2/7/2003,8.166667
2/10/2003,8.166667
2/11/2003,8.333333
2/12/2003,8.183333
2/13/2003,8.016666
2/14/2003,7.926667
2/17/2003,8.083333
2/18/2003,7.95
2/19/2003,7.958333
2/20/2003,7.916667
2/21/2003,8.241667
2/24/2003,8.275
2/25/2003,8.275
2/26/2003,8.333333
2/27/2003,7.98
2/28/2003,8.166667
3/5/2003,8.190833
3/6/2003,8.091667
3/7/2003,8
3/10/2003,7.858334
3/11/2003,7.791667
3/12/2003,7.791667
3/13/2003,7.65
3/14/2003,7.504167
3/17/2003,7.595833
3/18/2003,7.5
3/19/2003,7.416667
3/20/2003,7.525
3/21/2003,7.4
3/24/2003,7.35
3/25/2003,7.291667
3/26/2003,7.359166
3/27/2003,7.408333
3/28/2003,7.35
3/31/2003,7.3
4/1/2003,7.3175
4/2/2003,7.208333
4/3/2003,7.075
4/4/2003,6.958333
4/7/2003,6.983334
4/8/2003,7.086667
4/9/2003,7.2
4/10/2003,7.334167
4/11/2003,7.166667
4/14/2003,7.125
4/15/2003,7.024167
4/16/2003,7.033333
4/17/2003,6.841667
4/22/2003,6.800833
4/23/2003,6.683333
4/24/2003,6.466667
4/25/2003,6.540833
4/28/2003,6.525
4/29/2003,6.539167
4/30/2003,6.454166
5/2/2003,6.496667
5/5/2003,6.758333
5/6/2003,6.758333
5/7/2003,6.666667
5/8/2003,6.566667
5/9/2003,6.608334
5/12/2003,6.635
5/13/2003,6.733334
5/14/2003,6.658333
5/15/2003,6.666667
5/16/2003,6.644167
5/19/2003,6.808333
5/20/2003,6.920834
5/21/2003,6.825
5/22/2003,6.825
5/23/2003,6.775833
5/26/2003,6.908333
5/27/2003,6.933333
5/28/2003,7.040833
5/29/2003,6.908333
5/30/2003,6.925
6/2/2003,6.775
6/3/2003,6.791667
6/4/2003,6.804167
6/5/2003,6.783333
6/6/2003,6.866667
6/9/2003,6.808333
6/10/2003,6.751666
6/11/2003,6.741667
6/12/2003,6.658333
6/13/2003,6.6
6/16/2003,6.625
6/17/2003,6.659167
6/18/2003,6.749166
6/20/2003,6.7125
6/23/2003,6.6825
6/24/2003,6.664167
6/25/2003,6.625
6/26/2003,6.724167
6/27/2003,6.623334
6/30/2003,6.525
7/1/2003,6.583333
7/2/2003,6.625834
7/3/2003,6.741667
7/4/2003,6.816667
7/7/2003,6.989167
7/8/2003,6.958333
7/10/2003,7.116667
7/11/2003,7.008333
7/14/2003,7.016666
7/15/2003,7.045
7/16/2003,7
7/17/2003,7.0825
7/18/2003,7.083333
7/21/2003,7.083333
7/22/2003,7.05
7/23/2003,7.1
7/24/2003,7.275
7/25/2003,7.435834
7/28/2003,7.485
7/29/2003,7.541667
7/30/2003,7.65
7/31/2003,7.85
8/1/2003,7.898333
8/4/2003,7.825
8/5/2003,7.758333
8/6/2003,7.675
8/7/2003,7.533333
8/8/2003,7.665833
8/11/2003,7.85
8/12/2003,8.054167
8/13/2003,8.0575
8/14/2003,8.325
8/15/2003,8.500834
8/18/2003,8.5825
8/19/2003,8.6675
8/20/2003,8.916667
8/21/2003,8.708333
8/22/2003,8.441667
8/25/2003,8.333333
8/26/2003,8.275
8/27/2003,8.333333
8/28/2003,8.408333
8/29/2003,8.458333
9/1/2003,8.658333
9/2/2003,8.540833
9/3/2003,8.541667
9/4/2003,8.6
9/5/2003,8.751666
9/8/2003,8.8475
9/9/2003,8.7075
9/10/2003,8.616667
9/11/2003,8.666667
9/12/2003,8.791667
9/15/2003,8.548333
9/16/2003,8.583333
9/17/2003,8.633333
9/18/2003,8.858334
9/19/2003,9.041667
9/22/2003,8.999166
9/23/2003,8.808333
9/24/2003,8.775
9/25/2003,8.666667
9/26/2003,8.5825
9/29/2003,8.899167
9/30/2003,8.708333
10/1/2003,9.066667
10/2/2003,9.416667
10/3/2003,9.666667
10/6/2003,9.816667
10/7/2003,9.726667
10/8/2003,9.5
10/9/2003,9.441667
10/10/2003,9.320833
10/13/2003,9.625
10/14/2003,9.75
10/15/2003,9.709167
10/16/2003,9.691667
10/17/2003,9.741667
10/20/2003,9.766667
10/21/2003,9.663333
10/22/2003,9.466667
10/23/2003,9.35
10/24/2003,9.273333
10/27/2003,9.333333
10/28/2003,9.278333
10/29/2003,9.25
10/30/2003,9.6375
10/31/2003,9.566667
11/3/2003,9.5
11/4/2003,9.65
11/5/2003,9.395833
11/6/2003,9.333333
11/7/2003,9.283333
11/10/2003,9.125
11/11/2003,9.125
11/12/2003,9.256667
11/13/2003,9.341667
11/14/2003,9.395833
11/17/2003,9.216667
11/18/2003,9.316667
11/19/2003,9.216667
11/20/2003,9.195833
11/21/2003,9.1375
11/24/2003,9.166667
11/25/2003,9.445833
11/26/2003,9.500833
11/27/2003,9.325
11/28/2003,9.533333
12/1/2003,9.874167
12/2/2003,9.883333
12/3/2003,10.04
12/4/2003,10.29167
12/5/2003,10.66583
12/8/2003,10.99833
12/9/2003,11.49917
12/10/2003,11.30833
12/11/2003,11.04167
12/12/2003,11.525
12/15/2003,11.43417
12/16/2003,11.5
12/17/2003,11.56417
12/18/2003,11.58333
12/19/2003,11.66667
12/22/2003,12.33333
12/23/2003,12.29167
12/26/2003,12.33333
12/29/2003,12.33333
12/30/2003,12.26667
1/2/2004,12.625
1/5/2004,13.19167
1/6/2004,13.32417
1/7/2004,12.75083
1/8/2004,12.95833
1/9/2004,12.70833
1/12/2004,12.66667
1/13/2004,12.74917
1/14/2004,12.49917
1/15/2004,12.0825
1/16/2004,12.12417
1/19/2004,12.14167
1/20/2004,12.49917
1/21/2004,12.12917
1/22/2004,12
1/23/2004,11.84167
1/26/2004,11.88417
1/27/2004,12.18333
1/28/2004,12.25083
1/29/2004,11.70833
1/30/2004,11.5575
2/2/2004,11.49167
2/3/2004,12.11583
2/4/2004,12.25
2/5/2004,11.89583
2/6/2004,11.78583
2/9/2004,11.75
2/10/2004,12.18333
2/11/2004,12.4
2/12/2004,12.62333
2/13/2004,12.19083
2/16/2004,11.89083
2/17/2004,12.3125
2/18/2004,12.0325
2/19/2004,11.825
2/20/2004,11.89167
2/25/2004,12.025
2/26/2004,12
2/27/2004,12.16667
3/1/2004,12.60417
3/2/2004,12.5
3/3/2004,12.2925
3/4/2004,12.15
3/5/2004,12.125
3/8/2004,11.875
3/9/2004,11.58333
3/10/2004,11.01333
3/11/2004,10.72417
3/12/2004,10.79333
3/15/2004,10.75
3/16/2004,10.80917
3/17/2004,11.135
3/18/2004,11.3075
3/19/2004,11.25
3/22/2004,10.96333
3/23/2004,10.835
3/24/2004,10.68417
3/25/2004,10.36667
3/26/2004,10.86583
3/29/2004,11.15833
3/30/2004,11.4075
3/31/2004,11.37417
4/1/2004,11.51667
4/2/2004,11.82
4/5/2004,11.83333
4/6/2004,11.915
4/7/2004,11.625
4/8/2004,11.45917
4/12/2004,11.33333
4/13/2004,11.075
4/14/2004,10.8675
4/15/2004,10.725
4/16/2004,10.875
4/19/2004,10.75
4/20/2004,10.66583
4/22/2004,10.20833
4/23/2004,10.43333
4/26/2004,10.25
4/27/2004,10.37583
4/28/2004,9.854167
4/29/2004,9.833333
4/30/2004,9.5
5/3/2004,9.558333
5/4/2004,9.785833
5/5/2004,9.975
5/6/2004,9.833333
5/7/2004,9.625
5/10/2004,9.416667
5/11/2004,9.641667
5/12/2004,9.6
5/13/2004,10.24167
5/14/2004,9.918333
5/17/2004,9.641667
5/18/2004,10.35833
5/19/2004,10.54167
5/20/2004,10.58333
5/21/2004,10.66667
5/24/2004,10.85
5/25/2004,10.95
5/26/2004,11.1
5/27/2004,11.41417
5/28/2004,11.12583
5/31/2004,11.25083
6/1/2004,11.2
6/2/2004,10.95833
6/3/2004,10.73333
6/4/2004,10.95833
6/7/2004,11.4175
6/8/2004,11.33333
6/9/2004,10.79583
6/11/2004,10.925
6/14/2004,10.5
6/15/2004,10.08333
6/16/2004,9.766667
6/17/2004,10.0425
6/18/2004,10.05833
6/21/2004,9.85
6/22/2004,9.908333
6/23/2004,10.24917
6/24/2004,10.44917
6/25/2004,10.54167
6/28/2004,9.896667
6/29/2004,10.04583
6/30/2004,10.04583
7/1/2004,10.025
7/2/2004,9.908333
7/5/2004,10.04167
7/6/2004,9.841667
7/7/2004,10.18917
7/8/2004,10.03333
7/12/2004,10.125
7/13/2004,10.20833
7/14/2004,10.34583
7/15/2004,10.75833
7/16/2004,11.05833
7/19/2004,10.90833
7/20/2004,11.0275
7/21/2004,10.90833
7/22/2004,10.66667
7/23/2004,10.58333
7/26/2004,10.5675
7/27/2004,10.75917
7/28/2004,11.0675
7/29/2004,11.1
7/30/2004,11.15
8/2/2004,11.24833
8/3/2004,11.25833
8/4/2004,11.1275
8/5/2004,10.98333
8/6/2004,11.05833
8/9/2004,11.00167
8/10/2004,11.2475
8/11/2004,11.225
8/12/2004,11.46667
8/13/2004,11.375
8/16/2004,11.65583
8/17/2004,11.91667
8/18/2004,12.1325
8/19/2004,12.25
8/20/2004,12.1
8/23/2004,11.6675
8/24/2004,11.575
8/25/2004,11.73
8/26/2004,11.675
8/27/2004,11.86
8/30/2004,11.9
8/31/2004,11.985
9/1/2004,11.875
9/2/2004,12.005
9/3/2004,11.9275
9/6/2004,12.2125
9/8/2004,12.1875
9/9/2004,12.15
9/10/2004,11.9975
9/13/2004,12.08
9/14/2004,12.35
9/15/2004,12.5
9/16/2004,12.4725
9/17/2004,12.8
9/20/2004,12.775
9/21/2004,12.825
9/22/2004,12.8
9/23/2004,12.7925
9/24/2004,12.925
9/27/2004,12.625
9/28/2004,13.4525
9/29/2004,13.9
9/30/2004,13.7
10/1/2004,14.025
10/4/2004,14.2975
10/5/2004,14.55
10/6/2004,14.2
10/7/2004,14.095
10/8/2004,13.75
10/11/2004,13.6975
10/13/2004,13.05
10/14/2004,12.7125
10/15/2004,13.45
10/18/2004,13.3
10/19/2004,12.85
10/20/2004,12.7025
10/21/2004,13.225
10/22/2004,13.095
10/25/2004,13.025
10/26/2004,13.375
10/27/2004,13.375
10/28/2004,12.9025
10/29/2004,13
11/1/2004,13
11/3/2004,13.1
11/4/2004,13.1125
11/5/2004,13.4275
11/8/2004,13.2775
11/9/2004,13.705
11/10/2004,13.84
11/11/2004,13.675
11/12/2004,14.1125
11/16/2004,13.625
11/17/2004,14.1725
11/18/2004,13.9475
11/19/2004,14.1
11/22/2004,13.9
11/23/2004,13.725
11/24/2004,13.8325
11/25/2004,13.985
11/26/2004,14
11/29/2004,14.0025
11/30/2004,14
12/1/2004,14.025
12/2/2004,13.74
12/3/2004,13.7
12/6/2004,13.6975
12/7/2004,13.525
12/8/2004,13.6825
12/9/2004,13.9275
12/10/2004,14.2625
12/13/2004,14.525
12/14/2004,14.7
12/15/2004,14.6175
12/16/2004,14.9875
12/17/2004,14.9125
12/20/2004,14.9925
12/21/2004,15.5
12/22/2004,15.45
12/23/2004,15.6775
12/27/2004,15.625
12/28/2004,15.95
12/29/2004,16.035
12/30/2004,16.0375
1/3/2005,15.65
1/4/2005,15.15
1/5/2005,14.9225
1/6/2005,14.925
1/7/2005,15.525
1/10/2005,15.3725
1/11/2005,15.4275
1/12/2005,15.475
1/13/2005,16.175
1/14/2005,16.75
1/17/2005,16.625
1/18/2005,16.55
1/19/2005,16.425
1/20/2005,16.3275
1/21/2005,16.75
1/24/2005,17.295
1/26/2005,17.1025
1/27/2005,16.8225
1/28/2005,16.575
1/31/2005,16.425
2/1/2005,16.6625
2/2/2005,16.525
2/3/2005,16.325
2/4/2005,16.325
2/9/2005,16.3625
2/10/2005,16.15
2/11/2005,16.2
2/14/2005,16.3
2/15/2005,16.46
2/16/2005,16.2875
2/17/2005,16.7125
2/18/2005,17
2/21/2005,17.4375
2/22/2005,18.2
2/23/2005,18.75
2/24/2005,19.7
2/25/2005,19.1625
2/28/2005,18.65
3/1/2005,18.125
3/2/2005,18.6
3/3/2005,19.225
3/4/2005,19.775
3/7/2005,19.8725
3/8/2005,19.4475
3/9/2005,19.375
3/10/2005,19.075
3/11/2005,18.925
3/14/2005,18.625
3/15/2005,18.425
3/16/2005,18.25
3/17/2005,18.9875
3/18/2005,18.725
3/21/2005,18.375
3/22/2005,18.225
3/23/2005,17.4375
3/24/2005,18.15
3/28/2005,17.75
3/29/2005,17.005
3/30/2005,17.55
3/31/2005,17.95
4/1/2005,17.95
4/4/2005,17.475
4/5/2005,17.0625
4/6/2005,16.8
4/7/2005,17.1275
4/8/2005,17.175
4/11/2005,17.1
4/12/2005,16.8325
4/13/2005,16.225
4/14/2005,15.34
4/15/2005,15.0875
4/18/2005,15.425
4/19/2005,15.8
4/20/2005,15.575
4/22/2005,15.4
4/25/2005,15.8075
4/26/2005,15.5875
4/27/2005,15.315
4/28/2005,14.475
4/29/2005,14.65
5/2/2005,14.6725
5/3/2005,14.6375
5/4/2005,14.9725
5/5/2005,14.625
5/6/2005,14.85
5/9/2005,15
5/10/2005,14.6725
5/11/2005,14.475
5/12/2005,13.875
5/13/2005,13.625
5/16/2005,14.29
5/17/2005,14.3875
5/18/2005,15.075
5/19/2005,15.125
5/20/2005,14.7775
5/23/2005,14.755
5/24/2005,15.2
5/25/2005,14.975
5/27/2005,15.1225
5/30/2005,15.25
5/31/2005,14.875
6/1/2005,15.4125
6/2/2005,15.6825
6/3/2005,15.7825
6/6/2005,15.4325
6/7/2005,15
6/8/2005,14.875
6/9/2005,14.575
6/10/2005,14.77
6/13/2005,14.725
6/14/2005,14.9625
6/15/2005,15
6/16/2005,15.28
6/17/2005,15.55
6/20/2005,15.2725
6/21/2005,14.9525
6/22/2005,14.975
6/23/2005,14.4375
6/24/2005,14.25
6/27/2005,14.6625
6/28/2005,15
6/29/2005,14.7925
6/30/2005,14.835
7/1/2005,15.125
7/4/2005,15.165
7/5/2005,14.995
7/6/2005,15.2125
7/7/2005,15.375
7/8/2005,15.9625
7/11/2005,15.95
7/12/2005,16
7/13/2005,16.245
7/14/2005,16.125
7/15/2005,15.6625
7/18/2005,15.7
7/19/2005,16.045
7/20/2005,16.345
7/21/2005,16.6725
7/22/2005,16.825
7/25/2005,16.6775
7/26/2005,16.775
7/27/2005,16.875
7/28/2005,17.0025
7/29/2005,16.7375
8/1/2005,16.9
8/2/2005,17.23
8/3/2005,17.2775
8/4/2005,17.005
8/5/2005,16.9375
8/8/2005,17.4125
8/9/2005,17.75
8/10/2005,17.7975
8/11/2005,17.575
8/12/2005,17.65
8/15/2005,17.925
8/16/2005,17.5125
8/17/2005,17.465
8/18/2005,17.185
8/19/2005,17.375
8/22/2005,17.815
8/23/2005,17.495
8/24/2005,17.125
8/25/2005,17.5775
8/26/2005,17.535
8/29/2005,17.725
8/30/2005,17.675
8/31/2005,17.7
9/1/2005,17.87
9/2/2005,18.235
9/5/2005,18.5
9/6/2005,18.525
9/8/2005,18.4375
9/9/2005,18.7975
9/12/2005,18.725
9/13/2005,18.525
9/14/2005,18.6975
9/15/2005,19.075
9/16/2005,19.99
9/19/2005,19.8625
9/20/2005,19.8725
9/21/2005,20.815
9/22/2005,20.9025
9/23/2005,21.3
9/26/2005,21.45
9/27/2005,21.375
9/28/2005,21.525
9/29/2005,21.675
9/30/2005,21.7175
10/3/2005,21.705
10/4/2005,21.3275
10/5/2005,20.1
10/6/2005,19.425
10/7/2005,19.6
10/10/2005,20.38
10/11/2005,20.625
10/13/2005,19.7275
10/14/2005,19.925
10/17/2005,19.5875
10/18/2005,19.065
10/19/2005,19.125
10/20/2005,18.5
10/21/2005,19.2625
10/24/2005,19.975
10/25/2005,19.6
10/26/2005,19.9275
10/27/2005,19.75
10/28/2005,19.9
10/31/2005,20.7225
11/1/2005,21.2375
11/3/2005,21.55
11/4/2005,21.1625
11/7/2005,21.3475
11/8/2005,21.2275
11/9/2005,21.0275
11/10/2005,20.6
11/11/2005,20.545
11/14/2005,20.5125
11/16/2005,20.75
11/17/2005,21.2475
11/18/2005,21.2375
11/21/2005,21.1375
11/22/2005,21.5
11/23/2005,21.8375
11/24/2005,21.525
11/25/2005,21.5675
11/28/2005,21.1525
11/29/2005,21.1775
11/30/2005,20.99
12/1/2005,21.5625
12/2/2005,21.55
12/5/2005,21.275
12/6/2005,20.9
12/7/2005,20.1625
12/8/2005,20.15
12/9/2005,20.7
12/12/2005,20.7
12/13/2005,21.025
12/14/2005,21.025
12/15/2005,20.6525
12/16/2005,20.85
12/19/2005,20.785
12/20/2005,20.8625
12/21/2005,21.0175
12/22/2005,21
12/23/2005,20.8175
12/26/2005,20.8
12/27/2005,20.7125
12/28/2005,20.875
12/29/2005,20.9375
1/2/2006,21.0125
1/3/2006,21.9
1/4/2006,22.15
1/5/2006,22.3025
1/6/2006,22.2675
1/9/2006,22.2225
1/10/2006,22.375
1/11/2006,22.955
1/12/2006,23.05
1/13/2006,23.1275
1/16/2006,23.5
1/17/2006,23.3875
1/18/2006,23.05
1/19/2006,23.7325
1/20/2006,23.475
1/23/2006,23.2075
1/24/2006,23.795
1/26/2006,24.0525
1/27/2006,24.15
1/30/2006,24.1125
1/31/2006,24.45
2/1/2006,24.325
2/2/2006,23.5025
2/3/2006,23.1
2/6/2006,23.1825
2/7/2006,22.625
2/8/2006,22.275
2/9/2006,22.425
2/10/2006,21.7875
2/13/2006,21.25
2/14/2006,21.47
2/15/2006,21.95
2/16/2006,21.6625
2/17/2006,21.725
2/20/2006,21.4525
2/21/2006,21.8525
2/22/2006,21.97
2/23/2006,22.375
2/24/2006,22.6
3/1/2006,22.4
3/2/2006,22.25
3/3/2006,22.2225
3/6/2006,21.82
3/7/2006,20.745
3/8/2006,20.625
3/9/2006,19.975
3/10/2006,20.3625
3/13/2006,20.7
3/14/2006,20.9875
3/15/2006,21.4475
3/16/2006,21.1925
3/17/2006,21.225
3/20/2006,21.59
3/21/2006,21.3
3/22/2006,21.5
3/23/2006,21.5
3/24/2006,22.025
3/27/2006,22.1875
3/28/2006,22.265
3/29/2006,22.8625
3/30/2006,23.465
3/31/2006,23.3775
4/3/2006,23.525
4/4/2006,23.3375
4/5/2006,23.5225
4/6/2006,23.4725
4/7/2006,23.25
4/10/2006,23.25
4/11/2006,22.8525
4/12/2006,22.875
4/13/2006,22.8
4/17/2006,23.015
4/18/2006,23.725
4/19/2006,23.5
4/20/2006,23.3875
4/24/2006,24.07
4/25/2006,24.035
4/26/2006,23.65
4/27/2006,23
4/28/2006,23.125
5/2/2006,24.0475
5/3/2006,23.81
5/4/2006,23.9025
5/5/2006,24.15
5/8/2006,24.25
5/9/2006,24.6
5/10/2006,24.5125
5/11/2006,24.425
5/12/2006,24.05
5/15/2006,23.125
5/16/2006,22.59
5/17/2006,22
5/18/2006,21.425
5/19/2006,21.625
5/22/2006,21.345
5/23/2006,21
5/24/2006,21.5
5/25/2006,22.6
5/26/2006,23.195
5/29/2006,22.9
5/30/2006,22.15
5/31/2006,22.02
6/1/2006,22.395
6/2/2006,22
6/5/2006,21.575
6/6/2006,21.075
6/7/2006,20.1
6/8/2006,19.95
6/9/2006,19.95
6/12/2006,19.205
6/13/2006,18.55
6/14/2006,18.93
6/16/2006,19.8
6/19/2006,19.335
6/20/2006,19.2
6/21/2006,20.25
6/22/2006,20.595
6/23/2006,20.845
6/26/2006,21.125
6/27/2006,20.575
6/28/2006,21.045
6/29/2006,21.845
6/30/2006,22.04
7/3/2006,22.565
7/4/2006,22.6
7/5/2006,22.08
7/6/2006,21.95
7/7/2006,21.86
7/10/2006,21.975
7/11/2006,22.07
7/12/2006,21.84
7/13/2006,21.4
7/14/2006,21.38
7/17/2006,20.65
7/18/2006,20.69
7/19/2006,21.86
7/20/2006,20.98
7/21/2006,20.6
7/24/2006,21.05
7/25/2006,21.56
7/26/2006,21.255
7/27/2006,21.375
7/28/2006,22.005
7/31/2006,21.65
8/1/2006,21.7
8/2/2006,22.085
8/3/2006,22.355
8/4/2006,22.82
8/7/2006,22.45
8/8/2006,22.22
8/9/2006,21.76
8/10/2006,21.475
8/11/2006,21
8/14/2006,20.65
8/15/2006,20.43
8/16/2006,20.75
8/17/2006,20.75
8/18/2006,20.725
8/21/2006,20.605
8/22/2006,20.24
8/23/2006,19.45
8/24/2006,19.705
8/25/2006,19.755
8/28/2006,20.3
8/29/2006,20.285
8/30/2006,20.245
8/31/2006,19.91
9/1/2006,20.65
9/4/2006,20.895
9/5/2006,21.095
9/6/2006,20.675
9/8/2006,20.44
9/11/2006,19.575
9/12/2006,19.6
9/13/2006,19.95
9/14/2006,19.655
9/15/2006,19.545
9/18/2006,19.795
9/19/2006,19.35
9/20/2006,18.82
9/21/2006,19.195
9/22/2006,18.95
9/25/2006,18.72
9/26/2006,19.22
9/27/2006,19.795
9/28/2006,20.04
9/29/2006,20.16
10/2/2006,20.445
10/3/2006,19.7
10/4/2006,20.45
10/5/2006,20.81
10/6/2006,20.84
10/9/2006,21.13
10/10/2006,21.365
10/11/2006,21.54
10/13/2006,21.94
10/16/2006,22.28
10/17/2006,21.935
10/18/2006,21.975
10/19/2006,22.25
10/20/2006,22.05
10/23/2006,22.25
10/24/2006,22.995
10/25/2006,23.35
10/26/2006,23.19
10/27/2006,23
10/30/2006,22.79
10/31/2006,23.07
11/1/2006,23.7
11/3/2006,23.975
11/6/2006,24.495
11/7/2006,24.3
11/8/2006,24.305
11/9/2006,24.75
11/10/2006,24.52
11/13/2006,23.92
11/14/2006,24.05
11/16/2006,24.15
11/17/2006,24.085
11/21/2006,24.64
11/22/2006,24.755
11/23/2006,24.775
11/24/2006,24.745
11/27/2006,24.505
11/28/2006,24.5
11/29/2006,25.245
11/30/2006,25.29
12/1/2006,24.875
12/4/2006,26.125
12/5/2006,27.05
12/6/2006,26.795
12/7/2006,26.375
12/8/2006,26.04
12/11/2006,26.575
12/12/2006,26.345
12/13/2006,26.48
12/14/2006,26.85
12/15/2006,26.91
12/18/2006,26.645
12/19/2006,26.755
12/20/2006,26.56
12/21/2006,26.6
12/22/2006,26.9
12/26/2006,26.835
12/27/2006,27.315
12/28/2006,27.05
1/2/2007,27.65
1/3/2007,26.5
1/4/2007,26.495
1/5/2007,25.45
1/8/2007,26
1/9/2007,25.575
1/10/2007,26.275
1/11/2007,26.55
1/12/2007,27.28
1/15/2007,27.16
1/16/2007,27.13
1/17/2007,27.135
1/18/2007,26.95
1/19/2007,27.7
1/22/2007,28.25
1/23/2007,29.4
1/24/2007,30.25
1/26/2007,29.8
1/29/2007,29.35
1/30/2007,29.375
1/31/2007,30
2/1/2007,30.2
2/2/2007,30
2/5/2007,30.045
2/6/2007,30.75
2/7/2007,30.3
2/8/2007,30.4
2/9/2007,29.96
2/12/2007,29.785
2/13/2007,30.865
2/14/2007,31.84
2/15/2007,32.025
2/16/2007,32.025
2/21/2007,32.69
2/22/2007,33.02
2/23/2007,32.5
2/26/2007,32.725
2/27/2007,30.13
2/28/2007,31.23
3/1/2007,30.55
3/2/2007,29.6
3/5/2007,28.405
3/6/2007,30.6
3/7/2007,30.44
3/8/2007,30.7
3/9/2007,31.25
3/12/2007,31.51
3/13/2007,30.48
3/14/2007,31.055
3/15/2007,31.59
3/16/2007,31.2
3/19/2007,32.035
3/20/2007,32.05
3/21/2007,32.315
3/22/2007,31.975
3/23/2007,31.95
3/26/2007,32.355
3/27/2007,31.995
3/28/2007,31.255
3/29/2007,31.75
3/30/2007,32.2
4/2/2007,32.15
4/3/2007,33.27
4/4/2007,33.65
4/5/2007,33.775
4/9/2007,33.83
4/10/2007,34.05
4/11/2007,34.3
4/12/2007,34.705
4/13/2007,34.89
4/16/2007,35.995
4/17/2007,36.2
4/18/2007,35.495
4/19/2007,35.25
4/20/2007,35.9
4/23/2007,36.085
4/24/2007,36.045
4/25/2007,36.09
4/26/2007,35.175
4/27/2007,35.26
4/30/2007,35.15
5/2/2007,35.445
5/3/2007,36.505
5/4/2007,37.3
5/7/2007,36.755
5/8/2007,36.345
5/9/2007,37.9
5/10/2007,36.95
5/11/2007,37.395
5/14/2007,36.7
5/15/2007,36.46
5/16/2007,37.145
5/17/2007,36.6
5/18/2007,36.845
5/21/2007,36.7
5/22/2007,36.275
5/23/2007,35.75
5/24/2007,34.695
5/25/2007,35.6
5/28/2007,35.825
5/29/2007,35.45
5/30/2007,36.305
5/31/2007,36.715
6/1/2007,37.6
6/4/2007,37.755
6/5/2007,37.68
6/6/2007,36.755
6/8/2007,36.35
6/11/2007,36.575
6/12/2007,35.5
6/13/2007,36.345
6/14/2007,36.96
6/15/2007,37.515
6/18/2007,38.055
6/19/2007,36.9
6/20/2007,36.56
6/21/2007,37.025
6/22/2007,36.8
6/25/2007,36.565
6/26/2007,36
6/27/2007,36.4
6/28/2007,35.555
6/29/2007,36.245
7/2/2007,37.245
7/3/2007,37.395
7/4/2007,38
7/5/2007,38.375
7/6/2007,38.895
7/10/2007,38.595
7/11/2007,39.595
7/12/2007,41.55
7/13/2007,41.05
7/16/2007,40.375
7/17/2007,40.525
7/18/2007,40.7
7/19/2007,41.055
7/20/2007,40.65
7/23/2007,41.75
7/24/2007,40.45
7/25/2007,39.91
7/26/2007,38.425
7/27/2007,37.88
7/30/2007,39.35
7/31/2007,39.6
8/1/2007,39.55
8/2/2007,39.845
8/3/2007,38
8/6/2007,38
8/7/2007,39
8/8/2007,40.075
8/9/2007,38.505
8/10/2007,37.255
8/13/2007,37.35
8/14/2007,35.5
8/15/2007,33.655
8/16/2007,33.395
8/17/2007,34
8/20/2007,34.35
8/21/2007,35.25
8/22/2007,37.18
8/23/2007,37.95
8/24/2007,39.075
8/27/2007,39.7
8/28/2007,38
8/29/2007,39.575
8/30/2007,39.645
8/31/2007,40.6
9/3/2007,41.2
9/4/2007,42.04
9/5/2007,41.45
9/6/2007,42.9
9/10/2007,41.5
9/11/2007,42.73
9/12/2007,42.8
9/13/2007,44.16
9/14/2007,43.6
9/17/2007,43.9
9/18/2007,46.8
9/19/2007,46.89
9/20/2007,46.99
9/21/2007,47.25
9/24/2007,49.74
9/25/2007,49.92
9/26/2007,50.8
9/27/2007,53
9/28/2007,52.2
10/1/2007,55.6
10/2/2007,54.75
10/3/2007,50.5
10/4/2007,49.12
10/5/2007,51.18
10/8/2007,51.29
10/9/2007,52.39
10/10/2007,51.82
10/11/2007,51.6
10/15/2007,53.5
10/16/2007,51.88
10/17/2007,53.23
10/18/2007,53.25
10/19/2007,50.4
10/22/2007,49.81
10/23/2007,50.75
10/24/2007,49.42
10/25/2007,50.16
10/26/2007,52.6
10/29/2007,55
10/30/2007,53.9
10/31/2007,54.65
11/1/2007,53.67
11/5/2007,51.7
11/6/2007,53.9
11/7/2007,52.8
11/8/2007,52.79
11/9/2007,53.3
11/12/2007,50.69
11/13/2007,51.51
11/14/2007,53.11
11/16/2007,52
11/19/2007,50.15
11/21/2007,48.6
11/22/2007,49
11/23/2007,49.4
11/26/2007,48
11/27/2007,47.9
11/28/2007,51
11/29/2007,52.06
11/30/2007,52.15
12/3/2007,52.1
12/4/2007,52.3
12/5/2007,53.4
12/6/2007,54.39
12/7/2007,53.81
12/10/2007,53.8
12/11/2007,52.4
12/12/2007,52
12/13/2007,49.8
12/14/2007,49.55
12/17/2007,47.85
12/18/2007,48.79
12/19/2007,49.6
12/20/2007,50.36
12/21/2007,50.8
12/26/2007,51.95
12/27/2007,50.9
12/28/2007,50.75
1/2/2008,49.3
1/3/2008,50
1/4/2008,48.21
1/7/2008,47.51
1/8/2008,48.4
1/9/2008,48.5
1/10/2008,50
1/11/2008,48.42
1/14/2008,48.88
1/15/2008,47.3
1/16/2008,45.35
1/17/2008,45.7
1/18/2008,46.87
1/21/2008,41.55
1/22/2008,43.25
1/23/2008,40.61
1/24/2008,43.7
1/28/2008,44
1/29/2008,44.25
1/30/2008,45.21
1/31/2008,44.77
2/1/2008,47
2/6/2008,45.2
2/7/2008,44.59
2/8/2008,45.4
2/11/2008,47.05
2/12/2008,47.59
2/13/2008,47.82
2/14/2008,47.42
2/15/2008,46.5
2/18/2008,48.86
2/19/2008,48.62
2/20/2008,50.25
2/21/2008,50.1
2/22/2008,51.15
2/25/2008,51.24
2/26/2008,51.15
2/27/2008,51.35
2/28/2008,52.5
2/29/2008,49.86
3/3/2008,49.64
3/4/2008,48.71
3/5/2008,49.59
3/6/2008,48.53
3/7/2008,47.95
3/10/2008,46.06
3/11/2008,48.49
3/12/2008,48.3
3/13/2008,48.55
3/14/2008,48.61
3/17/2008,46.5
3/18/2008,47.7
3/19/2008,44.26
3/20/2008,44.2
3/24/2008,46.3
3/25/2008,47.58
3/26/2008,49.75
3/27/2008,50
3/28/2008,50.2
3/31/2008,50.79
4/1/2008,51.9
4/2/2008,51.3
4/3/2008,51.7
4/4/2008,51.75
4/7/2008,52
4/8/2008,52
4/9/2008,51.21
4/10/2008,50.95
4/11/2008,50.06
4/14/2008,49.11
4/15/2008,50.4
4/16/2008,51.69
4/17/2008,51.8
4/18/2008,51.7
4/22/2008,52.95
4/23/2008,52.7
4/24/2008,51.21
4/25/2008,51.5
4/28/2008,52.3
4/29/2008,51.01
4/30/2008,53.59
5/2/2008,53.5
5/5/2008,54.4
5/6/2008,55.2
5/7/2008,53.96
5/8/2008,54.8
5/9/2008,54.42
5/12/2008,55.2
5/13/2008,55.53
5/14/2008,55.25
5/15/2008,56.84
5/16/2008,58.62
5/19/2008,58.7
5/20/2008,58.59
5/21/2008,56.9
5/23/2008,56.15
5/26/2008,55.8
5/27/2008,54.69
5/28/2008,55.8
5/29/2008,53.4
5/30/2008,54.36
6/2/2008,54.37
6/3/2008,52.45
6/4/2008,50.85
6/5/2008,52.96
6/6/2008,51.6
6/9/2008,50.7
6/10/2008,48.62
6/11/2008,47.6
6/12/2008,47.53
6/13/2008,46.9
6/16/2008,46.99
6/17/2008,48.5
6/18/2008,48.9
6/19/2008,48.7
6/20/2008,46.75
6/23/2008,47.5
6/24/2008,48.2
6/25/2008,49.48
6/26/2008,47.02
6/27/2008,47.06
6/30/2008,47.7
7/1/2008,46.04
7/2/2008,43.4
7/3/2008,42.71
7/4/2008,43.21
7/7/2008,43.36
7/8/2008,43.54
7/10/2008,43.09
7/11/2008,42.95
7/14/2008,43.9
7/15/2008,43.47
7/16/2008,42.6
7/17/2008,40.3
7/18/2008,40.16
7/21/2008,41.4
7/22/2008,39.9
7/23/2008,40.02
7/24/2008,38
7/25/2008,37.98
7/28/2008,38.15
7/29/2008,39
7/30/2008,41.61
7/31/2008,40.85
8/1/2008,38.45
8/4/2008,35.7
8/5/2008,36.04
8/6/2008,36.71
8/7/2008,36.75
8/8/2008,36.2
8/11/2008,34.61
8/12/2008,34.6
8/13/2008,35.56
8/14/2008,36.51
8/15/2008,35.7
8/18/2008,34.9
8/19/2008,35.43
8/20/2008,37.9
8/21/2008,38.8
8/22/2008,38.1
8/25/2008,37.13
8/26/2008,37.01
8/27/2008,38.5
8/28/2008,38.7
8/29/2008,38
9/1/2008,37.5
9/2/2008,36.89
9/3/2008,36.65
9/4/2008,35.51
9/5/2008,36.1
9/8/2008,34.85
9/9/2008,33.34
9/10/2008,35.25
9/11/2008,36.7
9/12/2008,37.3
9/15/2008,33.62
9/16/2008,34.88
9/17/2008,32.2
9/18/2008,34.6
9/19/2008,36.84
9/22/2008,35.45
9/23/2008,33.52
9/24/2008,34.15
9/25/2008,35.82
9/26/2008,34.49
9/29/2008,30.3
9/30/2008,32.71
10/1/2008,32.7
10/2/2008,29.4
10/3/2008,28.96
10/6/2008,26.99
10/7/2008,26
10/8/2008,25.8
10/9/2008,24.55
10/10/2008,24.3
10/13/2008,27.46
10/14/2008,27.7
10/15/2008,23.5
10/16/2008,23
10/17/2008,23.15
10/20/2008,26.09
10/21/2008,26.39
10/22/2008,24.1
10/23/2008,23.3
10/24/2008,22.05
10/27/2008,20.24
10/28/2008,22.95
10/29/2008,23.5
10/30/2008,25.2
10/31/2008,25.4
11/3/2008,26.28
11/4/2008,27.72
11/5/2008,25.77
11/6/2008,24.8
11/7/2008,24.3
11/10/2008,25.25
11/11/2008,25.56
11/12/2008,23.86
11/13/2008,24.24
11/14/2008,24.5
11/17/2008,24.3
11/18/2008,23.14
11/19/2008,22.5
11/21/2008,20.75
11/24/2008,23.44
11/25/2008,23.9
11/26/2008,24.43
11/27/2008,24.2
11/28/2008,24.51
12/1/2008,22.89
12/2/2008,22.49
12/3/2008,22.46
12/4/2008,21.96
12/5/2008,21.5
12/8/2008,23.71
12/9/2008,23.72
12/10/2008,25.3
12/11/2008,24.77
12/12/2008,25.05
12/15/2008,24.72
12/16/2008,25.93
12/17/2008,26.39
12/18/2008,25.31
12/19/2008,25.2
12/22/2008,24.09
12/23/2008,23.21
12/26/2008,23.9
12/29/2008,23.8
12/30/2008,23.89
1/2/2009,26.2
1/5/2009,28
1/6/2009,28.95
1/7/2009,27.49
1/8/2009,28.51
1/9/2009,28.23
1/12/2009,26.18
1/13/2009,26.75
1/14/2009,25.7
1/15/2009,26.4
1/16/2009,26.6
1/19/2009,26.39
1/20/2009,25.3
1/21/2009,25.97
1/22/2009,25.85
1/23/2009,26.3
1/26/2009,26.95
1/27/2009,27.93
1/28/2009,29.37
1/29/2009,28.5
1/30/2009,28.01
2/2/2009,27.75
2/3/2009,29
2/4/2009,30.05
2/5/2009,31.35
2/6/2009,32.48
2/9/2009,31.52
2/10/2009,30.89
2/11/2009,30.29
2/12/2009,29.8
2/13/2009,30.69
2/16/2009,30.92
2/17/2009,29.06
2/18/2009,29.61
2/19/2009,29.79
2/20/2009,27.8
2/25/2009,26.51
2/26/2009,26.56
2/27/2009,26.83
3/2/2009,25.25
3/3/2009,25.8
3/4/2009,28.3
3/5/2009,27.2
3/6/2009,26.57
3/9/2009,25.77
3/10/2009,27.37
3/11/2009,27.48
3/12/2009,27.1
3/13/2009,26.6
3/16/2009,26.71
3/17/2009,27.05
3/18/2009,26.96
3/19/2009,27.3
3/20/2009,27.1
3/23/2009,28.4
3/24/2009,27.43
3/25/2009,27.68
3/26/2009,28.3
3/27/2009,27.79
3/30/2009,26.66
3/31/2009,26.75
4/1/2009,27.05
4/2/2009,28.7
4/3/2009,29.15
4/6/2009,28.64
4/7/2009,28.21
4/8/2009,28.28
4/9/2009,29.7
4/13/2009,30.42
4/14/2009,30.34
4/15/2009,30.4
4/16/2009,30.1
4/17/2009,29.8
4/20/2009,29.13
4/22/2009,29.35
4/23/2009,30.07
4/24/2009,30.55
4/27/2009,29.7
4/28/2009,29.5
4/29/2009,30.1
4/30/2009,30.48
5/4/2009,33.15
5/5/2009,32.89
5/6/2009,33.15
5/7/2009,32.08
5/8/2009,32.75
5/11/2009,32.82
5/12/2009,32.25
5/13/2009,31.1
5/14/2009,31.38
5/15/2009,31.17
5/18/2009,33.13
5/19/2009,33.31
5/20/2009,33.3
5/21/2009,32.31
5/22/2009,32.45
5/25/2009,32.65
5/26/2009,33.1
5/27/2009,32.36
5/28/2009,32.9
5/29/2009,32.5
6/1/2009,33.79
6/2/2009,32.95
6/3/2009,31.7
6/4/2009,32.42
6/5/2009,32.5
6/8/2009,33
6/9/2009,33.08
6/10/2009,33.45
6/12/2009,33.15
6/15/2009,32.7
6/16/2009,32.18
6/17/2009,31.88
6/18/2009,31.56
6/19/2009,31.45
6/22/2009,29.93
6/23/2009,30.19
6/24/2009,29.48
6/25/2009,30.69
6/26/2009,30.1
6/29/2009,30.3
6/30/2009,29.85
7/1/2009,30.12
7/2/2009,30.05
7/3/2009,29.92
7/6/2009,29.38
7/7/2009,27.75
7/8/2009,28.17
7/10/2009,28.05
7/13/2009,28.25
7/14/2009,27.85
7/15/2009,30.17
7/16/2009,30.1
7/17/2009,30.18
7/20/2009,31.1
7/21/2009,31.56
7/22/2009,31.15
7/23/2009,31.9
7/24/2009,32.18
7/27/2009,32.43
7/28/2009,32.4
7/29/2009,31.85
7/30/2009,32.01
7/31/2009,32.4
8/3/2009,33.05
8/4/2009,33.04
8/5/2009,33.11
8/6/2009,32.71
8/7/2009,33.03
8/10/2009,33.07
8/11/2009,32.34
8/12/2009,32.62
8/13/2009,33.45
8/14/2009,33.75
8/17/2009,32.33
8/18/2009,32.2
8/19/2009,32.15
8/20/2009,32.46
8/21/2009,33.19
8/24/2009,33.6
8/25/2009,33.4
8/26/2009,33.4
8/27/2009,33.35
8/28/2009,33.6
8/31/2009,32.9
9/1/2009,32.58
9/2/2009,32.2
9/3/2009,32.55
9/4/2009,33.04
9/8/2009,33.79
9/9/2009,33.75
9/10/2009,34.4
9/11/2009,34.15
9/14/2009,34.49
9/15/2009,34.84
9/16/2009,35.35
9/17/2009,35
9/18/2009,35.45
9/21/2009,36.1
9/22/2009,37.02
9/23/2009,36.56
9/24/2009,36.15
9/25/2009,36.27
9/28/2009,36.8
9/29/2009,36.53
9/30/2009,36.6
10/1/2009,35.67
10/2/2009,36.58
10/5/2009,37.14
10/6/2009,37.21
10/7/2009,37.99
10/8/2009,38.6
10/9/2009,38.76
10/13/2009,38.63
10/14/2009,40.41
10/15/2009,40.69
10/16/2009,40.15
10/19/2009,41.4
10/20/2009,40.5
10/21/2009,40.77
10/22/2009,41.7
10/23/2009,41
10/26/2009,41.51
10/27/2009,39.65
10/28/2009,37.85
10/29/2009,41.1
10/30/2009,39.45
11/3/2009,40.96
11/4/2009,41.58
11/5/2009,41.9
11/6/2009,41.61
11/9/2009,43
11/10/2009,42.65
11/11/2009,42.33
11/12/2009,40.6
11/13/2009,41.1
11/16/2009,42.64
11/17/2009,43.3
11/18/2009,42.3
11/19/2009,42.5
11/23/2009,42.87
11/24/2009,43.1
11/25/2009,43.37
11/26/2009,42.48
11/27/2009,42.9
11/30/2009,42.37
12/1/2009,42.9
12/2/2009,42.51
12/3/2009,42.3
12/4/2009,41.35
12/7/2009,41.55
12/8/2009,41.13
12/9/2009,41.5
12/10/2009,42.28
12/11/2009,42.69
12/14/2009,43.18
12/15/2009,43.2
12/16/2009,42.92
12/17/2009,41.45
12/18/2009,41.45
12/21/2009,40.9
12/22/2009,42.06
12/23/2009,42.16
12/28/2009,42.39
12/29/2009,42.4
12/30/2009,42.2
1/4/2010,43.52
1/5/2010,44.13
1/6/2010,45
1/7/2010,45.3
1/8/2010,45.55
1/11/2010,45.75
1/12/2010,45.85
1/13/2010,46.51
1/14/2010,46.38
1/15/2010,46.14
1/18/2010,46.7
1/19/2010,47.25
1/20/2010,46.41
1/21/2010,44.76
1/22/2010,43.75
1/26/2010,42.6
1/27/2010,41.96
1/28/2010,42.15
1/29/2010,42.14
2/1/2010,43.6
2/2/2010,43.66
2/3/2010,43.52
2/4/2010,41.25
2/5/2010,40.8
2/8/2010,41.25
2/9/2010,42.23
2/10/2010,42.2
2/11/2010,43
2/12/2010,42.74
2/17/2010,44.29
2/18/2010,45.2
2/19/2010,45.1
2/22/2010,44.39
2/23/2010,43.79
2/24/2010,44.23
2/25/2010,44.55
2/26/2010,44.45
3/1/2010,44.65
3/2/2010,45.49
3/3/2010,45.34
3/4/2010,46
3/5/2010,47.35
3/8/2010,47.21
3/9/2010,47.67
3/10/2010,47.06
3/11/2010,46.68
3/12/2010,46.41
3/15/2010,46.7
3/16/2010,47.83
3/17/2010,47.65
3/18/2010,47.34
3/19/2010,46.8
3/22/2010,47.32
3/23/2010,48.55
3/24/2010,48.5
3/25/2010,48.17
3/26/2010,48.55
3/29/2010,49.46
3/30/2010,49.55
3/31/2010,49.55
4/1/2010,49.95
4/5/2010,49.79
4/6/2010,49.97
4/7/2010,50.2
4/8/2010,50.95
4/9/2010,51.04
4/12/2010,50.75
4/13/2010,50.95
4/14/2010,51.34
4/15/2010,51.2
4/16/2010,50.57
4/19/2010,50.23
4/20/2010,49.41
4/22/2010,49.69
4/23/2010,49.26
4/26/2010,49
4/27/2010,46.58
4/28/2010,46.3
4/29/2010,47.85
4/30/2010,46.53
5/3/2010,45.35
5/4/2010,43.15
5/5/2010,44.2
5/6/2010,43.17
5/7/2010,43.15
5/10/2010,45.15
5/11/2010,44.4
5/12/2010,44.4
5/13/2010,43.7
5/14/2010,42.39
5/17/2010,41.61
5/18/2010,40
5/19/2010,39
5/20/2010,37.5
5/21/2010,40.29
5/24/2010,39.8
5/25/2010,40.2
5/26/2010,39.61
5/27/2010,42.1
5/28/2010,41.95
5/31/2010,42.88
6/1/2010,42
6/2/2010,42.9
6/4/2010,40.9
6/7/2010,39.83
6/8/2010,40.26
6/9/2010,40.42
6/10/2010,41.22
6/11/2010,41.66
6/14/2010,41.7
6/15/2010,42.2
6/16/2010,41.8
6/17/2010,41.22
6/18/2010,40.67
6/21/2010,41.85
6/22/2010,41.57
6/23/2010,42.09
6/24/2010,41.25
6/25/2010,41.92
6/28/2010,41.01
6/29/2010,39.03
6/30/2010,37.91
7/1/2010,38.18
7/2/2010,38
7/5/2010,37.6
7/6/2010,37.95
7/7/2010,38.95
7/8/2010,39.01
7/12/2010,38.33
7/13/2010,38.55
7/14/2010,38.3
7/15/2010,37.93
7/16/2010,37.52
7/19/2010,38.5
7/20/2010,40.9
7/21/2010,41.15
7/22/2010,41.87
7/23/2010,42.21
7/26/2010,42.1
7/27/2010,41.95
7/28/2010,42.5
7/29/2010,42.52
7/30/2010,42.67
8/2/2010,44.1
8/3/2010,44.06
8/4/2010,43.94
8/5/2010,44.1
8/6/2010,44.08
8/9/2010,44.15
8/10/2010,43.6
8/11/2010,42.38
8/12/2010,42.72
8/13/2010,42.89
8/16/2010,43.38
8/17/2010,43.97
8/18/2010,44.28
8/19/2010,43.9
8/20/2010,43.35
8/23/2010,42.3
8/24/2010,41.33
8/25/2010,40.93
8/26/2010,40.7
8/27/2010,41.95
8/30/2010,40.7
8/31/2010,41.43
9/1/2010,43.3
9/2/2010,42.85
9/3/2010,42.72
9/6/2010,42.51
9/8/2010,41.71
9/9/2010,41.77
9/10/2010,41.45
9/13/2010,42.54
9/14/2010,42.26
9/15/2010,42.5
9/16/2010,42.26
9/17/2010,41.82
9/20/2010,42.6
9/21/2010,42.68
9/22/2010,43.35
9/23/2010,43.43
9/24/2010,44.66
9/27/2010,45.6
9/28/2010,45.9
9/29/2010,46.1
9/30/2010,46.3
10/1/2010,46.75
10/4/2010,46.76
10/5/2010,47.34
10/6/2010,47.44
10/7/2010,47.49
10/8/2010,47.3
10/11/2010,47.4
10/13/2010,47.64
10/14/2010,48.1
10/15/2010,47.78
10/18/2010,49.1
10/19/2010,48.08
10/20/2010,49.3
10/21/2010,48.33
10/22/2010,48.24
10/25/2010,48.5
10/26/2010,49.2
10/27/2010,48.72
10/28/2010,47.9
10/29/2010,47.75
11/1/2010,48.34
11/3/2010,48.24
11/4/2010,49.35
11/5/2010,49.32
11/8/2010,49.76
11/9/2010,49.69
11/10/2010,49.85
11/11/2010,49.99
11/12/2010,49.11
11/16/2010,48.25
11/17/2010,48.31
11/18/2010,49.45
11/19/2010,49.56
11/22/2010,49.3
11/23/2010,48.2
11/24/2010,49.5
11/25/2010,49.25
11/26/2010,48.52
11/29/2010,48.5
11/30/2010,48
12/1/2010,49.23
12/2/2010,49.5
12/3/2010,49.95
12/6/2010,50.23
12/7/2010,50.2
12/8/2010,49.25
12/9/2010,49.46
12/10/2010,50
12/13/2010,50.92
12/14/2010,50.73
12/15/2010,50.34
12/16/2010,49.9
12/17/2010,49.86
12/20/2010,49.8
12/21/2010,50.35
12/22/2010,50.25
12/23/2010,50.05
12/27/2010,49.1
12/28/2010,48.3
12/29/2010,48.51
12/30/2010,48.5
1/3/2011,49.9
1/4/2011,50.83
1/5/2011,51.56
1/6/2011,51.32
1/7/2011,50.9
1/10/2011,51.05
1/11/2011,51.46
1/12/2011,52.42
1/13/2011,52.25
1/14/2011,52.55
1/17/2011,52.86
1/18/2011,53.41
1/19/2011,52.68
1/20/2011,52.12
1/21/2011,52.51
1/24/2011,52.74
1/26/2011,52.46
1/27/2011,52.1
1/28/2011,51.05
1/31/2011,50.99
2/1/2011,51.87
2/2/2011,51.15
2/3/2011,51.2
2/4/2011,50.39
2/7/2011,50.32
2/8/2011,49.91
2/9/2011,48.69
2/10/2011,48.91
2/11/2011,49.67
2/14/2011,50.59
2/15/2011,50.14
2/16/2011,50.46
2/17/2011,50.61
2/18/2011,50.24
2/21/2011,49.2
2/22/2011,48.3
2/23/2011,49.25
2/24/2011,49.25
2/25/2011,49.26
2/28/2011,49.6
3/1/2011,48.85
3/2/2011,49.46
3/3/2011,49.6
3/4/2011,49.05
3/9/2011,47.63
3/10/2011,46.06
3/11/2011,46.74
3/14/2011,46.64
3/15/2011,45.86
3/16/2011,44.7
3/17/2011,45.92
3/18/2011,46.83
3/21/2011,46.88
3/22/2011,46.68
3/23/2011,47.37
3/24/2011,46.9
3/25/2011,46.88
3/28/2011,46.47
3/29/2011,47.33
3/30/2011,47.07
3/31/2011,47.39
4/1/2011,47.13
4/4/2011,48.24
4/5/2011,48.3
4/6/2011,47.86
4/7/2011,47.42
4/8/2011,47.43
4/11/2011,47.33
4/12/2011,46.43
4/13/2011,45.92
4/14/2011,45.81
4/15/2011,45.65
4/18/2011,45.2
4/19/2011,45.73
4/20/2011,46.5
4/25/2011,46.76
4/26/2011,46.79
4/27/2011,46.27
4/28/2011,46.05
4/29/2011,46.07
5/2/2011,45.26
5/3/2011,44.59
5/4/2011,43.86
5/5/2011,44.47
5/6/2011,44.35
5/9/2011,44.45
5/10/2011,44.51
5/11/2011,43.17
5/12/2011,43.05
5/13/2011,42.27
5/16/2011,42.15
5/17/2011,42.65
5/18/2011,42.81
5/19/2011,43.46
5/20/2011,43.75
5/23/2011,43.7
5/24/2011,44.13
5/25/2011,44.05
5/26/2011,44.78
5/27/2011,44.95
5/30/2011,44.79
5/31/2011,44.84
6/1/2011,44.48
6/2/2011,44.71
6/3/2011,44.49
6/6/2011,44.08
6/7/2011,44.09
6/8/2011,44.08
6/9/2011,44.46
6/10/2011,44.06
6/13/2011,43.4
6/14/2011,43.51
6/15/2011,43.27
6/16/2011,42.78
6/17/2011,42.71
6/20/2011,43.3
6/21/2011,43.65
6/22/2011,43.85
6/24/2011,44.1
6/27/2011,44.04
6/28/2011,44.5
6/29/2011,44.41
6/30/2011,44.64
7/1/2011,46.63
7/4/2011,47.05
7/5/2011,46.33
7/6/2011,46.31
7/7/2011,46.51
7/8/2011,46.1
7/11/2011,45.61
7/12/2011,45.72
7/13/2011,46.38
7/14/2011,45.8
7/15/2011,45.88
7/18/2011,46.05
7/19/2011,46.15
7/20/2011,45.91
7/21/2011,46.01
7/22/2011,46.16
7/25/2011,46.25
7/26/2011,46.16
7/27/2011,45.85
7/28/2011,46.27
7/29/2011,45.61
8/1/2011,45.58
8/2/2011,44.8
8/3/2011,43.61
8/4/2011,41.26
8/5/2011,40.23
8/8/2011,36.54
8/9/2011,38.4
8/10/2011,38.5
8/11/2011,40.15
8/12/2011,39.16
8/15/2011,39.85
8/16/2011,39.75
8/17/2011,40.3
8/18/2011,38.3
8/19/2011,37.31
8/22/2011,37.51
8/23/2011,38.6
8/24/2011,38.69
8/25/2011,38.3
8/26/2011,39.02
8/29/2011,39.77
8/30/2011,40.04
8/31/2011,40.65
9/1/2011,40.99
9/2/2011,40.35
9/5/2011,39.68
9/6/2011,40.66
9/8/2011,41.41
9/9/2011,40.93
9/12/2011,41.28
9/13/2011,41.56
9/14/2011,42.15
9/15/2011,42.72
9/16/2011,43
9/19/2011,43.58
9/20/2011,44
9/21/2011,43.45
9/22/2011,41.58
9/23/2011,41
9/26/2011,40.5
9/27/2011,40.82
9/28/2011,40.58
9/29/2011,40.1
9/30/2011,39.23
10/3/2011,38.25
10/4/2011,37.85
10/5/2011,38.7
10/6/2011,39.3
10/7/2011,38.31
10/10/2011,39.55
10/11/2011,40.23
10/13/2011,40.95
10/14/2011,41.18
10/17/2011,38.74
10/18/2011,38.8
10/19/2011,37.69
10/20/2011,37.21
10/21/2011,37.87
10/24/2011,40.12
10/25/2011,39.74
10/26/2011,40.73
10/27/2011,41.69
10/28/2011,41.68
10/31/2011,40.8
11/1/2011,40.4
11/3/2011,41.7
11/4/2011,42.25
11/7/2011,42.64
11/8/2011,42.45
11/9/2011,41.78
11/10/2011,41.6
11/11/2011,42.15
11/14/2011,41.97
11/16/2011,42.28
11/17/2011,41.35
11/18/2011,41.25
11/21/2011,41.15
11/22/2011,40.88
11/23/2011,39.85
11/24/2011,39.85
11/25/2011,39
11/28/2011,39.5
11/29/2011,38.85
11/30/2011,39.03
12/1/2011,39.3
12/2/2011,39.91
12/5/2011,40.5
12/6/2011,40.53
12/7/2011,39.06
12/8/2011,38.5
12/9/2011,39.12
12/12/2011,38.55
12/13/2011,38.56
12/14/2011,38
12/15/2011,37.55
12/16/2011,37.46
12/19/2011,36.8
12/20/2011,38.14
12/21/2011,38.17
12/22/2011,38.7
12/23/2011,38.95
12/26/2011,38.7
12/27/2011,38.82
12/28/2011,37.81
12/29/2011,37.82
1/2/2012,38.9
1/3/2012,40.47
1/4/2012,40.79
1/5/2012,39.76
1/6/2012,39.46
1/9/2012,39.5
1/10/2012,39.51
1/11/2012,39.81
1/12/2012,39.36
1/13/2012,38.95
1/16/2012,39.3
1/17/2012,40.91
1/18/2012,41.13
1/19/2012,41.05
1/20/2012,40.99
1/23/2012,41.05
1/24/2012,41.58
1/26/2012,41.23
1/27/2012,41.32
1/30/2012,41.63
1/31/2012,42.69
2/1/2012,43.55
2/2/2012,43.68
2/3/2012,43.83
2/6/2012,43.92
2/7/2012,43.97
2/8/2012,43.65
2/9/2012,43.38
2/10/2012,42.63
2/13/2012,43.73
2/14/2012,42.88
2/15/2012,42.08
2/16/2012,42.36
2/17/2012,41.99
2/22/2012,41.98
2/23/2012,42.8
2/24/2012,42.97
2/27/2012,42.5
2/28/2012,42.9
2/29/2012,42.5
3/1/2012,42.95
3/2/2012,43.3
3/5/2012,42.04
3/6/2012,40.17
3/7/2012,40.15
3/8/2012,40.1
3/9/2012,39.93
3/12/2012,39.47
3/13/2012,41.59
3/14/2012,41.1
3/15/2012,41.45
3/16/2012,41.9
3/19/2012,41.95
3/20/2012,41.6
3/21/2012,41.46
3/22/2012,40.6
3/23/2012,40.51
3/26/2012,41
3/27/2012,41.35
3/28/2012,40.66
3/29/2012,41
3/30/2012,41.46
4/2/2012,42.55
4/3/2012,41.84
4/4/2012,41.08
4/5/2012,41.12
4/9/2012,40.77
4/10/2012,40.32
4/11/2012,40.35
4/12/2012,42.8
4/13/2012,42.85
4/16/2012,41.24
4/17/2012,42.05
4/18/2012,42.24
4/19/2012,42.07
4/20/2012,41.93
4/23/2012,41.7
4/24/2012,41.7
4/25/2012,41.09
4/26/2012,41.78
4/27/2012,41.5
4/30/2012,41.45
5/2/2012,41.8
5/3/2012,41.54
5/4/2012,40.44
5/7/2012,40.39
5/8/2012,39.37
5/9/2012,39.22
5/10/2012,39.22
5/11/2012,38
5/14/2012,37.36
5/15/2012,37.2
5/16/2012,36.1
5/17/2012,34.78
5/18/2012,35.7
5/21/2012,36.85
5/22/2012,36.43
5/23/2012,36.8
5/24/2012,36.32
5/25/2012,35.73
5/28/2012,36.1
5/29/2012,36.6
5/30/2012,36.45
5/31/2012,36.72
6/1/2012,36.12
6/4/2012,36.02
6/5/2012,35.95
6/6/2012,37.01
6/8/2012,37.33
6/11/2012,36.89
6/12/2012,37.72
6/13/2012,37.9
6/14/2012,37.86
6/15/2012,38.4
6/18/2012,38.71
6/19/2012,39.71
6/20/2012,39.85
6/21/2012,38.85
6/22/2012,38.81
6/25/2012,38.23
6/26/2012,38.93
6/27/2012,38.84
6/28/2012,38.33
6/29/2012,39.16
7/2/2012,39.13
7/3/2012,39.86
7/4/2012,40.01
7/5/2012,40.5
7/6/2012,39.88
7/10/2012,38.98
7/11/2012,38.76
7/12/2012,38.61
7/13/2012,39.32
7/16/2012,38.78
7/17/2012,38.74
7/18/2012,38.6
7/19/2012,38.57
7/20/2012,37.88
7/23/2012,36.88
7/24/2012,35.15
7/25/2012,35.12
7/26/2012,35.39
7/27/2012,36.8
7/30/2012,36.71
7/31/2012,36.4
8/1/2012,36.55
8/2/2012,36.08
8/3/2012,36.5
8/6/2012,36.9
8/7/2012,36.91
8/8/2012,37.27
8/9/2012,37.55
8/10/2012,37.66
8/13/2012,37.66
8/14/2012,36.24
8/15/2012,35.5
8/16/2012,35.92
8/17/2012,34.91
8/20/2012,35.57
8/21/2012,35.27
8/22/2012,35.31
8/23/2012,34.19
8/24/2012,33.92
8/27/2012,33.39
8/28/2012,33.38
8/29/2012,32.46
8/30/2012,32.32
8/31/2012,33.18
9/3/2012,33.09
9/4/2012,32.12
9/5/2012,32.56
9/6/2012,34.09
9/10/2012,35.1
9/11/2012,36.04
9/12/2012,36.28
9/13/2012,37.29
9/14/2012,37.7
9/17/2012,38.05
9/18/2012,38.25
9/19/2012,37.83
9/20/2012,37.56
9/21/2012,36.7
9/24/2012,36.84
9/25/2012,35.83
9/26/2012,35.94
9/27/2012,35.85
9/28/2012,35.27
10/1/2012,35.24
10/2/2012,35.15
10/3/2012,34.69
10/4/2012,35.02
10/5/2012,34.98
10/8/2012,36.01
10/9/2012,36.28
10/10/2012,35.85
10/11/2012,36.2
10/15/2012,36.21
10/16/2012,36.95
10/17/2012,36.33
10/18/2012,36.15
10/19/2012,35.53
10/22/2012,35.4
10/23/2012,34.56
10/24/2012,34.29
10/25/2012,36.2
10/26/2012,35.95
10/29/2012,36.09
10/30/2012,36.37
10/31/2012,36.35
11/1/2012,37.17
11/5/2012,36.93
11/6/2012,37.2
11/7/2012,36.81
11/8/2012,36.06
11/9/2012,36.33
11/12/2012,36.03
11/13/2012,36.3
11/14/2012,35.63
11/16/2012,34.65
11/19/2012,35.07
11/21/2012,35.44
11/22/2012,35.42
11/23/2012,35.91
11/26/2012,35.73
11/27/2012,35.73
11/28/2012,35.22
11/29/2012,36.6
11/30/2012,36.7
12/3/2012,36.68
12/4/2012,36.06
12/5/2012,36.69
12/6/2012,36.59
12/7/2012,36.92
12/10/2012,37.43
12/11/2012,38.18
12/12/2012,38.38
12/13/2012,38.53
12/14/2012,39.75
12/17/2012,40.31
12/18/2012,41
12/19/2012,40.51
12/20/2012,40.81
12/21/2012,40.5
12/26/2012,40.69
12/27/2012,40.8
12/28/2012,40.87
1/2/2013,42.6
1/3/2013,42.09
1/4/2013,41.17
1/7/2013,40.35
1/8/2013,40.1
1/9/2013,40.3
1/10/2013,40.57
1/11/2013,39.53
1/14/2013,39.77
1/15/2013,39.65
1/16/2013,39.68
1/17/2013,39.75
1/18/2013,39.2
1/21/2013,39.15
1/22/2013,39.59
1/23/2013,39.5
1/24/2013,38.63
1/28/2013,37.69
1/29/2013,38.13
1/30/2013,37.29
1/31/2013,38.7
2/1/2013,39.2
2/4/2013,38.75
2/5/2013,38.1
2/6/2013,38.5
2/7/2013,37.46
2/8/2013,37.74
2/13/2013,37.41
2/14/2013,36.75
2/15/2013,36.47
2/18/2013,36.42
2/19/2013,36.09
2/20/2013,34.8
2/21/2013,34.82
2/22/2013,34.1
2/25/2013,34.28
2/26/2013,35.15
2/27/2013,35.45
2/28/2013,36.55
3/1/2013,35.25
3/4/2013,34.05
3/5/2013,33.81
3/6/2013,35.83
3/7/2013,35.55
3/8/2013,34.72
3/11/2013,35.22
3/12/2013,34.65
3/13/2013,33.36
3/14/2013,33.63
3/15/2013,33.59
3/18/2013,33.7
3/19/2013,32.39
3/20/2013,33.05
3/21/2013,33.18
3/22/2013,33.2
3/25/2013,32.64
3/26/2013,32.99
3/27/2013,33.63
3/28/2013,33.24
4/1/2013,32.41
4/2/2013,31.84
4/3/2013,33.7
4/4/2013,32.36
4/5/2013,32.6
4/8/2013,32.7
4/9/2013,34.08
4/10/2013,32.9
4/11/2013,32.4
4/12/2013,32.93
4/15/2013,30.8
4/16/2013,31.65
4/17/2013,30.99
4/18/2013,30.45
4/19/2013,30.65
4/22/2013,31.18
4/23/2013,31.87
4/24/2013,32.1
4/25/2013,32.55
4/26/2013,31.68
4/29/2013,32.02
4/30/2013,32.64
5/2/2013,31.75
5/3/2013,32.2
5/6/2013,32.28
5/7/2013,33.05
5/8/2013,33.12
5/9/2013,33.15
5/10/2013,32.5
5/13/2013,31.82
5/14/2013,31.07
5/15/2013,30.44
5/16/2013,29.7
5/17/2013,29.91
5/20/2013,31.05
5/21/2013,31.37
5/22/2013,30.94
5/23/2013,30.38
5/24/2013,30.15
5/27/2013,30.25
5/28/2013,29.77
5/29/2013,29.38
5/31/2013,28.65
6/3/2013,29.95
6/4/2013,30.3
6/5/2013,29.17
6/6/2013,29.58
6/7/2013,29.06
6/10/2013,28.6
6/11/2013,27.78
6/12/2013,27.4
6/13/2013,28.65
6/14/2013,28.28
6/17/2013,28.4
6/18/2013,29.1
6/19/2013,28.5
6/20/2013,28.64
6/21/2013,28.45
6/24/2013,26.89
6/25/2013,27.5
6/26/2013,26.75
6/27/2013,26.7
6/28/2013,27.05
7/1/2013,27.28
7/2/2013,26.1
7/3/2013,26
7/4/2013,26.97
7/5/2013,26.45
7/8/2013,26.08
7/10/2013,26.44
7/11/2013,27.54
7/12/2013,27.06
7/15/2013,27.36
7/16/2013,27.87
7/17/2013,28.16
7/18/2013,28.22
7/19/2013,27.93
7/22/2013,28.45
7/23/2013,28.91
7/24/2013,28.94
7/25/2013,29.14
7/26/2013,29.25
7/29/2013,28.9
7/30/2013,28.36
7/31/2013,28.15
8/1/2013,28.55
8/2/2013,28.39
8/5/2013,28.73
8/6/2013,28.35
8/7/2013,29.06
8/8/2013,29.93
8/9/2013,30.9
8/12/2013,31.27
8/13/2013,31.56
8/14/2013,31.6
8/15/2013,31.55
8/16/2013,32.17
8/19/2013,32.35
8/20/2013,31.44
8/21/2013,31.11
8/22/2013,32.4
8/23/2013,32.28
8/26/2013,32.2
8/27/2013,31.73
8/28/2013,31.25
8/29/2013,30.8
8/30/2013,31.1
9/2/2013,32.02
9/3/2013,32.15
9/4/2013,32.14
9/5/2013,32.32
9/6/2013,32.2
9/9/2013,33.07
9/10/2013,33.68
9/11/2013,32.95
9/12/2013,33.2
9/13/2013,33.11
9/16/2013,33.08
9/17/2013,32.98
9/18/2013,33
9/19/2013,32.6
9/20/2013,32.37
9/23/2013,32.75
9/24/2013,32.27
9/25/2013,32.61
9/26/2013,32.66
9/27/2013,32.14
9/30/2013,31.54
10/1/2013,31.86
10/2/2013,31.82
10/3/2013,31.45
10/4/2013,31.9
10/7/2013,31.39
10/8/2013,31.18
10/9/2013,30.47
10/10/2013,30.56
10/11/2013,31.02
10/14/2013,32.27
10/15/2013,32.2
10/16/2013,32.31
10/17/2013,32.79
10/18/2013,31.69
10/21/2013,32.37
10/22/2013,32.8
10/23/2013,32.21
10/24/2013,32.25
10/25/2013,32.25
10/28/2013,32.65
10/29/2013,32.45
10/30/2013,32.57
10/31/2013,32.84
11/1/2013,33.45
11/4/2013,34.22
11/5/2013,33.97
11/6/2013,34.44
11/7/2013,33.32
11/8/2013,32.86
11/11/2013,33.25
11/12/2013,32.43
11/13/2013,32.06
11/14/2013,32.4
11/18/2013,33.07
11/19/2013,32.76
11/21/2013,32.3
11/22/2013,32.66
11/25/2013,31.97
11/26/2013,30.87
11/27/2013,31.45
11/28/2013,32.3
11/29/2013,32.79
12/2/2013,32.64
12/3/2013,32.21
12/4/2013,32.39
12/5/2013,32.85
12/6/2013,32.95
12/9/2013,33.13
12/10/2013,32.85
12/11/2013,32.2
12/12/2013,31.95
12/13/2013,31.88
12/16/2013,31.79
12/17/2013,31.74
12/18/2013,31.89
12/19/2013,32.35
12/20/2013,31.88
12/23/2013,31.8
12/26/2013,31.9
12/27/2013,32.41
12/30/2013,32.73
1/2/2014,31.92
1/3/2014,31.42
1/6/2014,31.58
1/7/2014,30.9
1/8/2014,31.08
1/9/2014,29.93
1/10/2014,30.09
1/13/2014,29.8
1/14/2014,29.8
1/15/2014,30.23
1/16/2014,30.29
1/17/2014,30.02
1/20/2014,29.17
1/21/2014,28.48
1/22/2014,28.91
1/23/2014,28.15
1/24/2014,28.63
1/27/2014,28.54
1/28/2014,28.88
1/29/2014,29.96
1/30/2014,29.76
1/31/2014,30
2/3/2014,29.1
2/4/2014,29.58
2/5/2014,29.94
2/6/2014,30.8
2/7/2014,30.66
2/10/2014,30.44
2/11/2014,30.77
2/12/2014,30.79
2/13/2014,30.76
2/14/2014,30.96
2/17/2014,30.74
2/18/2014,30.6
2/19/2014,30.9
2/20/2014,30.59
2/21/2014,30.61
2/24/2014,29.76
2/25/2014,29
2/26/2014,29.02
2/27/2014,29.31
2/28/2014,29.09
3/5/2014,28.11
3/6/2014,28.11
3/7/2014,27.09
3/10/2014,26.37
3/11/2014,26.1
3/12/2014,26.46
3/13/2014,25.9
3/14/2014,26.1
3/17/2014,26
3/18/2014,26.55
3/19/2014,26.57
3/20/2014,26.64
3/21/2014,27.2
3/24/2014,27.16
3/25/2014,27.61
3/26/2014,27.5
3/27/2014,27.85
3/28/2014,27.81
3/31/2014,28.35
4/1/2014,28.26
4/2/2014,29.36
4/3/2014,29.55
4/4/2014,29.48
4/7/2014,30.05
4/8/2014,30.08
4/9/2014,29.95
4/10/2014,29.69
4/11/2014,29.86
4/14/2014,30.12
4/15/2014,27.87
4/16/2014,28.15
4/17/2014,28.54
4/22/2014,28.04
4/23/2014,27.7
4/24/2014,28.15
4/25/2014,27.5
4/28/2014,26.75
4/29/2014,26.73
4/30/2014,26.42
5/2/2014,27.35
5/5/2014,27.15
5/6/2014,26.93
5/7/2014,27.24
5/8/2014,26.83
5/9/2014,26.5
5/12/2014,27.63
5/13/2014,27.6
5/14/2014,28.25
5/15/2014,28.17
5/16/2014,27.55
5/19/2014,26.64
5/20/2014,26.03
5/21/2014,26.18
5/22/2014,26.62
5/23/2014,26.77
5/26/2014,26.89
5/27/2014,26.66
5/28/2014,26.55
5/29/2014,26.64
5/30/2014,25.64
6/2/2014,26.18
6/3/2014,25.9
6/4/2014,25.8
6/5/2014,25.72
6/6/2014,26.13
6/9/2014,26.61
6/10/2014,26.4
6/11/2014,26.4
6/13/2014,25.75
6/16/2014,25.47
6/17/2014,25.49
6/18/2014,25.84
6/20/2014,25.78
6/23/2014,26.17
6/24/2014,25.8
6/25/2014,25.82
6/26/2014,26.38
6/27/2014,26.21
6/30/2014,26.35
7/1/2014,26.66
7/2/2014,27.2
7/3/2014,27.78
7/4/2014,27.86
7/7/2014,27.66
7/8/2014,27.74
7/10/2014,27.72
7/11/2014,27.6
7/14/2014,27.82
7/15/2014,28.02
7/16/2014,28.52
7/17/2014,28.16
7/18/2014,28.15
7/21/2014,28.27
7/22/2014,28.54
7/23/2014,28.54
7/24/2014,28.95
7/25/2014,28.95
7/28/2014,29.36
7/29/2014,29.35
7/30/2014,28.93
7/31/2014,29.13
8/1/2014,28.54
8/4/2014,28.7
8/5/2014,28.3
8/6/2014,28.4
8/7/2014,28.1
8/8/2014,28.16
8/11/2014,28.46
8/12/2014,28.54
8/13/2014,27.86
8/14/2014,27.26
8/15/2014,27.55
8/18/2014,27.7
8/19/2014,27.76
8/20/2014,28.29
8/21/2014,28.18
8/22/2014,27.92
8/25/2014,27.7
8/26/2014,27.64
8/27/2014,27.25
8/28/2014,26.13
8/29/2014,25.97
9/1/2014,25.75
9/2/2014,25.5
9/3/2014,25.73
9/4/2014,25.45
9/5/2014,25
9/8/2014,24.8
9/9/2014,25.13
9/10/2014,24.98
9/11/2014,24.99
9/12/2014,25.24
9/15/2014,25.67
9/16/2014,25.71
9/17/2014,25.55
9/18/2014,25.6
9/19/2014,24.9
9/22/2014,23.87
9/23/2014,24.04
9/24/2014,24.4
9/25/2014,24.25
9/26/2014,23.77
9/29/2014,23.3
9/30/2014,23.78
10/1/2014,23.66
10/2/2014,24.28
10/3/2014,23.87
10/6/2014,23.84
10/7/2014,24.01
10/8/2014,23.98
10/9/2014,23.52
10/10/2014,22.98
10/13/2014,24.1
10/14/2014,24.8
10/15/2014,24.63
10/16/2014,23.92
10/17/2014,23.07
10/20/2014,22.86
10/21/2014,23.1
10/22/2014,23.18
10/23/2014,23.62
10/24/2014,23.71
10/27/2014,22.67
10/28/2014,22.63
10/29/2014,21.46
10/30/2014,20.5
10/31/2014,21.55
11/3/2014,21.49
11/4/2014,20.8
11/5/2014,20.75
11/6/2014,20.35
11/7/2014,20.7
11/10/2014,20.18
11/11/2014,19.44
11/12/2014,19.44
11/13/2014,19.37
11/14/2014,19.8
11/17/2014,19.73
11/18/2014,18.83
11/19/2014,18.91
11/21/2014,20.22
11/24/2014,20.4
11/25/2014,20.58
11/26/2014,19.75
11/27/2014,19.75
11/28/2014,20
12/1/2014,19.2
12/2/2014,18.74
12/3/2014,18.81
12/4/2014,18.5
12/5/2014,18.7
12/8/2014,18.06
12/9/2014,17.64
12/10/2014,16.98
12/11/2014,16.48
12/12/2014,16.21
12/15/2014,16
12/16/2014,16.6
12/17/2014,16.96
12/18/2014,17.35
12/19/2014,18.78
12/22/2014,18.65
12/23/2014,19.5
12/26/2014,19.21
12/29/2014,19.32
12/30/2014,19.23
1/2/2015,18.73
1/5/2015,18.53
1/6/2015,19.29
1/7/2015,19.99
1/8/2015,20.1
1/9/2015,19.82
1/12/2015,19.78
1/13/2015,19.95
1/14/2015,18.4
1/15/2015,18.55
1/16/2015,19.23
1/19/2015,19.1
1/20/2015,19.21
1/21/2015,19.45
1/22/2015,19.35
1/23/2015,18.32
1/26/2015,17.48
1/27/2015,16.99
1/28/2015,16.85
1/29/2015,16.19
1/30/2015,16.55
2/2/2015,17.22
2/3/2015,18.05
2/4/2015,17.82
2/5/2015,17.65
2/6/2015,17.81
2/9/2015,18.61
2/10/2015,17.72
2/11/2015,18.23
2/12/2015,18.58
2/13/2015,19.34
2/18/2015,19.55
2/19/2015,19.06
2/20/2015,19.45
2/23/2015,18.75
2/24/2015,19.14
2/25/2015,19.14
2/26/2015,18.4
2/27/2015,18.51
3/2/2015,17.93
3/3/2015,18.08
3/4/2015,17.66
3/5/2015,16.94
3/6/2015,17.1
3/9/2015,17.08
3/10/2015,16.57
3/11/2015,16.33
3/12/2015,16.3
3/13/2015,16.48
3/16/2015,16.43
3/17/2015,17.19
3/18/2015,16.78
3/19/2015,16.6
3/20/2015,17.38
3/23/2015,17.32
3/24/2015,16.9
3/25/2015,17.01
3/26/2015,16.42
3/27/2015,15.97
3/30/2015,16.05
3/31/2015,15.45
4/1/2015,15.01
4/2/2015,15.46
4/6/2015,15.55
4/7/2015,16.06
4/8/2015,15.65
4/9/2015,15.59
4/10/2015,15.36
4/13/2015,15.12
4/14/2015,15.88
4/15/2015,15.49
4/16/2015,15.19
4/17/2015,14.95
4/20/2015,14.99
4/22/2015,16.46
4/23/2015,17.54
4/24/2015,18.71
4/27/2015,18.62
4/28/2015,18.55
4/29/2015,17.09
4/30/2015,18.15
5/4/2015,19.3
5/5/2015,20.3
5/6/2015,19.38
5/7/2015,19.2
5/8/2015,18.51
5/11/2015,19.05
5/12/2015,18.52
5/13/2015,18.03
5/14/2015,17.88
5/15/2015,17.79
5/18/2015,16.98
5/19/2015,16.89
5/20/2015,16.57
5/21/2015,16.83
5/22/2015,17.05
5/25/2015,17.35
5/26/2015,17.45
5/27/2015,17.58
5/28/2015,17.2
5/29/2015,16.76
6/1/2015,16.76
6/2/2015,18.01
6/3/2015,17.66
6/5/2015,17.61
6/8/2015,17.05
6/9/2015,16.99
6/10/2015,17.8
6/11/2015,18.02
6/12/2015,17.88
6/15/2015,17.45
6/16/2015,17.02
6/17/2015,16.85
6/18/2015,17.39
6/19/2015,17.41
6/22/2015,16.91
6/23/2015,17.06
6/24/2015,17.05
6/25/2015,16.5
6/26/2015,16.7
6/29/2015,16.25
6/30/2015,15.58
7/1/2015,15.42
7/2/2015,15.46
7/3/2015,15.23
7/6/2015,14.97
7/7/2015,15.15
7/8/2015,14.54
7/10/2015,14.41
7/13/2015,15.36
7/14/2015,14.86
7/15/2015,14.5
7/16/2015,14.83
7/17/2015,14.6
7/20/2015,14.42
7/21/2015,14.63
7/22/2015,14.22
7/23/2015,14.36
7/24/2015,14.03
7/27/2015,14
7/28/2015,14.86
7/29/2015,15.11
7/30/2015,14.41
7/31/2015,14.65
8/3/2015,14.38
8/4/2015,14.81
8/5/2015,15.39
8/6/2015,15.67
8/7/2015,14.91
8/10/2015,15.45
8/11/2015,14.66
8/12/2015,14.9
8/13/2015,14.62
8/14/2015,14.34
8/17/2015,14.23
8/18/2015,13.85
8/19/2015,13.48
8/20/2015,13.81
8/21/2015,13.45
8/24/2015,12.38
8/25/2015,12.27
8/26/2015,12.63
8/27/2015,13.72
8/28/2015,13.71
8/31/2015,14.15
9/1/2015,13.78
9/2/2015,14.58
9/3/2015,15.2
9/4/2015,14.73
9/8/2015,15.36
9/9/2015,15.36
9/10/2015,16
9/11/2015,15.67
9/14/2015,15.36
9/15/2015,14.81
9/16/2015,15.14
9/17/2015,15.63
9/18/2015,15.79
9/21/2015,15.7
9/22/2015,15.35
9/23/2015,14.92
9/24/2015,14.76
9/25/2015,14.24
9/28/2015,13.19
9/29/2015,13.22
9/30/2015,13.32
10/1/2015,13.92
10/2/2015,14.46
10/5/2015,14.69
10/6/2015,14.92
10/7/2015,15.85
10/8/2015,15.94
10/9/2015,16.26
10/13/2015,14.98
10/14/2015,15.18
10/15/2015,15.43
10/16/2015,15.19
10/19/2015,14.65
10/20/2015,14.35
10/21/2015,14.74
10/22/2015,14.83
10/23/2015,14.98
10/26/2015,14.35
10/27/2015,13.98
10/28/2015,13.56
10/29/2015,13.33
10/30/2015,14.03
11/3/2015,14.4
11/4/2015,14.08
11/5/2015,13.85
11/6/2015,13.06
11/9/2015,12.9
11/10/2015,12.73
11/11/2015,12.7
11/12/2015,12.57
11/13/2015,12.76
11/16/2015,12.5
11/17/2015,12.07
11/18/2015,11.96
11/19/2015,12.14
11/23/2015,11.83
11/24/2015,12.03
11/25/2015,11.7
11/26/2015,11.76
11/27/2015,11.08
11/30/2015,10.63
12/1/2015,10.37
12/2/2015,10.39
12/3/2015,10.27
12/4/2015,9.99
12/7/2015,9.84
12/8/2015,9.32
12/9/2015,9.65
12/10/2015,10.02
12/11/2015,9.59
12/14/2015,9.87
12/15/2015,10.28
12/16/2015,10.48
12/17/2015,10.23
12/18/2015,10.42
12/21/2015,9.74
12/22/2015,10.05
12/23/2015,10.52
12/28/2015,10.09
12/29/2015,10.12
12/30/2015,10.25
1/4/2016,10
1/5/2016,9.9
1/6/2016,9.15
1/7/2016,8.61
1/8/2016,8.2
1/11/2016,7.92
1/12/2016,7.26
1/13/2016,7.04
1/14/2016,7.52
1/15/2016,7.29
1/18/2016,6.95
1/19/2016,7.04
1/20/2016,6.95
1/21/2016,6.86
1/22/2016,6.73
1/26/2016,6.82
1/27/2016,7.18
1/28/2016,7.09
1/29/2016,7.24
2/1/2016,7.25
2/2/2016,6.57
2/3/2016,6.96
2/4/2016,7.75
2/5/2016,7.79
2/10/2016,7.73
2/11/2016,7.41
2/12/2016,7.56
2/15/2016,7.79
2/16/2016,8.26
