1/4/2000,0
1/5/2000,-0.038523274
1/6/2000,-0.030050083
1/7/2000,-0.025817556
1/10/2000,0
1/11/2000,-0.024734982
1/12/2000,0.009057971
1/13/2000,-0.008976661
1/14/2000,0.112318841
1/17/2000,0.037459283
1/18/2000,-0.003139717
1/19/2000,-0.067716535
1/20/2000,-0.003378378
1/21/2000,-0.008474576
1/24/2000,0.032478632
1/26/2000,0
1/27/2000,-0.008278146
1/28/2000,-0.030050083
1/31/2000,0.006884682
2/2/2000,-0.090598291
2/3/2000,-0.005639098
2/4/2000,0.007561437
2/7/2000,-0.052532833
2/8/2000,0.027722772
2/9/2000,0
2/10/2000,0.055876686
2/11/2000,-0.052919708
2/14/2000,-0.036608863
2/15/2000,-0.018
2/16/2000,0.077393075
2/17/2000,0.039697543
2/18/2000,0.003636364
2/21/2000,-0.025362319
2/22/2000,0.018587361
2/23/2000,-0.02189781
2/24/2000,-0.013059701
2/25/2000,0.017013233
2/28/2000,-0.022304833
2/29/2000,-0.022813688
3/1/2000,0.029182879
3/2/2000,0
3/3/2000,0
3/8/2000,0.062381853
3/9/2000,-0.055160142
3/10/2000,0.003766478
3/13/2000,-0.026266417
3/14/2000,0.023121387
3/15/2000,0.003766478
3/16/2000,0.031894934
3/17/2000,0.116363636
3/20/2000,-0.013029316
3/21/2000,-0.04950495
3/22/2000,0.024305556
3/23/2000,0.028813559
3/24/2000,0.072487644
3/27/2000,-0.006144393
3/28/2000,-0.044822257
3/29/2000,-0.006472492
3/30/2000,0
3/31/2000,0.068403909
4/3/2000,-0.021341463
4/4/2000,-0.043613707
4/5/2000,0.060260586
4/6/2000,0.026113671
4/7/2000,0.004491018
4/10/2000,0.008941878
4/11/2000,0.004431315
4/12/2000,0
4/13/2000,-0.014705882
4/14/2000,-0.076119403
4/17/2000,-0.071082391
4/18/2000,0.050434783
4/19/2000,-0.062913907
4/20/2000,0.058303887
4/24/2000,-0.030050083
4/25/2000,0.006884682
4/26/2000,0.061538462
4/27/2000,0.003220612
4/28/2000,-0.008025682
5/2/2000,0.030744337
5/3/2000,-0.025117739
5/4/2000,-0.011272142
5/5/2000,-0.016286645
5/8/2000,-0.008278146
5/9/2000,-0.006677796
5/10/2000,-0.048739496
5/11/2000,-0.01590106
5/12/2000,0
5/15/2000,0
5/16/2000,0.012567325
5/17/2000,-0.017730496
5/18/2000,-0.019855596
5/19/2000,-0.031307551
5/22/2000,-0.013307985
5/23/2000,0.046242775
5/24/2000,0.034990792
5/25/2000,-0.017793594
5/26/2000,0.047101449
5/29/2000,0.032871972
5/30/2000,0.020100503
5/31/2000,0.019704433
6/1/2000,0.006441224
6/2/2000,0.016
6/5/2000,0.004724409
6/6/2000,0.020376176
6/7/2000,0.010752688
6/8/2000,-0.013677812
6/9/2000,-0.018489985
6/12/2000,0
6/13/2000,0.010989011
6/14/2000,-0.01552795
6/15/2000,0.012618297
6/16/2000,0.007788162
6/19/2000,0.017001546
6/20/2000,0.019756839
6/21/2000,0.062593145
6/23/2000,-0.007012623
6/26/2000,0.021186441
6/27/2000,-0.013831259
6/28/2000,-0.001402525
6/29/2000,-0.004213483
6/30/2000,0.018335684
7/3/2000,0.013850416
7/4/2000,0
7/5/2000,-0.004098361
7/6/2000,-0.006858711
7/7/2000,0.035911602
7/10/2000,0.02
7/11/2000,0.030065359
7/12/2000,0.032994924
7/13/2000,-0.008599509
7/14/2000,-0.02354399
7/17/2000,0.07106599
7/18/2000,0.001184834
7/19/2000,0.010650888
7/20/2000,-0.004683841
7/21/2000,0.008235294
7/24/2000,-0.008168028
7/25/2000,-0.028235294
7/26/2000,0.016949153
7/27/2000,0.022619048
7/28/2000,0.010477299
7/31/2000,0.017281106
8/1/2000,-0.011325028
8/2/2000,-0.017182131
8/3/2000,0.002331002
8/4/2000,0.031395349
8/7/2000,0.002254791
8/8/2000,-0.01799775
8/9/2000,-0.010309278
8/10/2000,-0.011574074
8/11/2000,0.026932084
8/14/2000,0.002280502
8/15/2000,0.001137656
8/16/2000,-0.018181818
8/17/2000,0
8/18/2000,-0.016203704
8/21/2000,0
8/22/2000,-0.003529412
8/23/2000,0.012987013
8/24/2000,0.001165501
8/25/2000,0.032596042
8/28/2000,-0.03156708
8/29/2000,0.005820722
8/30/2000,0
8/31/2000,-0.003472222
9/1/2000,0.038327526
9/4/2000,-0.017897092
9/5/2000,0.021640091
9/6/2000,0.010033445
9/8/2000,0
9/11/2000,-0.020971302
9/12/2000,0.01578354
9/13/2000,0.02108768
9/14/2000,-0.009782609
9/18/2000,0.037321625
9/19/2000,0.008465608
9/20/2000,-0.029380902
9/21/2000,0.010810811
9/22/2000,-0.020320856
9/25/2000,0.015283843
9/26/2000,0.034408602
9/27/2000,-0.018711019
9/28/2000,0.014830508
9/29/2000,0
10/2/2000,0.003131524
10/3/2000,0.031217482
10/4/2000,0.014127144
10/5/2000,0.005970149
10/6/2000,-0.019782394
10/9/2000,-0.007063572
10/10/2000,0.035569106
10/11/2000,-0.003925417
10/13/2000,0
10/16/2000,0.006896552
10/17/2000,0.015655577
10/18/2000,-0.020231214
10/19/2000,0.006882989
10/20/2000,-0.00390625
10/23/2000,-0.028431373
10/24/2000,-0.064581231
10/25/2000,-0.047464941
10/26/2000,0.024915062
10/27/2000,0.024309392
10/30/2000,0.031283711
10/31/2000,0.05125523
11/1/2000,0.002985075
11/3/2000,0.006944444
11/6/2000,0.008866995
11/7/2000,0.01171875
11/8/2000,-0.02027027
11/9/2000,-0.028571429
11/10/2000,0.024340771
11/13/2000,-0.041584158
11/14/2000,0.011363636
11/16/2000,0.036772217
11/17/2000,0.001970443
11/20/2000,0.01179941
11/21/2000,-0.001943635
11/22/2000,-0.004868549
11/23/2000,-0.039138943
11/24/2000,0.019348269
11/27/2000,0.032967033
11/28/2000,-0.023210832
11/29/2000,-0.008910891
11/30/2000,-0.021978022
12/1/2000,0.038815117
12/4/2000,0.016715831
12/5/2000,0.003868472
12/6/2000,-0.010597303
12/7/2000,0.013631938
12/8/2000,0.004803074
12/11/2000,0.003824092
12/12/2000,-0.004761905
12/13/2000,-0.004784689
12/14/2000,-0.001923077
12/15/2000,0.029865125
12/18/2000,0.001870907
12/19/2000,0.046685341
12/20/2000,-0.024977698
12/21/2000,0.014638609
12/22/2000,0.017132552
12/26/2000,-0.045212766
12/27/2000,0.069637883
12/28/2000,-0.037326389
1/2/2001,0.017132552
1/3/2001,-0.006205674
1/4/2001,-0.010704728
1/5/2001,-0.025247971
1/8/2001,0.004625347
1/9/2001,0.015653775
1/10/2001,0.01631913
1/11/2001,-0.010704728
1/12/2001,-0.004508566
1/15/2001,-0.000905797
1/16/2001,0.009972801
1/17/2001,0.02513465
1/18/2001,0.041155867
1/19/2001,0.015979815
1/22/2001,0.01986755
1/23/2001,-0.004058442
1/24/2001,-0.030969845
1/26/2001,0.010092515
1/29/2001,0.038301415
1/30/2001,0.035284683
1/31/2001,0.021688613
2/1/2001,-0.0015163
2/2/2001,-0.044798785
2/5/2001,0.011128776
2/6/2001,0.011006289
2/7/2001,-0.00933126
2/8/2001,-0.008634223
2/9/2001,-0.020585907
2/12/2001,-0.021018593
2/13/2001,-0.023947151
2/14/2001,0.010152284
2/15/2001,-0.019262982
2/16/2001,0.005977797
2/19/2001,0.01188455
2/20/2001,0.013422819
2/21/2001,-0.017384106
2/22/2001,0.01179444
2/23/2001,0.011656953
2/28/2001,-0.028806584
3/1/2001,0.020338983
3/2/2001,0.007475083
3/5/2001,-0.024732069
3/6/2001,-0.008453085
3/7/2001,0.029838022
3/8/2001,0.002483444
3/9/2001,-0.004128819
3/12/2001,-0.005804312
3/13/2001,0.005838198
3/14/2001,0
3/15/2001,0.005804312
3/16/2001,0.028029678
3/19/2001,-0.033680834
3/20/2001,0.008298755
3/21/2001,0
3/22/2001,-0.009053498
3/23/2001,-0.029900332
3/26/2001,0.030821918
3/27/2001,0.023255814
3/28/2001,-0.040584416
3/29/2001,-0.001692047
3/30/2001,0.010169492
4/2/2001,-0.010067114
4/3/2001,-0.010169492
4/4/2001,0.010273973
4/5/2001,-0.020338983
4/6/2001,-0.007785467
4/9/2001,0.004359198
4/10/2001,0.034722222
4/11/2001,-0.010067114
4/12/2001,0.001694915
4/16/2001,-0.023688663
4/17/2001,-0.018197574
4/18/2001,0.063548102
4/19/2001,-0.02406639
4/20/2001,-0.046768707
4/23/2001,0.010704728
4/24/2001,-0.015004413
4/25/2001,0.053763441
4/26/2001,0.06122449
4/27/2001,0.020833333
4/30/2001,-0.003139717
5/2/2001,-0.024409449
5/3/2001,-0.028248588
5/4/2001,0.01910299
5/7/2001,0.019559902
5/8/2001,0
5/9/2001,0
5/10/2001,0.056754596
5/11/2001,0.010590015
5/14/2001,0
5/15/2001,-0.028443114
5/16/2001,-0.023882897
5/17/2001,0.033938437
5/18/2001,0.022900763
5/21/2001,0.01641791
5/22/2001,0.00660793
5/23/2001,-0.001458789
5/24/2001,-0.046018992
5/25/2001,-0.035222052
5/28/2001,0.002380952
5/29/2001,-0.020585907
5/30/2001,0
5/31/2001,0.021018593
6/1/2001,0.008709422
6/4/2001,0.018838305
6/5/2001,-0.025423729
6/6/2001,-0.024505929
6/7/2001,0.004051864
6/8/2001,-0.01937046
6/11/2001,0.009876543
6/12/2001,-0.022819886
6/13/2001,0.013344454
6/15/2001,-0.038683128
6/18/2001,-0.038527397
6/19/2001,0.002671416
6/20/2001,0.043516874
6/21/2001,-0.035744681
6/22/2001,-0.015004413
6/25/2001,0.064516129
6/26/2001,-0.006734007
6/27/2001,0.03559322
6/28/2001,0.023731588
6/29/2001,0.018385292
7/2/2001,-0.008634223
7/3/2001,-0.037212985
7/4/2001,0
7/5/2001,0
7/6/2001,-0.03125
7/10/2001,-0.028013582
7/11/2001,-0.018340611
7/12/2001,0.080960854
7/13/2001,0.002469136
7/16/2001,-0.013957307
7/17/2001,0.008326395
7/18/2001,-0.011560694
7/19/2001,0.002506266
7/20/2001,-0.0025
7/23/2001,-0.010025063
7/24/2001,-0.004219409
7/25/2001,0.01440678
7/26/2001,0.005847953
7/27/2001,-0.002491694
7/30/2001,-0.011656953
7/31/2001,-0.00589722
8/1/2001,0.004237288
8/2/2001,0.011814346
8/3/2001,0.004170142
8/6/2001,-0.004983389
8/7/2001,0.010851419
8/8/2001,0.005780347
8/9/2001,0.017241379
8/10/2001,0
8/13/2001,-0.031476998
8/14/2001,0.016666667
8/15/2001,-0.017213115
8/16/2001,-0.01501251
8/17/2001,-0.00508044
8/20/2001,-0.003404255
8/21/2001,-0.012809564
8/22/2001,0.010380623
8/23/2001,-0.005993151
8/24/2001,0.01205857
8/27/2001,-0.013617021
8/28/2001,-0.002588438
8/29/2001,-0.003460208
8/30/2001,-0.022569444
8/31/2001,0.010657194
9/3/2001,-0.004393673
9/4/2001,0.01059135
9/5/2001,0.016593886
9/6/2001,-0.025773196
9/10/2001,-0.015873016
9/11/2001,-0.112007168
9/12/2001,0.083753784
9/13/2001,-0.096834264
9/14/2001,0.016494845
9/17/2001,0.101419878
9/18/2001,0
9/19/2001,0.003683241
9/20/2001,-0.043119266
9/21/2001,-0.026845638
9/24/2001,-0.03546798
9/25/2001,0
9/26/2001,-0.069458631
9/27/2001,0.051591658
9/28/2001,0.054279749
10/1/2001,0.016831683
10/2/2001,-0.035053554
10/3/2001,-0.028254289
10/4/2001,0.007268951
10/5/2001,-0.012371134
10/8/2001,-0.027139875
10/9/2001,0.027896996
10/10/2001,0.049060543
10/11/2001,0.021890547
10/15/2001,0.010710808
10/16/2001,-0.01734104
10/17/2001,0.005882353
10/18/2001,-0.010721248
10/19/2001,0.01182266
10/22/2001,-0.006815969
10/23/2001,-0.002941176
10/24/2001,0.009832842
10/25/2001,-0.005842259
10/26/2001,0.028403526
10/29/2001,0.003809524
10/30/2001,-0.022770398
10/31/2001,0.004854369
11/1/2001,0.030917874
11/5/2001,0.039362699
11/6/2001,0.064021641
11/7/2001,0.01779661
11/8/2001,-0.076602831
11/9/2001,0
11/12/2001,0.010820559
11/13/2001,0.020517395
11/14/2001,-0.013986014
11/16/2001,0.033687943
11/19/2001,0.000857633
11/20/2001,-0.003427592
11/21/2001,-0.006018917
11/22/2001,0.001730104
11/23/2001,0.018998273
11/26/2001,0.039830508
11/27/2001,0.002444988
11/28/2001,-0.065853659
11/29/2001,-0.013925152
11/30/2001,0
12/3/2001,0.004413063
12/4/2001,0.007029877
12/5/2001,0.008726003
12/6/2001,0.012975779
12/7/2001,0.004269855
12/10/2001,-0.00255102
12/11/2001,-0.005967604
12/12/2001,0.000857633
12/13/2001,-0.029134533
12/14/2001,-0.008826125
12/17/2001,-0.006233304
12/18/2001,0.008960573
12/19/2001,-0.021314387
12/20/2001,0.012704174
12/21/2001,0.035842294
12/26/2001,-0.012110727
12/27/2001,0.012259194
12/28/2001,-0.028546713
1/2/2002,0.026714159
1/3/2002,0.023417173
1/4/2002,0
1/7/2002,0
1/8/2002,0
1/9/2002,-0.010169492
1/10/2002,-0.005993151
1/11/2002,0.006029285
1/14/2002,-0.028253425
1/15/2002,-0.016740088
1/16/2002,0.014336918
1/17/2002,0.013250883
1/18/2002,-0.012205754
1/21/2002,0.006178288
1/22/2002,0.006140351
1/23/2002,0.001743679
1/24/2002,-0.034812881
1/28/2002,0.010820559
1/29/2002,-0.02765388
1/30/2002,0.006422018
1/31/2002,-0.004557885
2/1/2002,-0.022893773
2/4/2002,0.000937207
2/5/2002,0.002808989
2/6/2002,0.004668534
2/7/2002,0.006505576
2/8/2002,-0.011080332
2/13/2002,0
2/14/2002,0.010270775
2/15/2002,0.019408503
2/18/2002,-0.007252947
2/19/2002,0.007305936
2/20/2002,0.000906618
2/21/2002,0.011775362
2/22/2002,-0.020590868
2/25/2002,-0.032906764
2/26/2002,0.001890359
2/27/2002,0.041509434
2/28/2002,0.023550725
3/1/2002,-0.001769912
3/4/2002,0.010638298
3/5/2002,-0.068421053
3/6/2002,-0.010357815
3/7/2002,-0.013320647
3/8/2002,0.012536162
3/11/2002,-0.017142857
3/12/2002,0.037790698
3/13/2002,-0.000933707
3/14/2002,-0.014018692
3/15/2002,0.018009479
3/18/2002,0.001862197
3/19/2002,0.033457249
3/20/2002,-0.017086331
3/21/2002,-0.006404392
3/22/2002,-0.008287293
3/25/2002,0.016713092
3/26/2002,-0.012785388
3/27/2002,-0.012025902
3/28/2002,0.005617978
4/1/2002,0.024208566
4/2/2002,-0.028181818
4/3/2002,-0.006548176
4/4/2002,0.004708098
4/5/2002,-0.005623243
4/8/2002,-0.007540057
4/9/2002,0.009496676
4/10/2002,0.022577611
4/11/2002,0.016559338
4/12/2002,0.042533937
4/15/2002,-0.005208333
4/16/2002,-0.003490401
4/17/2002,-0.000875657
4/18/2002,0.007011394
4/19/2002,-0.020887728
4/22/2002,0.007111111
4/23/2002,0
4/24/2002,0.001765225
4/25/2002,0.006167401
4/26/2002,-0.001751313
4/29/2002,0.007894737
4/30/2002,0.006092254
5/2/2002,0.006055363
5/3/2002,-0.006018917
5/6/2002,0
5/7/2002,0.006055363
5/8/2002,0.008598452
5/9/2002,-0.017902813
5/10/2002,-0.016493056
5/13/2002,0.016769638
5/14/2002,0.013888889
5/15/2002,-0.022260274
5/16/2002,-0.022767075
5/17/2002,0.006272401
5/20/2002,-0.001780944
5/21/2002,-0.004460303
5/22/2002,0.008064516
5/23/2002,-0.003555556
5/24/2002,0.015165031
5/27/2002,-0.008787346
5/28/2002,0.004432624
5/29/2002,-0.002647838
5/31/2002,-0.020353982
6/3/2002,0.014453478
6/4/2002,0.013357079
6/5/2002,-0.000878735
6/6/2002,-0.021987687
6/7/2002,-0.004496403
6/10/2002,0.01897019
6/11/2002,-0.012411348
6/12/2002,-0.019748654
6/13/2002,-0.015567766
6/14/2002,-0.020465116
6/17/2002,-0.002849003
6/18/2002,-0.004761905
6/19/2002,-0.038277512
6/20/2002,-0.065671642
6/21/2002,0.012779553
6/24/2002,0.047318612
6/25/2002,0.042168675
6/26/2002,-0.003853565
6/27/2002,-0.011605416
6/28/2002,0.010763209
7/1/2002,-0.003872217
7/2/2002,0.008746356
7/3/2002,-0.003853565
7/4/2002,0.001934236
7/5/2002,-0.008687259
7/8/2002,0.041869523
7/10/2002,0.014018692
7/11/2002,-0.032258065
7/12/2002,0.002857143
7/15/2002,-0.012345679
7/16/2002,0.007692308
7/17/2002,0.004770992
7/18/2002,0.008547009
7/19/2002,-0.013182674
7/22/2002,-0.029580153
7/23/2002,-0.018682399
7/24/2002,0.024048096
7/25/2002,-0.018590998
7/26/2002,-0.049850449
7/29/2002,-0.009443861
7/30/2002,-0.022245763
7/31/2002,0.079089924
8/1/2002,-0.010040161
8/2/2002,0.00811359
8/5/2002,-0.012072435
8/6/2002,-0.019348269
8/7/2002,0
8/8/2002,0.066458982
8/9/2002,0.022395326
8/12/2002,0.013333333
8/13/2002,0.002819549
8/14/2002,0
8/15/2002,-0.044048735
8/16/2002,0.010784314
8/19/2002,0.009699321
8/20/2002,-0.00192123
8/21/2002,-0.013474495
8/22/2002,-0.006829268
8/23/2002,-0.007858546
8/26/2002,0.045544554
8/27/2002,0.012310606
8/28/2002,-0.024321796
8/29/2002,-0.018216683
8/30/2002,-0.018554688
9/2/2002,0.002985075
9/3/2002,0.000992063
9/4/2002,0.012884044
9/5/2002,-0.025440313
9/6/2002,0.002008032
9/9/2002,0.012024048
9/10/2002,-0.001980198
9/11/2002,0.020833333
9/12/2002,0.001943635
9/13/2002,-0.010669253
9/16/2002,-0.005882353
9/17/2002,0.000986193
9/18/2002,-0.02955665
9/19/2002,-0.024365482
9/20/2002,0.042663892
9/23/2002,-0.003992016
9/24/2002,-0.004008016
9/25/2002,0.021126761
9/26/2002,0.013793103
9/27/2002,0.004859086
9/30/2002,-0.042553191
10/1/2002,0.03030303
10/2/2002,-0.012745098
10/3/2002,0.028798411
10/4/2002,-0.001930502
10/7/2002,-0.012572534
10/8/2002,0.007835455
10/9/2002,-0.016520894
10/10/2002,0.028656126
10/11/2002,0.020172911
10/14/2002,-0.032956685
10/15/2002,-0.004868549
10/16/2002,-0.029354207
10/17/2002,0.070564516
10/18/2002,-0.004708098
10/21/2002,-0.015137181
10/22/2002,0
10/23/2002,0.051873199
10/24/2002,0.055707763
10/25/2002,0.038927336
10/28/2002,-0.027477102
10/29/2002,-0.010273973
10/30/2002,0.057093426
10/31/2002,0.029459902
11/1/2002,0.005564388
11/4/2002,-0.053754941
11/5/2002,0.009189641
11/6/2002,-0.013245033
11/7/2002,0.023489933
11/8/2002,-0.012295082
11/11/2002,0.028215768
11/12/2002,-0.00968523
11/13/2002,-0.001629992
11/14/2002,0.011428571
11/18/2002,0.017756255
11/19/2002,-0.042030135
11/20/2002,0
11/21/2002,0.034768212
11/22/2002,0.0064
11/25/2002,0.031796502
11/26/2002,-0.014637904
11/27/2002,0.000781861
11/28/2002,-0.0046875
11/29/2002,0.018838305
12/2/2002,-0.014637904
12/3/2002,-0.025801407
12/4/2002,-0.004012841
12/5/2002,0.004029009
12/6/2002,0.004012841
12/9/2002,0
12/10/2002,0.006394884
12/11/2002,0.010325655
12/12/2002,0.014937107
12/13/2002,-0.00464756
12/16/2002,-0.008560311
12/17/2002,0.017268446
12/18/2002,-0.016975309
12/19/2002,-0.026687598
12/20/2002,0.022580645
12/23/2002,-0.002365931
12/26/2002,0.003952569
12/27/2002,-0.007874016
12/30/2002,0.011111111
1/2/2003,0.010204082
1/3/2003,-0.006216006
1/6/2003,-0.010946052
1/7/2003,-0.031620553
1/8/2003,0.009795918
1/9/2003,0.03799515
1/10/2003,-0.028037383
1/13/2003,-0.017628205
1/14/2003,-0.010603589
1/15/2003,0.011541632
1/16/2003,-0.018744906
1/17/2003,-0.016611296
1/20/2003,0.024493243
1/21/2003,-0.032976092
1/22/2003,-0.040068201
1/23/2003,-0.007104796
1/24/2003,0.008944544
1/27/2003,0
1/28/2003,0.008865248
1/29/2003,0.035149385
1/30/2003,-0.016129032
1/31/2003,0.028472821
2/3/2003,0.001677852
2/4/2003,-0.010887772
2/5/2003,0.00508044
2/6/2003,-0.0126369
2/7/2003,-0.017064846
2/10/2003,-0.016493056
2/11/2003,0
2/12/2003,-0.001765225
2/13/2003,0.01061008
2/14/2003,0.005249344
2/17/2003,-0.006092254
2/18/2003,0.033274956
2/19/2003,0.01440678
2/20/2003,0.015037594
2/21/2003,0
2/24/2003,-0.021399177
2/25/2003,-0.0058873
2/26/2003,0.002538071
2/27/2003,0
2/28/2003,0
3/5/2003,-0.021940928
3/6/2003,0.018119068
3/7/2003,-0.012711864
3/10/2003,-0.000858369
3/11/2003,0.000859107
3/12/2003,0.001716738
3/13/2003,0.043701799
3/14/2003,0.042692939
3/17/2003,0.012598425
3/18/2003,0.020217729
3/19/2003,-0.025914634
3/20/2003,0.00312989
3/21/2003,0.034321373
3/24/2003,-0.022624434
3/25/2003,0.006944444
3/26/2003,-0.005363985
3/27/2003,0.005392912
3/28/2003,0.014559387
3/31/2003,0.001510574
4/1/2003,0.019607843
4/2/2003,0.019230769
4/3/2003,-0.000725689
4/4/2003,-0.009440813
4/7/2003,-0.015395894
4/8/2003,-0.023082651
4/9/2003,0.003810976
4/10/2003,0
4/11/2003,-0.001518603
4/14/2003,-0.001520913
4/15/2003,-0.011424219
4/16/2003,-0.012326656
4/17/2003,0.011700468
4/22/2003,0.01387818
4/23/2003,0.015969582
4/24/2003,-0.005239521
4/25/2003,0.012039127
4/28/2003,0.014126394
4/29/2003,0.007331378
4/30/2003,0.001455604
5/2/2003,0.030523256
5/5/2003,0.009167842
5/6/2003,-0.004192872
5/7/2003,0.007017544
5/8/2003,-0.001393728
5/9/2003,0.009769714
5/12/2003,-0.020041465
5/13/2003,0.010578279
5/14/2003,-0.013258897
5/15/2003,0.018387553
5/16/2003,-0.004861111
5/19/2003,-0.020237264
5/20/2003,-0.011396011
5/21/2003,0.020172911
5/22/2003,0.008474576
5/23/2003,0.006302521
5/26/2003,0.002087683
5/27/2003,-0.004861111
5/28/2003,0.00628053
5/29/2003,-0.018030513
5/30/2003,-0.011299435
6/2/2003,-0.018571429
6/3/2003,0.008005822
6/4/2003,0.020938628
6/5/2003,-0.015558699
6/6/2003,0.012212644
6/9/2003,-0.011355571
6/10/2003,0.011486001
6/11/2003,-0.01987225
6/12/2003,0.025343954
6/13/2003,-0.018361582
6/16/2003,0.018705036
6/17/2003,0
6/18/2003,-0.009887006
6/20/2003,-0.007132668
6/23/2003,0
6/24/2003,0
6/25/2003,0
6/26/2003,-0.007902299
6/27/2003,-0.003620565
6/30/2003,-0.005087209
7/1/2003,0.018991965
7/2/2003,0.003584229
7/3/2003,-0.003571429
7/4/2003,0.013620072
7/7/2003,-0.002121641
7/8/2003,0.003543586
7/10/2003,-0.001412429
7/11/2003,0.001414427
7/14/2003,0.002824859
7/15/2003,0.003521127
7/16/2003,-0.019649123
7/17/2003,-0.008589835
7/18/2003,0.005054152
7/21/2003,0.017241379
7/22/2003,0
7/23/2003,0
7/24/2003,-0.009887006
7/25/2003,0.001426534
7/28/2003,0
7/29/2003,-0.014957265
7/30/2003,0.015184382
7/31/2003,-0.002849003
8/1/2003,-0.025714286
8/4/2003,-0.025659824
8/5/2003,0.042136945
8/6/2003,0.00866426
8/7/2003,0.004294918
8/8/2003,0.000712758
8/11/2003,-0.016381766
8/12/2003,0.00724113
8/13/2003,-0.019410496
8/14/2003,0.002932551
8/15/2003,0.010964912
8/18/2003,0.010122921
8/19/2003,0.003579098
8/20/2003,-0.003566334
8/21/2003,0.032211883
8/22/2003,0.001386963
8/25/2003,-0.011080332
8/26/2003,-0.012605042
8/27/2003,0.029078014
8/28/2003,0.026188835
8/29/2003,0.038280725
9/1/2003,0.038163001
9/2/2003,-0.00623053
9/3/2003,0.010658307
9/4/2003,0.027915633
9/5/2003,0.001207001
9/8/2003,-0.015672092
9/9/2003,-0.04898959
9/10/2003,0.00901481
9/11/2003,0.004467135
9/12/2003,-0.005717916
9/15/2003,-0.021086262
9/16/2003,0
9/17/2003,-0.012402089
9/18/2003,0.025115664
9/19/2003,-0.005157963
9/22/2003,-0.013609851
9/23/2003,-0.007884363
9/24/2003,-0.02781457
9/25/2003,-0.022479564
9/26/2003,0.029268293
9/29/2003,0.015572106
9/30/2003,-0.000666667
10/1/2003,0.028685791
10/2/2003,0.010376135
10/3/2003,-0.048780488
10/6/2003,0.031039136
10/7/2003,-0.005235602
10/8/2003,0.007894737
10/9/2003,-0.006527415
10/10/2003,-0.007884363
10/13/2003,0.01589404
10/14/2003,-0.005867014
10/15/2003,-0.015081967
10/16/2003,-0.004660453
10/17/2003,-0.015384615
10/20/2003,0.006793478
10/21/2003,0.010796221
10/22/2003,0.005340454
10/23/2003,-0.006640106
10/24/2003,0.006684492
10/27/2003,0.002656042
10/28/2003,0.011258278
10/29/2003,-0.024885396
10/30/2003,-0.012760242
10/31/2003,-0.015646259
11/3/2003,0.013130615
11/4/2003,0.01568895
11/5/2003,-0.0322364
11/6/2003,-0.017349063
11/7/2003,0.030367232
11/10/2003,0.01439342
11/11/2003,0.009459459
11/12/2003,0.02476573
11/13/2003,0.022207707
11/14/2003,0.010223642
11/17/2003,-0.018975332
11/18/2003,-0.001934236
11/19/2003,0.003229974
11/20/2003,0.0257566
11/21/2003,0.02259887
11/24/2003,0.006138735
11/25/2003,0
11/26/2003,0.000610128
11/27/2003,0.006707317
11/28/2003,-0.007874016
12/1/2003,-0.006105006
12/2/2003,-0.005528256
12/3/2003,-0.004323657
12/4/2003,-0.0117866
12/5/2003,0.013182674
12/8/2003,-0.020446097
12/9/2003,0.01201771
12/10/2003,-0.011875
12/11/2003,-0.001265022
12/12/2003,-0.006333122
12/15/2003,0.010197578
12/16/2003,-0.018927445
12/17/2003,0.004501608
12/18/2003,0.037772087
12/19/2003,0.019123998
12/22/2003,0.018765133
12/23/2003,0.019607843
12/26/2003,-0.008741259
12/29/2003,0.009994121
12/30/2003,0.015133877
1/2/2004,0.012041284
1/5/2004,0.024362606
1/6/2004,-0.001106195
1/7/2004,0.00110742
1/8/2004,-0.012168142
1/9/2004,-0.005039194
1/12/2004,0.009566685
1/13/2004,0.008918618
1/14/2004,-0.019337017
1/15/2004,-0.028169014
1/16/2004,-0.023188406
1/19/2004,0.012462908
1/20/2004,0.022860492
1/21/2004,-0.01260745
1/22/2004,0.005223447
1/23/2004,0.032909931
1/26/2004,0.009502515
1/27/2004,-0.004429679
1/28/2004,-0.040600667
1/29/2004,-0.030144928
1/30/2004,-0.006575015
2/2/2004,0.002406739
2/3/2004,0.006002401
2/4/2004,-0.005966587
2/5/2004,-0.004201681
2/6/2004,0.010247137
2/9/2004,0
2/10/2004,0.011336516
2/11/2004,0.017699115
2/12/2004,0.013913043
2/13/2004,-0.024585477
2/16/2004,0.003516999
2/17/2004,-0.003504673
2/18/2004,0.00996483
2/19/2004,-0.024956471
2/20/2004,-0.00297619
2/25/2004,0.024477612
2/26/2004,0.018065268
2/27/2004,0.052661706
3/1/2004,0.046220772
3/2/2004,-0.065488565
3/3/2004,-0.149610679
3/4/2004,-0.035317201
3/5/2004,-0.035254237
3/8/2004,-0.004919185
3/9/2004,-0.066384181
3/10/2004,-0.02193646
3/11/2004,-0.003093581
3/12/2004,0.005430566
3/15/2004,-0.053240741
3/16/2004,0.040749796
3/17/2004,0.050117463
3/18/2004,-0.030574198
3/19/2004,0.000769231
3/22/2004,0.005380477
3/23/2004,0.001529052
3/24/2004,0.017557252
3/25/2004,0.012753188
3/26/2004,0.019259259
3/29/2004,-0.01744186
3/30/2004,0.003698225
3/31/2004,0.012527634
4/1/2004,-0.018922853
4/2/2004,0.004451039
4/5/2004,-0.015509601
4/6/2004,-0.011252813
4/7/2004,-0.03262519
4/8/2004,0.000784314
4/12/2004,-0.012539185
4/13/2004,-0.012698413
4/14/2004,-0.008038585
4/15/2004,0.004051864
4/16/2004,0.00322841
4/19/2004,0.005631537
4/20/2004,-0.0128
4/22/2004,0.017828201
4/23/2004,-0.005573248
4/26/2004,-0.012009608
4/27/2004,0.059967585
4/28/2004,-0.00382263
4/29/2004,-0.018419033
4/30/2004,-0.006254887
5/3/2004,0.025963808
5/4/2004,0.019171779
5/5/2004,-0.023325809
5/6/2004,0.010785824
5/7/2004,0.010670732
5/10/2004,-0.07239819
5/11/2004,0.055284553
5/12/2004,0.010785824
5/13/2004,-0.00152439
5/14/2004,-0.018320611
5/17/2004,-0.027993779
5/18/2004,-0.0032
5/19/2004,-0.005617978
5/20/2004,-0.00968523
5/21/2004,-0.011409943
5/24/2004,0.019785655
5/25/2004,0.050929669
5/26/2004,0.033076923
5/27/2004,0.014147431
5/28/2004,0.019089574
5/31/2004,-0.002161383
6/1/2004,0.013718412
6/2/2004,0.012108262
6/3/2004,-0.002111189
6/4/2004,0.002115656
6/7/2004,-0.006333568
6/8/2004,0.002832861
6/9/2004,0.000706215
6/11/2004,-0.000705716
6/14/2004,-0.001412429
6/15/2004,0.001414427
6/16/2004,0
6/17/2004,0
6/18/2004,0.01200565
6/21/2004,-0.00837404
6/22/2004,-0.004926108
6/23/2004,0.021216407
6/24/2004,-0.011080332
6/25/2004,0.014705882
6/28/2004,-0.004830918
6/29/2004,0.002773925
6/30/2004,0.005532503
7/1/2004,0.00343879
7/2/2004,-0.004797807
7/5/2004,-0.006887052
7/6/2004,-0.006934813
7/7/2004,0.055167598
7/8/2004,0.003309067
7/12/2004,0.023087071
7/13/2004,-0.004513217
7/14/2004,-0.003238342
7/15/2004,0.004548408
7/16/2004,0
7/19/2004,-0.009055627
7/20/2004,0.004569191
7/21/2004,-0.02014295
7/22/2004,-0.013925729
7/23/2004,-0.017484869
7/26/2004,0.009582478
7/27/2004,-0.01559322
7/28/2004,0.017217631
7/29/2004,-0.006093433
7/30/2004,0.009536785
8/2/2004,0
8/3/2004,-0.010796221
8/4/2004,-0.004092769
8/5/2004,-0.021917808
8/6/2004,0.019607843
8/9/2004,-0.002747253
8/10/2004,0.03030303
8/11/2004,0.00802139
8/12/2004,0.028514589
8/13/2004,0.000644745
8/16/2004,0.012886598
8/17/2004,-0.011450382
8/18/2004,0.003861004
8/19/2004,0.013461538
8/20/2004,-0.0056926
8/23/2004,-0.006361323
8/24/2004,-0.034571063
8/25/2004,0.00928382
8/26/2004,-0.018396846
8/27/2004,-0.002008032
8/30/2004,0.007377599
8/31/2004,0.002663116
9/1/2004,-0.006640106
9/2/2004,-0.001336898
9/3/2004,-0.012717537
9/6/2004,0.005423729
9/8/2004,-0.01146325
9/9/2004,-0.012960437
9/10/2004,-0.002073255
9/13/2004,0.020083102
9/14/2004,-0.006788866
9/15/2004,-0.00683527
9/16/2004,0.01651755
9/17/2004,0.010155721
9/20/2004,0.012734584
9/21/2004,-0.005294507
9/22/2004,-0.018629408
9/23/2004,0.009491525
9/24/2004,0.008730692
9/27/2004,-0.001997337
9/28/2004,0.022014676
9/29/2004,-0.015665796
9/30/2004,0.012599469
10/1/2004,0.00589391
10/4/2004,-0.007161458
10/5/2004,0.005901639
10/6/2004,0
10/7/2004,0.014993481
10/8/2004,0.017983301
10/11/2004,0.011987382
10/13/2004,0.006234414
10/14/2004,-0.008674102
10/15/2004,0.011875
10/18/2004,-0.00123533
10/19/2004,-0.01546073
10/20/2004,0.005653266
10/21/2004,-0.00062461
10/22/2004,0
10/25/2004,0.004375
10/26/2004,0.001244555
10/27/2004,0.008079553
10/28/2004,0.01541307
10/29/2004,0.022465088
11/1/2004,-0.000593824
11/3/2004,-0.002970885
11/4/2004,-0.016090584
11/5/2004,-0.006662629
11/8/2004,-0.021341463
11/9/2004,0.007476636
11/10/2004,0.002473717
11/11/2004,-0.012954966
11/12/2004,0.004375
11/16/2004,-0.003733665
11/17/2004,0.017489069
11/18/2004,-0.014732965
11/19/2004,-0.003115265
11/22/2004,0.010625
11/23/2004,-0.005565863
11/24/2004,0.01119403
11/25/2004,0.004305043
11/26/2004,0.022045315
11/29/2004,-0.006590773
11/30/2004,0.000603136
12/1/2004,0.006027728
12/2/2004,0.005392451
12/3/2004,0.005959476
12/6/2004,0.048578199
12/7/2004,-0.006779661
12/8/2004,0.001137656
12/9/2004,-0.014204545
12/10/2004,0.010951009
12/13/2004,0.003990878
12/14/2004,0.024985804
12/15/2004,-0.008310249
12/16/2004,0.003351955
12/17/2004,-0.021158129
12/20/2004,-0.013083049
12/21/2004,0.014985591
12/22/2004,-0.016467916
12/23/2004,-0.001154734
12/27/2004,-0.002890173
12/28/2004,0.019130435
12/29/2004,0.002844141
12/30/2004,-0.00907544
1/3/2005,0.034917001
1/4/2005,-0.015486726
1/5/2005,-0.00505618
1/6/2005,-0.000564653
1/7/2005,-0.006779661
1/10/2005,-0.013083049
1/11/2005,-0.012103746
1/12/2005,0.002333722
1/13/2005,-0.00523865
1/14/2005,0.022235225
1/17/2005,-0.024613623
1/18/2005,-0.038732394
1/19/2005,-0.012820513
1/20/2005,-0.036487322
1/21/2005,0.024390244
1/24/2005,0.005639098
1/26/2005,-0.005607477
1/27/2005,-0.031328321
1/28/2005,0.012936611
1/31/2005,0.008301405
2/1/2005,-0.001266624
2/2/2005,-0.001902346
2/3/2005,-0.002541296
2/4/2005,0.052229299
2/9/2005,0.03874092
2/10/2005,0.002913753
2/11/2005,0.004067403
2/14/2005,0.016203704
2/15/2005,0.019362187
2/16/2005,-0.015083799
2/17/2005,0.003970505
2/18/2005,0.003954802
2/21/2005,0
2/22/2005,0.006752954
2/23/2005,0.006148686
2/24/2005,0.048888889
2/25/2005,0.00529661
2/28/2005,-0.046364594
3/1/2005,0.049723757
3/2/2005,-0.022105263
3/3/2005,0.016146394
3/4/2005,0.003707627
3/7/2005,0.022691293
3/8/2005,0.004643963
3/9/2005,-0.024139702
3/10/2005,-0.014736842
3/11/2005,0.008547009
3/14/2005,-0.003707627
3/15/2005,-0.016480595
3/16/2005,0.002702703
3/17/2005,-0.00754717
3/18/2005,-0.006518197
3/21/2005,-0.006560962
3/22/2005,-0.002201431
3/23/2005,-0.023717595
3/24/2005,0.016384181
3/28/2005,0.001111729
3/29/2005,-0.023875625
3/30/2005,0.021615472
3/31/2005,0.0155902
4/1/2005,-0.029605263
4/4/2005,-0.001129944
4/5/2005,-0.002828054
4/6/2005,-0.010777085
4/7/2005,0.002866972
4/8/2005,-0.020011435
4/11/2005,0
4/12/2005,-0.008168028
4/13/2005,0.001176471
4/14/2005,-0.021151586
4/15/2005,-0.008403361
4/18/2005,0
4/19/2005,0.001815981
4/20/2005,-0.010876133
4/22/2005,-0.004886988
4/25/2005,0.024554942
4/26/2005,0.009586579
4/27/2005,-0.007121662
4/28/2005,-0.013747759
4/29/2005,0.008484848
5/2/2005,-0.010216346
5/3/2005,0.003035823
5/4/2005,0.017554479
5/5/2005,-0.017251636
5/6/2005,0.004237288
5/9/2005,0.001808318
5/10/2005,0.005415162
5/11/2005,-0.011370437
5/12/2005,-0.005447942
5/13/2005,0.012781497
5/16/2005,0.014423077
5/17/2005,-0.007109005
5/18/2005,0.020883055
5/19/2005,-0.001168907
5/20/2005,0.001755413
5/23/2005,-0.004672897
5/24/2005,-0.00528169
5/25/2005,0.008259587
5/27/2005,-0.001755413
5/30/2005,0.000586166
5/31/2005,-0.004100762
6/1/2005,0.061176471
6/2/2005,0.012195122
6/3/2005,0.009857612
6/6/2005,-0.014099783
6/7/2005,-0.0110011
6/8/2005,0.00945495
6/9/2005,0.019834711
6/10/2005,0.008103728
6/13/2005,0.016613076
6/14/2005,0.035846073
6/15/2005,0.029516539
6/16/2005,0.032624815
6/17/2005,-0.033987554
6/20/2005,0.002477701
6/21/2005,-0.004943154
6/22/2005,0.006458023
6/23/2005,0.008390918
6/24/2005,-0.020558003
6/27/2005,0.014992504
6/28/2005,-0.015263417
6/29/2005,0.0075
6/30/2005,-0.013399504
7/1/2005,0.024647887
7/4/2005,-0.009327442
7/5/2005,0.005450942
7/6/2005,-0.001478561
7/7/2005,0.01727542
7/8/2005,-0.010189229
7/11/2005,0.001470588
7/12/2005,0.004405286
7/13/2005,-0.012670565
7/14/2005,0.010858835
7/15/2005,-0.013671875
7/18/2005,-0.002475248
7/19/2005,0.007940447
7/20/2005,-0.005416051
7/21/2005,0.012376238
7/22/2005,0.001466993
7/25/2005,-0.017578125
7/26/2005,0.00944334
7/27/2005,0.004431315
7/28/2005,0.023529412
7/29/2005,-0.01532567
8/1/2005,0.009727626
8/2/2005,0.002408478
8/3/2005,0.006727535
8/4/2005,-0.005250597
8/5/2005,-0.001439539
8/8/2005,-0.015857761
8/9/2005,0.024414063
8/10/2005,0
8/11/2005,0.005243089
8/12/2005,0.005215742
8/15/2005,-0.012735849
8/16/2005,0.012900143
8/17/2005,0.014622642
8/18/2005,-0.012087401
8/19/2005,-0.003764706
8/22/2005,0.0014171
8/23/2005,-0.005188679
8/24/2005,0
8/25/2005,0.001422475
8/26/2005,0.005208333
8/29/2005,-0.0089496
8/30/2005,-0.01473384
8/31/2005,0.015918958
9/1/2005,0.011870845
9/2/2005,0.007977475
9/5/2005,0.015363128
9/6/2005,0.024300779
9/8/2005,0.023724261
9/9/2005,-0.002623524
9/12/2005,0.01359053
9/13/2005,-0.013408304
9/14/2005,0.002630425
9/15/2005,-0.003060778
9/16/2005,-0.003070175
9/19/2005,-0.003519578
9/20/2005,0.003532009
9/21/2005,0.007479103
9/22/2005,-0.011790393
9/23/2005,0.000441891
9/26/2005,-0.000883392
9/27/2005,0.004862953
9/28/2005,0.015398152
9/29/2005,-0.010398614
9/30/2005,0.014448336
10/3/2005,0.03021148
10/4/2005,0.004608295
10/5/2005,-0.045037531
10/6/2005,-0.017030568
10/7/2005,0.020879609
10/10/2005,-0.00870322
10/11/2005,-0.001316945
10/13/2005,-0.018021978
10/14/2005,-0.024619517
10/17/2005,0.012391005
10/18/2005,-0.032638259
10/19/2005,-0.011715089
10/20/2005,-0.013276434
10/21/2005,0.045651129
10/24/2005,0.008731618
10/25/2005,0.007744875
10/26/2005,0.002260398
10/27/2005,-0.00360848
10/28/2005,-0.010411951
10/31/2005,0.019670631
11/1/2005,0.009869897
11/3/2005,0.002221235
11/4/2005,-0.01462766
11/7/2005,0.011246064
11/8/2005,0.005338078
11/9/2005,-0.005752212
11/10/2005,0.008900757
11/11/2005,-0.000882223
11/14/2005,-0.000441501
11/16/2005,0.010159011
11/17/2005,0.008307827
11/18/2005,0.004770165
11/21/2005,0.001294778
11/22/2005,0.005603448
11/23/2005,0.01928847
11/24/2005,-0.003364172
11/25/2005,0.006329114
11/28/2005,-0.009643606
11/29/2005,0.00677392
11/30/2005,0.007148865
12/1/2005,0.035908142
12/2/2005,-0.006852076
12/5/2005,-0.008928571
12/6/2005,-0.016380016
12/7/2005,-0.027060783
12/8/2005,-0.001283697
12/9/2005,0.017994859
12/12/2005,0.00462963
12/13/2005,0.005865103
12/14/2005,0.007913369
12/15/2005,-0.007438017
12/16/2005,0.004995837
12/19/2005,-0.011184756
12/20/2005,0.019689987
12/21/2005,0.018077239
12/22/2005,-0.008878128
12/23/2005,0.004478827
12/26/2005,-0.012160519
12/27/2005,0.027082478
12/28/2005,-0.001997603
12/29/2005,-0.002401922
1/2/2006,0.002407705
1/3/2006,-0.005604484
1/4/2006,0.017713366
1/5/2006,0.014240506
1/6/2006,0.01326053
1/9/2006,-0.009622787
1/10/2006,0.000777303
1/11/2006,0.018640777
1/12/2006,0.003049943
1/13/2006,-0.003040669
1/16/2006,0
1/17/2006,-0.012962257
1/18/2006,-0.011201236
1/19/2006,0.022265625
1/20/2006,-0.026366068
1/23/2006,-0.017660911
1/24/2006,0.014382741
1/26/2006,0.004332414
1/27/2006,0.004705882
1/30/2006,-0.014051522
1/31/2006,-0.000395883
2/1/2006,0.003960396
2/2/2006,-0.028796844
2/3/2006,-0.030463038
2/6/2006,0.023041475
2/7/2006,-0.013513514
2/8/2006,0.0124533
2/9/2006,0.012710127
2/10/2006,0.01659919
2/13/2006,-0.018717642
2/14/2006,0.008116883
2/15/2006,0.020531401
2/16/2006,-0.000394477
2/17/2006,0.015390687
2/20/2006,0.004275165
2/21/2006,0.004256966
2/22/2006,0.000385356
2/23/2006,-0.025038521
2/24/2006,-0.011853023
3/1/2006,0.007596961
3/2/2006,-0.003174603
3/3/2006,0.010748408
3/6/2006,0.004332414
3/7/2006,-0.014117647
3/8/2006,0
3/9/2006,-0.007557677
3/10/2006,0.006813627
3/13/2006,-0.016719745
3/14/2006,0.00242915
3/15/2006,0.052504039
3/16/2006,0.00115119
3/17/2006,-0.010732081
3/20/2006,0
3/21/2006,-0.02363425
3/22/2006,0.007539683
3/23/2006,-0.007483261
3/24/2006,-0.011111111
3/27/2006,0.023675762
3/28/2006,-0.031752254
3/29/2006,0.044939271
3/30/2006,-0.007361488
3/31/2006,0.008587041
4/3/2006,0.035216718
4/4/2006,0.022056075
4/5/2006,-0.006217996
4/6/2006,0.006256901
4/7/2006,-0.005120702
4/10/2006,-0.00625
4/11/2006,-0.024417314
4/12/2006,-0.002275313
4/13/2006,0.002280502
4/17/2006,0.020857035
4/18/2006,0.015601783
4/19/2006,0.012070227
4/20/2006,0.011203469
4/24/2006,-0.003216583
4/25/2006,0.007888132
4/26/2006,0.001067236
4/27/2006,-0.040511727
4/28/2006,-0.013333333
5/2/2006,0.021021021
5/3/2006,-0.004044118
5/4/2006,0.00073828
5/5/2006,0.007377352
5/8/2006,0.017209813
5/9/2006,0.002159827
5/10/2006,-0.003951149
5/11/2006,-0.016227912
5/12/2006,0.002199413
5/15/2006,-0.035479151
5/16/2006,0.004929845
5/17/2006,-0.031320755
5/18/2006,0.012076354
5/19/2006,0.009622787
5/22/2006,-0.030880671
5/23/2006,0.040519276
5/24/2006,-0.015879017
5/25/2006,0.039569727
5/26/2006,-0.014412417
5/29/2006,-0.016497938
5/30/2006,-0.0320244
5/31/2006,0.016541946
6/1/2006,0.034482759
6/2/2006,0.021348315
6/5/2006,-0.0330033
6/6/2006,-0.028441411
6/7/2006,-0.008977361
6/8/2006,-0.01614809
6/9/2006,-0.020016013
6/12/2006,-0.036356209
6/13/2006,-0.051292921
6/14/2006,-0.003127793
6/16/2006,0.032720753
6/19/2006,0.005642361
6/20/2006,0.013810962
6/21/2006,0.013622818
6/22/2006,0.002939941
6/23/2006,-0.013400335
6/26/2006,-0.006791171
6/27/2006,-0.003846154
6/28/2006,0.016731017
6/29/2006,0.042194093
6/30/2006,0.011336032
7/3/2006,0.044435548
7/4/2006,0.003066309
7/5/2006,-0.024455483
7/6/2006,-0.014101058
7/7/2006,0.003575685
7/10/2006,-0.016627078
7/11/2006,0.005636071
7/12/2006,-0.016813451
7/13/2006,0.003257329
7/14/2006,-0.022321429
7/17/2006,-0.00705687
7/18/2006,0.001254181
7/19/2006,0.023382046
7/20/2006,-0.012647899
7/21/2006,-0.001239669
7/24/2006,0.017376914
7/25/2006,0.013420089
7/26/2006,-0.01364366
7/27/2006,-0.007323027
7/28/2006,0.004508197
7/31/2006,-0.013871889
8/1/2006,0.004551096
8/2/2006,0.021828666
8/3/2006,0.00120919
8/4/2006,0.005636071
8/7/2006,-0.018014412
8/8/2006,0.004484305
8/9/2006,0.005681818
8/10/2006,-0.005649718
8/11/2006,-0.003246753
8/14/2006,-0.002035831
8/15/2006,0.02243982
8/16/2006,0.009976057
8/17/2006,0.024101146
8/18/2006,-0.006558642
8/21/2006,0.009708738
8/22/2006,-0.008846154
8/23/2006,-0.009313155
8/24/2006,0.005092049
8/25/2006,0.011301637
8/28/2006,0.012716763
8/29/2006,0.017123288
8/30/2006,-0.007856341
8/31/2006,0.007918552
9/1/2006,0.018705574
9/4/2006,-0.011384502
9/5/2006,0.001485884
9/6/2006,-0.020771513
9/8/2006,0.006060606
9/11/2006,-0.004141566
9/12/2006,0.00415879
9/13/2006,0.011671687
9/14/2006,0.001860811
9/15/2006,0
9/18/2006,0.007057949
9/19/2006,-0.002950941
9/20/2006,0
9/21/2006,-0.034776175
9/22/2006,0.031812955
9/25/2006,0.007057949
9/26/2006,0.012541498
9/27/2006,-0.009107468
9/28/2006,0.010294118
9/29/2006,-0.005094614
10/2/2006,0.005852231
10/3/2006,0.005090909
10/4/2006,0.002170767
10/5/2006,0.002527076
10/6/2006,-0.002520706
10/9/2006,-0.001083032
10/10/2006,0.003975425
10/11/2006,-0.012958963
10/13/2006,0.012035011
10/16/2006,-0.012972973
10/17/2006,-0.004381161
10/18/2006,-0.004767143
10/19/2006,-0.002947679
10/20/2006,-0.024759793
10/23/2006,0.014778325
10/24/2006,-0.015309933
10/25/2006,-0.018202503
10/26/2006,-0.010428737
10/27/2006,-0.008587041
10/30/2006,-0.000787402
10/31/2006,0.027974783
11/1/2006,0.018014565
11/3/2006,-0.006400602
11/6/2006,0.004168246
11/7/2006,0.02
11/8/2006,-0.005919349
11/9/2006,-0.00334946
11/10/2006,0.025018671
11/13/2006,0.001092896
11/14/2006,0.020014556
11/16/2006,0.014983946
11/17/2006,-0.011950791
11/21/2006,-0.014585557
11/22/2006,0.00866426
11/23/2006,0.012884753
11/24/2006,-0.001766784
11/27/2006,-0.024778761
11/28/2006,-0.004718693
11/29/2006,0.012035011
11/30/2006,-0.00036036
12/1/2006,-0.006488825
12/4/2006,0.017053701
12/5/2006,0.009989297
12/6/2006,0
12/7/2006,0.004238785
12/8/2006,-0.011255716
12/11/2006,0.017075774
12/12/2006,0.005596362
12/13/2006,0.002782609
12/14/2006,0.005549775
12/15/2006,0.001379786
12/18/2006,0.004822597
12/19/2006,-0.001028454
12/20/2006,0.001029513
12/21/2006,-0.001028454
12/22/2006,0
12/26/2006,-0.00754976
12/27/2006,0.009681881
12/28/2006,0.001712329
1/2/2007,0.003760684
1/3/2007,-0.003065395
1/4/2007,0.000341647
1/5/2007,-0.028346995
1/8/2007,0.016520211
1/9/2007,-0.010027663
1/10/2007,0.003842124
1/11/2007,0.017745303
1/12/2007,0.026666667
1/15/2007,-0.003663004
1/16/2007,-0.001002674
1/17/2007,0.005687521
1/18/2007,-0.004657352
1/19/2007,-0.007687166
1/22/2007,0.019535197
1/23/2007,0.00132144
1/24/2007,0.010887496
1/26/2007,-0.011749347
1/29/2007,-0.02014531
1/30/2007,0.01314459
1/31/2007,0.010645376
2/1/2007,0.003620803
2/2/2007,0.000327976
2/5/2007,0.001967213
2/6/2007,0.001636126
2/7/2007,-0.00522705
2/8/2007,-0.015763547
2/9/2007,0.004671338
2/12/2007,0
2/13/2007,0.011956161
2/14/2007,0.014768625
2/15/2007,0.016170763
2/16/2007,-0.028325907
2/21/2007,-0.020962987
2/22/2007,0.027768484
2/23/2007,-0.010742188
2/26/2007,-0.002632445
2/27/2007,-0.040250742
2/28/2007,-0.017188037
3/1/2007,0.012591815
3/2/2007,-0.012435233
3/5/2007,-0.003147954
3/6/2007,0.051578947
3/7/2007,-0.000667334
3/8/2007,0.003672788
3/9/2007,0.019294744
3/12/2007,0
3/13/2007,-0.01272846
3/14/2007,0.010247934
3/15/2007,-0.014725131
3/16/2007,-0.004649618
3/19/2007,0
3/20/2007,0.009342676
3/21/2007,0.018512397
3/22/2007,-0.011684518
3/23/2007,0.014449918
3/26/2007,0.009064422
3/27/2007,-0.027590632
3/28/2007,-0.000989772
3/29/2007,0.016182299
3/30/2007,0.023724407
4/2/2007,-0.000952381
4/3/2007,0.015888147
4/4/2007,-0.017203628
4/5/2007,0.010502864
4/9/2007,0.013858268
4/10/2007,0.001863933
4/11/2007,-0.006821705
4/12/2007,0.009366219
4/13/2007,0.005258274
4/16/2007,0.013538462
4/17/2007,0.000910747
4/18/2007,0.004549591
4/19/2007,0.003925121
4/20/2007,0.014135338
4/23/2007,0
4/24/2007,0.005041518
4/25/2007,-0.013278253
4/26/2007,-0.004186603
4/27/2007,-0.001801802
4/30/2007,-0.01022864
5/2/2007,0.029483283
5/3/2007,0.033067611
5/4/2007,-0.012860817
5/7/2007,-0.023161552
5/8/2007,0.013930053
5/9/2007,0.03069278
5/10/2007,-0.025808281
5/11/2007,-0.008151383
5/14/2007,-0.003228647
5/15/2007,0.005594817
5/16/2007,0.0284041
5/17/2007,0.020785877
5/18/2007,0.022315202
5/21/2007,0.011459754
5/22/2007,-0.011329916
5/23/2007,-0.010641201
5/24/2007,-0.015995587
5/25/2007,-0.003923767
5/28/2007,0.007878447
5/29/2007,0.007816862
5/30/2007,0.002216066
5/31/2007,0.001658375
6/1/2007,0.033664459
6/4/2007,0
6/5/2007,0.006673785
6/6/2007,-0.006099178
6/8/2007,-0.023479189
6/11/2007,0.034699454
6/12/2007,-0.007921838
6/13/2007,0.025019963
6/14/2007,0.012204622
6/15/2007,0.018727553
6/18/2007,0
6/19/2007,-0.007806598
6/20/2007,-0.036040609
6/21/2007,-0.020273828
6/22/2007,-0.003762429
6/25/2007,-0.011329916
6/26/2007,-0.005184175
6/27/2007,0.010696654
6/28/2007,0
6/29/2007,0.023066486
7/2/2007,-0.013793103
7/3/2007,0.023130715
7/4/2007,0.004994742
7/5/2007,0.002354172
7/6/2007,0.008611691
7/10/2007,-0.008279431
7/11/2007,0.007044091
7/12/2007,0.000518135
7/13/2007,0.005955463
7/16/2007,-0.003088803
7/17/2007,-0.000258198
7/18/2007,-0.009555785
7/19/2007,0.020078227
7/20/2007,-0.006390593
7/23/2007,0.014406998
7/24/2007,-0.028151154
7/25/2007,-0.004436326
7/26/2007,-0.037221494
7/27/2007,0.009256738
7/30/2007,-0.007553278
7/31/2007,-0.022560478
8/1/2007,-0.007786429
8/2/2007,-0.007847534
8/3/2007,-0.011581921
8/6/2007,-0.008002286
8/7/2007,0.015845578
8/8/2007,0.052183778
8/9/2007,-0.042048518
8/10/2007,-0.003939223
8/13/2007,0.023728814
8/14/2007,-0.007726269
8/15/2007,-0.034760845
8/16/2007,-0.040046096
8/17/2007,-0.015306122
8/20/2007,0.061871381
8/21/2007,0.012055109
8/22/2007,0.011911514
8/23/2007,0.003923767
8/24/2007,0.007816862
8/27/2007,0.002216066
8/28/2007,-0.019900498
8/29/2007,0.025662719
8/30/2007,0.014297498
8/31/2007,0.023583627
9/3/2007,-0.003707627
9/4/2007,-0.013556619
9/5/2007,-0.004850445
9/6/2007,-0.015705389
9/10/2007,-0.027510316
9/11/2007,0.010749646
9/12/2007,0.022670025
9/13/2007,-0.0030104
9/14/2007,-0.013999451
9/17/2007,-0.007516704
9/18/2007,-0.000841515
9/19/2007,0.028916339
9/20/2007,0.00845839
9/21/2007,0.017857143
9/24/2007,-0.018341308
9/25/2007,-0.012455998
9/26/2007,0.002467782
9/27/2007,0.026805252
9/28/2007,0.011188066
10/1/2007,0.043730242
10/2/2007,0.021958607
10/3/2007,-0.00271672
10/4/2007,-0.017335315
10/5/2007,0.034778226
10/8/2007,-0.003409644
10/9/2007,0.001221896
10/10/2007,-0.023919941
10/11/2007,0.001250313
10/15/2007,-0.02022977
10/16/2007,-0.032373184
10/17/2007,0.04004215
10/18/2007,0.014944276
10/19/2007,-0.030197155
10/22/2007,-0.00128667
10/23/2007,0.030919866
10/24/2007,-0.009747563
10/25/2007,-0.023472993
10/26/2007,0.009046265
10/29/2007,0.013831967
10/30/2007,0.004042446
10/31/2007,0.011826875
11/1/2007,0
11/5/2007,-0.007709525
11/6/2007,-0.001253133
11/7/2007,-0.015558344
11/8/2007,-0.053785368
11/9/2007,-0.007543103
11/12/2007,-0.019001086
11/13/2007,-0.00802435
11/14/2007,0.036262204
11/16/2007,-0.012113055
11/19/2007,-0.034332425
11/21/2007,-0.028216704
11/22/2007,0.012485482
11/23/2007,0
11/26/2007,-0.008029825
11/27/2007,0.024284475
11/28/2007,0.045441716
11/29/2007,-0.00161987
11/30/2007,0.015143321
12/3/2007,0.033830581
12/4/2007,-0.018294254
12/5/2007,-0.007611549
12/6/2007,0.003967204
12/7/2007,-0.005795574
12/10/2007,0.009009009
12/11/2007,-0.010241597
12/12/2007,-0.005306447
12/13/2007,-0.017337957
12/14/2007,-0.005428882
12/17/2007,-0.021561135
12/18/2007,0.011715481
12/19/2007,0.004135649
12/20/2007,0.002196595
12/21/2007,0.000821918
12/26/2007,-0.000821243
12/27/2007,-0.006027397
12/28/2007,0.001102536
1/2/2008,-0.004405286
1/3/2008,0.021294248
1/4/2008,-0.02220417
1/7/2008,0.001384658
1/8/2008,-0.007190265
1/9/2008,-0.002228412
1/10/2008,0.03294249
1/11/2008,-0.008918919
1/14/2008,-0.008453777
1/15/2008,-0.030253025
1/16/2008,-0.015314804
1/17/2008,-0.041474654
1/18/2008,0.025540865
1/21/2008,-0.035452681
1/22/2008,0.031591738
1/23/2008,-0.019140165
1/24/2008,0.046832783
1/28/2008,0.028104388
1/29/2008,-0.011715481
1/30/2008,0.011854361
1/31/2008,-0.027336123
2/1/2008,0.068540293
2/6/2008,-0.030059045
2/7/2008,0.031267294
2/8/2008,-0.018781862
2/11/2008,0.034454471
2/12/2008,0.029870473
2/13/2008,-0.003593429
2/14/2008,-0.041473467
2/15/2008,-0.006181134
2/18/2008,0.027582477
2/19/2008,-0.014736842
2/20/2008,0.010416667
2/21/2008,-0.003700767
2/22/2008,0.018572566
2/25/2008,0.016150039
2/26/2008,0.01871315
2/27/2008,0.015853045
2/28/2008,0.02650483
2/29/2008,-0.048986486
3/3/2008,0.022329358
3/4/2008,-0.011913626
3/5/2008,-0.017081135
3/6/2008,-0.035267059
3/7/2008,-0.021192053
3/10/2008,-0.003788904
3/11/2008,0.027709861
3/12/2008,-0.0111023
3/13/2008,0.020315424
3/14/2008,-0.001047943
3/17/2008,-0.01521112
3/18/2008,0.041278296
3/19/2008,-0.053964194
3/20/2008,0.015950257
3/24/2008,0.036987759
3/25/2008,0.010264306
3/26/2008,-0.005588011
3/27/2008,-0.019412516
3/28/2008,-0.018754884
3/31/2008,-0.010618529
4/1/2008,0.035417226
4/2/2008,0.003627883
4/3/2008,0.01394268
4/4/2008,-0.011459129
4/7/2008,-0.028851108
4/8/2008,-0.007427056
4/9/2008,-0.009353287
4/10/2008,0.037226868
4/11/2008,-0.036671001
4/14/2008,-0.000269978
4/15/2008,0.020253848
4/16/2008,0.000794071
4/17/2008,-0.033853478
4/18/2008,0.006022447
4/22/2008,-0.028027211
4/23/2008,-0.019316909
4/24/2008,0.005709392
4/25/2008,-0.001703094
4/28/2008,0.018197327
4/29/2008,-0.041049986
4/30/2008,0.034071054
5/2/2008,0.059419882
5/5/2008,-0.002392344
5/6/2008,-0.002131628
5/7/2008,-0.020026702
5/8/2008,-0.004632153
5/9/2008,-0.019709828
5/12/2008,0.017592851
5/13/2008,0.012623491
5/14/2008,0.002439024
5/15/2008,0.006758583
5/16/2008,-0.002953813
5/19/2008,-0.023969836
5/20/2008,-0.003863135
5/21/2008,-0.027146814
5/23/2008,-0.027904328
5/26/2008,0.007029877
5/27/2008,-0.011634671
5/28/2008,-0.026191878
5/29/2008,-0.021456633
5/30/2008,0.003397159
6/2/2008,-0.023084026
6/3/2008,-0.027725268
6/4/2008,0.008101102
6/5/2008,0.025393764
6/6/2008,-0.021003135
6/9/2008,-0.007364713
6/10/2008,-0.016774194
6/11/2008,-0.001968504
6/12/2008,0.081525312
6/13/2008,-0.021884498
6/16/2008,-0.007458048
6/17/2008,-0.029430182
6/18/2008,-0.029677419
6/19/2008,0.030917553
6/20/2008,-0.029990326
6/23/2008,0.004986702
6/24/2008,-0.010916308
6/25/2008,0.004013378
6/26/2008,-0.02898068
6/27/2008,-0.011320755
6/30/2008,0.006592644
7/1/2008,-0.032747329
7/2/2008,-0.010691376
7/3/2008,-0.024135447
7/4/2008,-0.029162052
7/7/2008,0.019771863
7/8/2008,0.025354213
7/10/2008,-0.017090909
7/11/2008,0.000369959
7/14/2008,0.048816568
7/15/2008,-0.003878702
7/16/2008,0.003893805
7/17/2008,-0.000705219
7/18/2008,-0.032110092
7/21/2008,-0.008749544
7/22/2008,-0.015079073
7/23/2008,0.03622106
7/24/2008,-0.026306306
7/25/2008,-0.018504811
7/28/2008,-0.013951735
7/29/2008,0.009560229
7/30/2008,0.021212121
7/31/2008,0.005563798
8/1/2008,-0.021763187
8/4/2008,0.027526395
8/5/2008,0.064220183
8/6/2008,0.034137931
8/7/2008,-0.022674225
8/8/2008,0.019106107
8/11/2008,-0.00167392
8/12/2008,-0.029510396
8/13/2008,-0.002073255
8/14/2008,0.014196676
8/15/2008,0.00102424
8/18/2008,-0.01739427
8/19/2008,-0.003471017
8/20/2008,0.01010101
8/21/2008,0.003103448
8/22/2008,0.012031626
8/25/2008,-0.005434783
8/26/2008,-0.011612022
8/27/2008,-0.000345543
8/28/2008,0.036640166
8/29/2008,-0.025008336
9/1/2008,-0.004787962
9/2/2008,0.015463918
9/3/2008,-0.003722504
9/4/2008,-0.019361413
9/5/2008,0.013855213
9/8/2008,0.005807995
9/9/2008,0.011888587
9/10/2008,0.035246727
9/11/2008,0.012970169
9/12/2008,-0.02240717
9/15/2008,-0.029796988
9/16/2008,-0.032399595
9/17/2008,-0.026857342
9/18/2008,0.034050179
9/19/2008,0.070710572
9/22/2008,-0.009388152
9/23/2008,-0.047385621
9/24/2008,0.029845626
9/25/2008,0.02898068
9/26/2008,-0.028164455
9/29/2008,-0.039973351
9/30/2008,0.077376822
10/1/2008,0.004830918
10/2/2008,-0.017628205
10/3/2008,-0.008482871
10/6/2008,-0.031589339
10/7/2008,-0.03533809
10/8/2008,-0.042972878
10/9/2008,-0.064041222
10/10/2008,0.034998034
10/13/2008,0.095744681
10/14/2008,0.020457698
10/15/2008,-0.095480802
10/16/2008,0.012772352
10/17/2008,0.053783383
10/20/2008,0.082717353
10/21/2008,-0.035435631
10/22/2008,-0.112908662
10/23/2008,0.00949848
10/24/2008,-0.031614603
10/27/2008,-0.011659541
10/28/2008,0.115611483
10/29/2008,-0.011632006
10/30/2008,-0.061340942
10/31/2008,0.022416413
11/3/2008,0.029728725
11/4/2008,-0.002165283
11/5/2008,-0.005063291
11/6/2008,0.031988368
11/7/2008,0.052131032
11/10/2008,-0.011717442
11/11/2008,0.011856369
11/12/2008,-0.021760964
11/13/2008,0.106091718
11/14/2008,-0.017326733
11/17/2008,-0.022355164
11/18/2008,0.009661836
11/19/2008,-0.046570973
11/21/2008,0.041820007
11/24/2008,-0.012202954
11/25/2008,-0.044538362
11/26/2008,-0.031983668
11/27/2008,0.030228471
11/28/2008,-0.008870693
12/1/2008,-0.033046472
12/2/2008,0.012815949
12/3/2008,0.002108963
12/4/2008,-0.009470361
12/5/2008,0.026203966
12/8/2008,0.071773637
12/9/2008,-0.009658725
12/10/2008,0.02893368
12/11/2008,-0.009162717
12/12/2008,0.024234694
12/15/2008,-0.023972603
12/16/2008,0.046251994
12/17/2008,-0.036890244
12/18/2008,0.015194682
12/19/2008,-0.058309947
12/22/2008,-0.018874172
12/23/2008,-0.021262234
12/26/2008,0.004482759
12/29/2008,0.007209063
12/30/2008,0.021472393
1/2/2009,0.051051051
1/5/2009,-0.040634921
1/6/2009,-0.004632694
1/7/2009,0.01662234
1/8/2009,-0.015369523
1/9/2009,-0.012952507
1/12/2009,-0.006393001
1/13/2009,0.001693193
1/14/2009,-0.004394861
1/15/2009,-0.009847199
1/16/2009,0.008573388
1/19/2009,-0.019041142
1/20/2009,-0.039514731
1/21/2009,0.029231324
1/22/2009,-0.000350631
1/23/2009,-0.004910558
1/26/2009,-0.015861826
1/27/2009,0.013968481
1/28/2009,-0.019780996
1/29/2009,0.009009009
1/30/2009,0.007857143
2/2/2009,-0.018426648
2/3/2009,0.054151625
2/4/2009,0.001027397
2/5/2009,-0.009237085
2/6/2009,0.042127072
2/9/2009,-0.022531478
2/10/2009,0.019322034
2/11/2009,-0.003325574
2/12/2009,-0.00333667
2/13/2009,-0.008704386
2/16/2009,0.023302938
2/17/2009,-0.042244224
2/18/2009,0.029634735
2/19/2009,-0.011044177
2/20/2009,-0.012182741
2/25/2009,0.012332991
2/26/2009,-0.009813875
2/27/2009,-0.026657553
3/2/2009,-0.060042135
3/3/2009,0.003735525
3/4/2009,0.017119464
3/5/2009,0.031467252
3/6/2009,0.017736786
3/9/2009,-0.018124782
3/10/2009,0.038338658
3/11/2009,0.006153846
3/12/2009,0.012232416
3/13/2009,0.014434374
3/16/2009,-0.022170748
3/17/2009,0.020304569
3/18/2009,0.018573798
3/19/2009,0.000651254
3/20/2009,0.016921575
3/23/2009,0.04832
3/24/2009,-0.007020757
3/25/2009,0.000614817
3/26/2009,0.022119816
3/27/2009,0
3/30/2009,-0.0249474
3/31/2009,0.001233046
4/1/2009,0.02432266
4/2/2009,0.010519988
4/3/2009,0.029149316
4/6/2009,0.021387283
4/7/2009,-0.035936616
4/8/2009,-0.047842677
4/9/2009,0.035450062
4/13/2009,0.009824352
4/14/2009,0.00442217
4/15/2009,-0.00616378
4/16/2009,0.017720024
4/17/2009,-0.003192107
4/20/2009,-0.01426492
4/22/2009,0.020968695
4/23/2009,0.026323402
4/24/2009,-0.001127396
4/27/2009,-0.012697517
4/28/2009,0.018576736
4/29/2009,0.0171156
4/30/2009,0.016827586
5/4/2009,0.025230602
5/5/2009,-0.005027785
5/6/2009,-0.008776596
5/7/2009,-0.007244433
5/8/2009,0.02027027
5/11/2009,-0.010331126
5/12/2009,-0.0125803
5/13/2009,-0.023854703
5/14/2009,0.008331019
5/15/2009,-0.001927844
5/18/2009,0.030905077
5/19/2009,0.014186296
5/20/2009,-0.003694906
5/21/2009,0.008476821
5/22/2009,-0.00394011
5/25/2009,-0.010021097
5/26/2009,0.02530634
5/27/2009,-0.007794232
5/28/2009,0.018853103
5/29/2009,-0.0077101
6/1/2009,0.026418026
6/2/2009,-0.028766086
6/3/2009,-0.016367888
6/4/2009,0.007131537
6/5/2009,-0.006294256
6/8/2009,0.000791766
6/9/2009,0.003955696
6/10/2009,0.007880221
6/12/2009,-0.008861089
6/15/2009,-0.005259006
6/16/2009,-0.004493788
6/17/2009,0.017259692
6/18/2009,0.01018011
6/19/2009,-0.005426357
6/22/2009,-0.024681736
6/23/2009,-0.005594033
6/24/2009,0.00241093
6/25/2009,0.024585783
6/26/2009,0.004694836
6/29/2009,-0.018951194
6/30/2009,0.005821646
7/1/2009,-0.014732965
7/2/2009,0.005340454
7/3/2009,0.001062417
7/6/2009,0.016449987
7/7/2009,0.001827199
7/8/2009,0.007295466
7/10/2009,-0.016813244
7/13/2009,0.003157064
7/14/2009,-0.002360346
7/15/2009,0.044164038
7/16/2009,0.013091641
7/17/2009,0.005715706
7/20/2009,0.005436126
7/21/2009,-0.00761858
7/22/2009,-0.033432392
7/23/2009,0.033307712
7/24/2009,-0.013389536
7/27/2009,0.010555416
7/28/2009,-0.001492166
7/29/2009,-0.003985056
7/30/2009,0.004751188
7/31/2009,-0.008213041
8/3/2009,0.025595985
8/4/2009,0.004404208
8/5/2009,0.000974421
8/6/2009,-0.009734729
8/7/2009,-0.000245761
8/10/2009,0.000983284
8/11/2009,-0.008104126
8/12/2009,0.015102748
8/13/2009,-0.00097561
8/14/2009,0.022949219
8/17/2009,-0.007159905
8/18/2009,-0.021153846
8/19/2009,0.013998035
8/20/2009,0.014773553
8/21/2009,0.014319809
8/24/2009,-0.005647059
8/25/2009,-0.000473261
8/26/2009,0.007339015
8/27/2009,-0.001175088
8/28/2009,0.005647059
8/31/2009,-0.005615349
9/1/2009,-0.026117647
9/2/2009,-0.004590481
9/3/2009,0.002184466
9/4/2009,-0.001453136
9/8/2009,0.008246423
9/9/2009,0.009141208
9/10/2009,-0.001668653
9/11/2009,-0.002387775
9/14/2009,0.010052657
9/15/2009,0.021327014
9/16/2009,0.019025522
9/17/2009,0.00204918
9/18/2009,0.004544422
9/21/2009,0.004750057
9/22/2009,-0.006528591
9/23/2009,-0.001359619
9/24/2009,-0.001815294
9/25/2009,-0.010911571
9/28/2009,0.013330269
9/29/2009,-0.003628941
9/30/2009,0.015706806
10/1/2009,0.018601524
10/2/2009,0.006820682
10/5/2009,0.015297203
10/6/2009,0.028842015
10/7/2009,-0.014016736
10/8/2009,0.01612561
10/9/2009,0.008770098
10/13/2009,0.006623887
10/14/2009,0.01172116
10/15/2009,0.007520325
10/16/2009,-0.010490216
10/19/2009,0.026299694
10/20/2009,-0.017481128
10/21/2009,-0.009300445
10/22/2009,0.027142857
10/23/2009,-0.007748858
10/26/2009,-0.003003604
10/27/2009,-0.013657361
10/28/2009,-0.032172674
10/29/2009,0.059120555
10/30/2009,-0.031982519
11/3/2009,-0.004719885
11/4/2009,0.006391753
11/5/2009,0.020897357
11/6/2009,-0.002207506
11/9/2009,0.025341915
11/10/2009,0.020988623
11/11/2009,0.02401537
11/12/2009,-0.044277674
11/13/2009,-0.005496663
11/16/2009,0.023687327
11/17/2009,0.012340918
11/18/2009,-0.000571429
11/19/2009,-0.028397179
11/23/2009,0.005296195
11/24/2009,0.002926829
11/25/2009,-0.012062257
11/26/2009,0.003741631
11/27/2009,0.005493428
11/30/2009,-0.002926829
12/1/2009,0
12/2/2009,0.008219178
12/3/2009,-0.004658385
12/4/2009,-0.002340094
12/7/2009,0.027169664
12/8/2009,-0.010656518
12/9/2009,0.003654549
12/10/2009,-0.016481411
12/11/2009,0.013055339
12/14/2009,0.008655511
12/15/2009,0.006674294
12/16/2009,-0.017995833
12/17/2009,0.010030864
12/18/2009,-0.008212376
12/21/2009,-0.025996534
12/22/2009,0.038948201
12/23/2009,-0.008943863
12/28/2009,0.006528418
12/29/2009,0.031285769
12/30/2009,-0.002219756
1/4/2010,0.017797553
1/5/2010,-0.004189435
1/6/2010,0.004389976
1/7/2010,-0.002913859
1/8/2010,0.002191781
1/11/2010,-0.004373975
1/12/2010,0.012813472
1/13/2010,0.01626604
1/14/2010,0.024542059
1/15/2010,-0.027252213
1/18/2010,-0.001605996
1/19/2010,0.010902592
1/20/2010,-0.028288543
1/21/2010,-0.001819505
1/22/2010,0.008567262
1/26/2010,-0.019519248
1/27/2010,-0.002949309
1/28/2010,0.005731189
1/29/2010,-0.016911765
2/1/2010,0.000560957
2/2/2010,0.023547001
2/3/2010,0.013145883
2/4/2010,-0.034600829
2/5/2010,-0.036774314
2/8/2010,-0.007170543
2/9/2010,0.004099161
2/10/2010,0.009525661
2/11/2010,0.023300597
2/12/2010,-0.016183666
2/17/2010,0.058339709
2/18/2010,0
2/19/2010,0
2/22/2010,-0.007229351
2/23/2010,-0.01529219
2/24/2010,0
2/25/2010,0.002403402
2/26/2010,-0.007930653
3/1/2010,0.002602714
3/2/2010,0.014463193
3/3/2010,0.002924511
3/4/2010,-0.012757427
3/5/2010,-0.01790659
3/8/2010,-0.003007519
3/9/2010,-0.006221719
3/10/2010,0.00284576
3/11/2010,-0.008891411
3/12/2010,-0.000572628
3/15/2010,-0.008785332
3/16/2010,0.009441233
3/17/2010,0.008971178
3/18/2010,0
3/19/2010,-0.014188422
3/22/2010,-0.004605642
3/23/2010,-0.002699055
3/24/2010,-0.011405374
3/25/2010,0.005475166
3/26/2010,0.009723843
3/29/2010,-0.006548536
3/30/2010,0.003295851
3/31/2010,-0.016618357
4/1/2010,-0.003144036
4/5/2010,0.011827321
4/6/2010,0.004675628
4/7/2010,-0.001745201
4/8/2010,-0.001165501
4/9/2010,0.017113963
4/12/2010,-0.001720841
4/13/2010,0.009768244
4/14/2010,0.013277693
4/15/2010,0.010482965
4/16/2010,-0.010929974
4/19/2010,-0.005806331
4/20/2010,0.005840241
4/22/2010,0.004307923
4/23/2010,0.018836255
4/26/2010,0
4/27/2010,-0.028921838
4/28/2010,-0.022431668
4/29/2010,0.017161589
4/30/2010,0.003033175
5/3/2010,0.003213003
5/4/2010,0.008666164
5/5/2010,-0.008591707
5/6/2010,0.004521477
5/7/2010,0.007126782
5/10/2010,0.010428305
5/11/2010,0.008661998
5/12/2010,0.0120592
5/13/2010,-0.001263766
5/14/2010,-0.010122921
5/17/2010,0.012052593
5/18/2010,-0.003428365
5/19/2010,-0.016295492
5/20/2010,-0.029081539
5/21/2010,0.029194313
5/24/2010,0.000736784
5/25/2010,0.002024664
5/26/2010,-0.024430566
5/27/2010,0.024854076
5/28/2010,-0.004776778
5/31/2010,-0.000369208
6/1/2010,-0.002585411
6/2/2010,0.009812998
6/4/2010,0.001833517
6/7/2010,0.013909224
6/8/2010,-0.001624549
6/9/2010,0.001807991
6/10/2010,0.010286952
6/11/2010,-0.001607717
6/14/2010,0.005546609
6/15/2010,0.011032028
6/16/2010,0.010383668
6/17/2010,0.003309528
6/18/2010,-0.000520833
6/21/2010,0.019628279
6/22/2010,0.002725724
6/23/2010,0.007475365
6/24/2010,-0.025969646
6/25/2010,0.00934903
6/28/2010,0.012178388
6/29/2010,-0.013218099
6/30/2010,-0.035376953
7/1/2010,-0.005162898
7/2/2010,0.005726557
7/5/2010,-0.011209964
7/6/2010,0.028252654
7/7/2010,0.005250263
7/8/2010,-0.00295961
7/12/2010,-0.009603632
7/13/2010,0.004055007
7/14/2010,0.002633889
7/15/2010,0.014886165
7/16/2010,0.005349439
7/19/2010,0.007552352
7/20/2010,-0.006473595
7/21/2010,-0.002572016
7/22/2010,0.014440433
7/23/2010,-0.006100661
7/26/2010,-0.003239557
7/27/2010,0.002223743
7/28/2010,0.014507595
7/29/2010,-0.003028264
7/30/2010,0.003037462
8/2/2010,-0.003532974
8/3/2010,-0.006415668
8/4/2010,-0.002548853
8/5/2010,-0.005451448
8/6/2010,-0.020726276
8/9/2010,0.000874585
8/10/2010,-0.001398113
8/11/2010,-0.008750438
8/12/2010,0.005649718
8/13/2010,-0.002457865
8/16/2010,0.021471313
8/17/2010,0.016712612
8/18/2010,0.009998305
8/19/2010,0.003187919
8/20/2010,-0.006857334
8/23/2010,-0.001010441
8/24/2010,-0.005225893
8/25/2010,-0.015760041
8/26/2010,-0.001205234
8/27/2010,0.014480262
8/30/2010,-0.006796941
8/31/2010,0.033532934
9/1/2010,0.006786956
9/2/2010,-0.00394607
9/3/2010,-0.004456916
9/6/2010,-0.00315039
9/8/2010,0.015469062
9/9/2010,-0.002784603
9/10/2010,0.009691196
9/13/2010,0.000162681
9/14/2010,0.018217306
9/15/2010,0.019488818
9/16/2010,0.002663742
9/17/2010,-0.015314893
9/20/2010,0.025075385
9/21/2010,-0.024771636
9/22/2010,0.014605493
9/23/2010,-0.004381161
9/24/2010,-0.01320132
9/27/2010,0.024207676
9/28/2010,0.008396828
9/29/2010,0.015574402
9/30/2010,-0.012146978
10/1/2010,0.014448202
10/4/2010,0.011969697
10/5/2010,0.011828118
10/6/2010,0.009470257
10/7/2010,0.004690707
10/8/2010,0.018091625
10/11/2010,-0.002149613
10/13/2010,0.036909378
10/14/2010,0.005540166
10/15/2010,0.00523416
10/18/2010,0.004384763
10/19/2010,-0.008731241
10/20/2010,0.000137627
10/21/2010,0.013072795
10/22/2010,0.01073078
10/25/2010,0.016664427
10/26/2010,-0.033179114
10/27/2010,-0.017500684
10/28/2010,0.009045366
10/29/2010,0.034891739
11/1/2010,-0.001998934
11/3/2010,-0.019361731
11/4/2010,0.018110022
11/5/2010,0.009897018
11/8/2010,0.008475699
11/9/2010,-0.030597505
11/10/2010,0.00582498
11/11/2010,-0.006329966
11/12/2010,-0.002168609
11/16/2010,-0.000543331
11/17/2010,0.015493341
11/18/2010,0.020744111
11/19/2010,0.004326734
11/22/2010,0.012140992
11/23/2010,-0.025925448
11/24/2010,0.001191737
11/25/2010,-0.002380637
11/26/2010,-0.005037783
11/29/2010,-0.01065956
11/30/2010,-0.014949495
12/1/2010,0.01503965
12/2/2010,0.003502155
12/3/2010,0.033154362
12/6/2010,-0.00701572
12/7/2010,-0.011775481
12/8/2010,0.01045942
12/9/2010,-0.006813417
12/10/2010,0.008443272
12/13/2010,0.003401361
12/14/2010,0.001434159
12/15/2010,0.019007942
12/16/2010,-0.000127763
12/17/2010,0.008177869
12/20/2010,0.005196451
12/21/2010,0.030639264
12/22/2010,-0.0084414
12/23/2010,0.003207896
12/27/2010,-0.000614931
12/28/2010,-0.013536795
12/29/2010,0.004865269
12/30/2010,0.009931719
1/3/2011,0.013767671
1/4/2011,-0.002425124
1/5/2011,-0.014464568
1/6/2011,-0.00123335
1/7/2011,-0.010743393
1/10/2011,0.005117963
1/11/2011,-0.002980626
1/12/2011,-0.027154958
1/13/2011,-0.016261204
1/14/2011,-0.018482364
1/17/2011,0.017769527
1/18/2011,-0.032964169
1/19/2011,-0.004176772
1/20/2011,-0.006223786
1/21/2011,-0.022191967
1/24/2011,0.027568922
1/26/2011,0.021138211
1/27/2011,-0.002123142
1/28/2011,-0.027792553
1/31/2011,-0.013404459
2/1/2011,-0.007902398
2/2/2011,0.006987144
2/3/2011,-0.009991674
2/4/2011,-0.017661901
2/7/2011,0.006421233
2/8/2011,0.006947398
2/9/2011,-0.025063362
2/10/2011,-0.016175621
2/11/2011,0.036406342
2/14/2011,-0.000991501
2/15/2011,0.016021551
2/16/2011,0.019118057
2/17/2011,0.005477201
2/18/2011,0.01320986
2/21/2011,-0.004569892
2/22/2011,-0.021469079
2/23/2011,-0.026493722
2/24/2011,-0.010772502
2/25/2011,0.006447915
2/28/2011,0.013382688
3/1/2011,0.023742624
3/2/2011,0.037326746
3/3/2011,-0.022754333
3/4/2011,-0.008934615
3/9/2011,-0.006693075
3/10/2011,0.006188119
3/11/2011,0.018313516
3/14/2011,-0.010871024
3/15/2011,-0.004884668
3/16/2011,-0.020725389
3/17/2011,-0.001113896
3/18/2011,0.012266518
3/21/2011,0.003855687
3/22/2011,0.008641975
3/23/2011,0.005439956
3/24/2011,-0.009738942
3/25/2011,-0.003414834
3/28/2011,-0.018092105
3/29/2011,0.007537688
3/30/2011,0.026461624
3/31/2011,0.00134971
4/1/2011,0.029384014
4/4/2011,-0.014665445
4/5/2011,0.013687708
4/6/2011,-0.009307813
4/7/2011,-0.006484055
4/8/2011,-0.00319659
4/11/2011,0.000400855
4/12/2011,-0.013490049
4/13/2011,-0.005144869
4/14/2011,0.032934132
4/15/2011,0
4/18/2011,0.010803689
4/19/2011,0.024635036
4/20/2011,-0.001272103
4/25/2011,0.013501465
4/26/2011,0.015583763
4/27/2011,0.006929835
4/28/2011,-0.002580804
4/29/2011,0.007639231
5/2/2011,0.014184397
5/3/2011,-0.019532192
5/4/2011,-0.002951303
5/5/2011,0.031203749
5/6/2011,0.013634733
5/9/2011,-0.017345133
5/10/2011,-0.003962536
5/11/2011,-0.010367691
5/12/2011,-0.00146181
5/13/2011,-0.009759668
5/16/2011,-0.008007885
5/17/2011,0.016641828
5/18/2011,-0.013559736
5/19/2011,-0.001981424
5/20/2011,-0.001116764
5/23/2011,-0.000993789
5/24/2011,-0.000994777
5/25/2011,-0.000373413
5/26/2011,-0.00547877
5/27/2011,0.005884562
5/30/2011,-0.008090615
5/31/2011,-0.00200778
6/1/2011,-0.008298755
6/2/2011,-0.001901864
6/3/2011,0.022484756
6/6/2011,-0.006957386
6/7/2011,0.003127737
6/8/2011,0.015091045
6/9/2011,0.009337756
6/10/2011,-0.016798539
6/13/2011,-0.013247493
6/14/2011,0.019949812
6/15/2011,-0.010702423
6/16/2011,-0.004973887
6/17/2011,-0.007248188
6/20/2011,0.021651561
6/21/2011,0.01084278
6/22/2011,-0.004388103
6/24/2011,0.000857003
6/27/2011,0.009908257
6/28/2011,0.003391473
6/29/2011,0.014244326
6/30/2011,-0.002380386
7/1/2011,0.019565736
7/4/2011,-0.002808331
7/5/2011,0.009622154
7/6/2011,-0.003835425
7/7/2011,-0.012483958
7/8/2011,-0.015595463
7/11/2011,-0.015722516
7/12/2011,-0.015973662
7/13/2011,0.003965304
7/14/2011,0.001974821
7/15/2011,-0.022296132
7/18/2011,0.010583344
7/19/2011,0.012342601
7/20/2011,-0.010960591
7/21/2011,-0.005354252
7/22/2011,0.00450676
7/25/2011,-0.022308076
7/26/2011,-0.014659018
7/27/2011,-0.020051746
7/28/2011,0.019537954
7/29/2011,-0.023695455
8/1/2011,-0.002122016
8/2/2011,0.011164274
8/3/2011,0.005389064
8/4/2011,-0.037651981
8/5/2011,0.034642032
8/8/2011,-0.046481092
8/9/2011,0.043101074
8/10/2011,0.001980198
8/11/2011,0.048748353
8/12/2011,0.019849246
8/15/2011,0.022296132
8/16/2011,0.022894325
8/17/2011,0.000942396
8/18/2011,-0.003883724
8/19/2011,0.011696597
8/22/2011,-0.009692865
8/23/2011,0.036910377
8/24/2011,-0.003752985
8/25/2011,-0.003767123
8/26/2011,-0.018448493
8/29/2011,0.026149895
8/30/2011,0.011604096
8/31/2011,0.024966262
9/1/2011,-0.005705508
9/2/2011,-0.000551755
9/5/2011,-0.012697361
9/6/2011,0.000447327
9/8/2011,0.002794545
9/9/2011,-0.01515996
9/12/2011,0.006791171
9/13/2011,0.006183249
9/14/2011,0.014748603
9/15/2011,0.000990971
9/16/2011,0.003629964
9/19/2011,0.020276195
9/20/2011,0.008271565
9/21/2011,-0.000106542
9/22/2011,-0.018114012
9/23/2011,-0.002821487
9/26/2011,0.000870606
9/27/2011,-0.008046102
9/28/2011,0.008769045
9/29/2011,0.006519613
9/30/2011,0.008852424
10/3/2011,-0.011771001
10/4/2011,0.007255008
10/5/2011,0.01257794
10/6/2011,-0.008918144
10/7/2011,0.001071237
10/10/2011,0.011449973
10/11/2011,-0.005924672
10/13/2011,0.005959983
10/14/2011,0
10/17/2011,0.008040626
10/18/2011,0.016582704
10/19/2011,0.010324179
10/20/2011,-0.000102187
10/21/2011,0.002350537
10/24/2011,-0.003058728
10/25/2011,0.00255676
10/26/2011,-0.005916556
10/27/2011,-0.020112878
10/28/2011,0.000523615
10/31/2011,0.002512037
11/1/2011,0.007934851
11/3/2011,0
11/4/2011,0.000414336
11/7/2011,-0.006108925
11/8/2011,-0.006563184
11/9/2011,0.013947148
11/10/2011,-0.007032785
11/11/2011,0.010103114
11/14/2011,0.000721798
11/16/2011,0.011849562
11/17/2011,-0.013645621
11/18/2011,-0.005884782
11/21/2011,-0.004673382
11/22/2011,0
11/23/2011,0.006990818
11/24/2011,0.012330328
11/25/2011,-0.000921187
11/28/2011,0.011986477
11/29/2011,0.012046973
11/30/2011,0.009002701
12/1/2011,0.028353326
12/2/2011,-0.005013015
12/5/2011,-0.001647127
12/6/2011,0.017371894
12/7/2011,0.010779357
12/8/2011,0.008871272
12/9/2011,0.002806361
12/12/2011,0.003078358
12/13/2011,0.015716544
12/14/2011,-0.004761033
12/15/2011,0.013983441
12/16/2011,-0.000544366
12/19/2011,0.009077705
12/20/2011,0.008096438
12/21/2011,-0.013117973
12/22/2011,-0.003797812
12/23/2011,0.009439956
12/26/2011,-0.007373438
12/27/2011,0.008877616
12/28/2011,-0.001436653
12/29/2011,0.010610557
1/2/2012,0.004448794
1/3/2012,-0.013287271
1/4/2012,-0.034204148
1/5/2012,-0.008830638
1/6/2012,0.002250774
1/9/2012,-0.005801441
1/10/2012,-0.001882353
1/11/2012,0.005469118
1/12/2012,0.002344556
1/13/2012,0
1/16/2012,0.010946856
1/17/2012,0.010180472
1/18/2012,0.003389831
1/19/2012,0.000273923
1/20/2012,-0.009858512
1/23/2012,-0.004978335
1/24/2012,0.00453998
1/26/2012,0.000922339
1/27/2012,-0.019719867
1/30/2012,0.002538071
1/31/2012,0.002156587
2/1/2012,0.017028443
2/2/2012,-0.001195952
2/3/2012,0.005065856
2/6/2012,-0.009164223
2/7/2012,-0.006844247
2/8/2012,-0.010430248
2/9/2012,0.008187465
2/10/2012,-0.000746756
2/13/2012,0.014852872
2/14/2012,-0.003865979
2/15/2012,-0.005451857
2/16/2012,0.023506457
2/17/2012,0.014978214
2/22/2012,-0.010016993
2/23/2012,-0.000180685
2/24/2012,0.026113671
2/27/2012,0.007925326
2/28/2012,-0.002009436
2/29/2012,0.010242493
3/1/2012,0.002253033
3/2/2012,0.011758603
3/5/2012,0.002392753
3/6/2012,-0.006734868
3/7/2012,0.029267874
3/8/2012,0.015260173
3/9/2012,0.023162218
3/12/2012,0.012683632
3/13/2012,0.009116132
3/14/2012,-0.004399057
3/15/2012,-0.012782074
3/16/2012,-0.009351023
3/19/2012,0.018394514
3/20/2012,0.011170086
3/21/2012,0.003290505
3/22/2012,0.016789005
3/23/2012,0.003455956
3/26/2012,0.036660034
3/27/2012,-0.012476929
3/28/2012,-0.043660287
3/29/2012,0.006722952
3/30/2012,-0.007998136
4/2/2012,0.020508806
4/3/2012,-0.001227276
4/4/2012,-0.026034867
4/5/2012,-0.004652263
4/9/2012,-0.002693496
4/10/2012,0.009849869
4/11/2012,0.028160151
4/12/2012,0.011016755
4/13/2012,0.008929247
4/16/2012,-0.009750244
4/17/2012,0.017420283
4/18/2012,0.019504206
4/19/2012,0.005111355
4/20/2012,0.017144933
4/23/2012,-0.009642168
4/24/2012,-0.007933074
4/25/2012,0.008578075
4/26/2012,-0.000720773
4/27/2012,-0.002308136
4/30/2012,-0.017929439
5/2/2012,-0.0018404
5/3/2012,0.004498857
5/4/2012,-0.021145374
5/7/2012,0.020327033
5/8/2012,-0.014923179
5/9/2012,-0.013134328
5/10/2012,-0.004764065
5/11/2012,-0.010181597
5/14/2012,0.003147309
5/15/2012,0.005280073
5/16/2012,-0.005785187
5/17/2012,-0.002832861
5/18/2012,-0.003224816
5/21/2012,-0.000385149
5/22/2012,0.010248902
5/23/2012,-0.025629291
5/24/2012,0.003914201
5/25/2012,-0.006706176
5/28/2012,0.004160779
5/29/2012,0.004456258
5/30/2012,0.002801993
5/31/2012,0.012418504
6/1/2012,-0.047684759
6/4/2012,-0.013926904
6/5/2012,-0.00481672
6/6/2012,0.047744053
6/8/2012,-0.013388663
6/11/2012,-0.008888183
6/12/2012,0.016014092
6/13/2012,-0.00149736
6/14/2012,0.00418311
6/15/2012,0.002672326
6/18/2012,0.024535549
6/19/2012,0.020657995
6/20/2012,-0.005697151
6/21/2012,-0.022693004
6/22/2012,-0.007945692
6/25/2012,0.00474339
6/26/2012,0.009828961
6/27/2012,-0.016554261
6/28/2012,0.007481297
6/29/2012,0.017249381
7/2/2012,-0.016576686
7/3/2012,0.024588263
7/4/2012,0.014263074
7/5/2012,-0.01391369
7/6/2012,-0.009658191
7/10/2012,-0.017980952
7/11/2012,0.002482737
7/12/2012,-0.014395171
7/13/2012,0.00188457
7/16/2012,-0.009953758
7/17/2012,-0.003562381
7/18/2012,0.021371256
7/19/2012,0.003733665
7/20/2012,-0.008601984
7/23/2012,0.009458298
7/24/2012,-0.017887564
7/25/2012,-0.003548056
7/26/2012,0.042174395
7/27/2012,0.030749374
7/30/2012,0.008028874
7/31/2012,-0.022798685
8/1/2012,0.007926419
8/2/2012,-0.017805475
8/3/2012,-0.000906413
8/6/2012,0.020488395
8/7/2012,-0.00807527
8/8/2012,-0.007020689
8/9/2012,-0.004588191
8/10/2012,-0.00642285
8/13/2012,-0.010114838
8/14/2012,0.006453596
8/15/2012,0
8/16/2012,0
8/17/2012,-0.00870229
8/20/2012,-0.003696288
8/21/2012,-0.026665636
8/22/2012,0.01484952
8/23/2012,0.008998435
8/24/2012,0.00411012
8/27/2012,-0.001467408
8/28/2012,-0.004872767
8/29/2012,-0.005673869
8/30/2012,-0.000625342
8/31/2012,0.022604615
9/3/2012,-0.003671409
9/4/2012,-0.01658222
9/5/2012,-0.003981265
9/6/2012,0.033074692
9/10/2012,-0.026477506
9/11/2012,0.007559227
9/12/2012,-0.003248511
9/13/2012,0.013579576
9/14/2012,0.004976267
9/17/2012,0.004266017
9/18/2012,-0.015398619
9/19/2012,-0.001155624
9/20/2012,0.005784805
9/21/2012,0.009815951
9/24/2012,0.007442284
9/25/2012,-0.001658375
9/26/2012,-0.001434612
9/27/2012,0.008166352
9/28/2012,-0.008700218
10/1/2012,0.022168419
10/2/2012,0.014211695
10/3/2012,-0.005473653
10/4/2012,0.015704117
10/5/2012,0.014594321
10/8/2012,0.01979634
10/9/2012,-0.028489631
10/10/2012,0.007403148
10/11/2012,0.004138128
10/15/2012,0.012079011
10/16/2012,0.009056445
10/17/2012,0.007235789
10/18/2012,0.012295365
10/19/2012,-0.017741385
10/22/2012,-0.007155262
10/23/2012,-0.003848307
10/24/2012,-0.008569221
10/25/2012,-0.000566773
10/26/2012,-0.001134189
10/29/2012,0.017528919
10/30/2012,-0.005370345
10/31/2012,-0.002384125
11/1/2012,0
11/5/2012,0.0069586
11/6/2012,0.000279213
11/7/2012,-0.007187718
11/8/2012,-0.0132846
11/9/2012,-0.014033338
11/12/2012,0.002239723
11/13/2012,0.01571511
11/14/2012,-0.008516678
11/16/2012,0.031639227
11/19/2012,-0.000346933
11/21/2012,0.016033872
11/22/2012,-0.00703648
11/23/2012,0.014860681
11/26/2012,-0.004135313
11/27/2012,-0.002382573
11/28/2012,0.00962129
11/29/2012,-0.003852393
11/30/2012,0.029242147
12/3/2012,0.016941332
12/4/2012,-0.018992675
12/5/2012,-0.007268402
12/6/2012,0.006123536
12/7/2012,-0.00496163
12/10/2012,0.001861578
12/11/2012,0.004977105
12/12/2012,-0.003961965
12/13/2012,0.007159905
12/14/2012,-0.007109005
12/17/2012,0.005701405
12/18/2012,0.005603164
12/19/2012,0.00229433
12/20/2012,-0.028580772
12/21/2012,-0.004645526
12/26/2012,-0.009266775
12/27/2012,0.01420086
12/28/2012,-0.000673174
1/2/2013,0.004041765
1/3/2013,0.012479034
1/4/2013,-0.006891525
1/7/2013,0.00060052
1/8/2013,0.001133636
1/9/2013,0.014987011
1/10/2013,-0.006234414
1/11/2013,-0.00343393
1/14/2013,0.005168644
1/15/2013,0.013184785
1/16/2013,0.020300605
1/17/2013,0.01326446
1/18/2013,0.002958021
1/21/2013,-0.00188253
1/22/2013,0.004149378
1/23/2013,-0.000313048
1/24/2013,0.00382038
1/28/2013,-0.018966808
1/29/2013,0.021177817
1/30/2013,0.006476926
1/31/2013,0.006806509
2/1/2013,-0.013643906
2/4/2013,0.012711072
2/5/2013,-0.007444779
2/6/2013,-0.005888916
2/7/2013,-0.007170917
2/8/2013,0.00772516
2/13/2013,-0.00542225
2/14/2013,-0.005075824
2/15/2013,-0.005479625
2/18/2013,-0.002533249
2/19/2013,0.010920635
2/20/2013,-0.001004899
2/21/2013,-0.022192883
2/22/2013,0.010930367
2/25/2013,-0.033454175
2/26/2013,0.013028887
2/27/2013,-0.02669698
2/28/2013,0.024893219
3/1/2013,0.006772156
3/4/2013,-0.004462842
3/5/2013,-0.002079002
3/6/2013,0.026432292
3/7/2013,-0.018647723
3/8/2013,-0.00090486
3/11/2013,-0.002005434
3/12/2013,-0.010436248
3/13/2013,-0.016179746
3/14/2013,0.009055197
3/15/2013,-0.020059386
3/18/2013,0.009763652
3/19/2013,-0.002800747
3/20/2013,0.001203691
3/21/2013,-0.004207855
3/22/2013,-0.006573211
3/25/2013,-0.019850111
3/26/2013,0.010470483
3/27/2013,-0.0021133
3/28/2013,0.007651318
4/1/2013,0.005220339
4/2/2013,-0.005597896
4/3/2013,-0.021296799
4/4/2013,0.008593209
4/5/2013,-0.00371032
4/8/2013,-0.010896552
4/9/2013,0
4/10/2013,0.008785386
4/11/2013,-0.014169201
4/12/2013,-0.019210545
4/15/2013,-0.032239617
4/16/2013,0.024523563
4/17/2013,-0.000865177
4/18/2013,0.004618271
4/19/2013,0.006823732
4/22/2013,-0.011129343
4/23/2013,0.026477166
4/24/2013,-0.023545122
4/25/2013,-0.011084719
4/26/2013,-0.004512701
4/29/2013,0.00080427
4/30/2013,0.058007013
5/2/2013,-0.019334346
5/3/2013,0.019574708
5/6/2013,0.003798343
5/7/2013,0.001169591
5/8/2013,-0.010307861
5/9/2013,0.031662269
5/10/2013,0.006595773
5/13/2013,0.00167157
5/14/2013,0.020626126
5/15/2013,0.011314585
5/16/2013,-0.019530492
5/17/2013,0.007123541
5/20/2013,-0.006287249
5/21/2013,-0.003690766
5/22/2013,-0.012039426
5/23/2013,0.002812186
5/24/2013,-0.00206984
5/27/2013,-0.006356216
5/28/2013,0.010504343
5/29/2013,-0.021589925
5/31/2013,-0.023837091
6/3/2013,-0.010814205
6/4/2013,-0.018056143
6/5/2013,-0.005243499
6/6/2013,0.01350278
6/7/2013,-0.014676546
6/10/2013,-0.001518438
6/11/2013,-0.025852705
6/12/2013,0.000520369
6/13/2013,-0.004012185
6/14/2013,0.021633719
6/17/2013,0.005476451
6/18/2013,-0.002759622
6/19/2013,-0.012889601
6/20/2013,-0.005164146
6/21/2013,0.007786429
6/24/2013,-0.016997792
6/25/2013,0.019761958
6/26/2013,0.018277912
6/27/2013,0.017517301
6/28/2013,0.034927382
7/1/2013,0.004312705
7/2/2013,-0.026719378
7/3/2013,-0.007843687
7/4/2013,-0.002964636
7/5/2013,0.012743363
7/8/2013,0.004683677
7/10/2013,0.00793209
7/11/2013,-0.00158774
7/12/2013,-0.006775911
7/15/2013,0.015941525
7/16/2013,-0.011237495
7/17/2013,-0.006237006
7/18/2013,-0.016178522
7/19/2013,-0.007088177
7/22/2013,0.020202741
7/23/2013,0.004898188
7/24/2013,-0.008982661
7/25/2013,0.002670039
7/26/2013,0.003573931
7/29/2013,-0.006563787
7/30/2013,0.009348422
7/31/2013,0.047562674
8/1/2013,0.022801303
8/2/2013,-0.006564409
8/5/2013,-0.011776251
8/6/2013,-0.008209202
8/7/2013,-0.004005073
8/8/2013,0.008109376
8/9/2013,-0.013628507
8/12/2013,0.000336995
8/13/2013,0.015833446
8/14/2013,-0.005239769
8/15/2013,0.005334045
8/16/2013,0.015121369
8/19/2013,-0.00744806
8/20/2013,-0.043838863
8/21/2013,-0.007090734
8/22/2013,0.009152049
8/23/2013,-0.005221573
8/26/2013,-0.013191519
8/27/2013,-0.007978723
8/28/2013,-0.006420206
8/29/2013,0.029610168
8/30/2013,0.003586207
9/2/2013,0.012506872
9/3/2013,-0.033731505
9/4/2013,-0.003090539
9/5/2013,0.008666244
9/6/2013,-0.002235261
9/9/2013,0.008961075
9/10/2013,0.019428254
9/11/2013,0.011094473
9/12/2013,-0.006260518
9/13/2013,0.001422571
9/16/2013,0.009740919
9/17/2013,-0.000669927
9/18/2013,0.014413086
9/19/2013,0.012820513
9/20/2013,-0.000587237
9/23/2013,-0.00554939
9/24/2013,-0.002429097
9/25/2013,0.003158934
9/26/2013,0.011874303
9/27/2013,-0.003501037
9/30/2013,-0.019973975
10/1/2013,0.001858859
10/2/2013,-0.005499967
10/3/2013,-0.00293177
10/4/2013,0.004744721
10/7/2013,-0.004722315
10/8/2013,-0.016105319
10/9/2013,0.00217347
10/10/2013,0.00820061
10/11/2013,0.002285561
10/14/2013,0.006237425
10/15/2013,0.003332667
10/16/2013,-0.008237561
10/17/2013,0.012793891
10/18/2013,0.006018519
10/21/2013,-0.001709289
10/22/2013,0.009417188
10/23/2013,-0.02316023
10/24/2013,0.000601082
10/25/2013,0.005740222
10/28/2013,0.000132732
10/29/2013,-0.011678832
10/30/2013,-0.003692762
10/31/2013,-0.007345508
11/1/2013,0.006924644
11/4/2013,-0.007686084
11/5/2013,-0.015015627
11/6/2013,0.021314755
11/7/2013,0.011887073
11/8/2013,0.021158724
11/11/2013,0.002353095
11/12/2013,-0.019563091
11/13/2013,-0.00179581
11/14/2013,0.025852878
11/18/2013,0.010327358
11/19/2013,-0.015879139
11/21/2013,-0.005748628
11/22/2013,0.010972405
11/25/2013,-0.003964386
11/26/2013,0.01207099
11/27/2013,-0.0017407
11/28/2013,-0.006264531
11/29/2013,0.005784103
12/2/2013,-0.002843112
12/3/2013,-0.020023328
12/4/2013,-0.032599352
12/5/2013,0.015037594
12/6/2013,-0.006531987
12/9/2013,0.014912221
12/10/2013,-0.011153409
12/11/2013,0.004119951
12/12/2013,-0.015941347
12/13/2013,-0.011483254
12/16/2013,0.006084912
12/17/2013,-0.000618557
12/18/2013,0.012172478
12/19/2013,0.019703764
12/20/2013,-0.004664179
12/23/2013,0.007095997
12/26/2013,-0.007644244
12/27/2013,0.009444705
12/30/2013,0.012873258
1/2/2014,0.004061845
1/3/2014,-0.028187394
1/6/2014,-0.005908419
1/7/2014,0.031541267
1/8/2014,0.009821253
1/9/2014,-0.023471439
1/10/2014,0.006440475
1/13/2014,-0.009302019
1/14/2014,0.012319371
1/15/2014,0.000197342
1/16/2014,-0.012956264
1/17/2014,-0.008328891
1/20/2014,0.003628301
1/21/2014,0.011983665
1/22/2014,0.014157184
1/23/2014,-0.034377038
1/24/2014,-0.007295818
1/27/2014,-0.023681524
1/28/2014,0.003694152
1/29/2014,-0.003125
1/30/2014,-0.011215604
1/31/2014,0.013879104
2/3/2014,-0.03662011
2/4/2014,0.004472014
2/5/2014,-0.008329743
2/6/2014,0.047284576
2/7/2014,0.013620964
2/10/2014,-0.015279673
2/11/2014,0.02847049
2/12/2014,-0.027076177
2/13/2014,0.011145725
2/14/2014,0.02142955
2/17/2014,-0.007172062
2/18/2014,-0.024777208
2/19/2014,0.011768778
2/20/2014,0.011631885
2/21/2014,0.002975989
2/24/2014,0.001213838
2/25/2014,0
2/26/2014,0.010843942
2/27/2014,0.006596482
2/28/2014,-0.00059575
3/5/2014,-0.004768844
3/6/2014,0.004192733
3/7/2014,-0.006561071
3/10/2014,-0.004136091
3/11/2014,0.000602894
3/12/2014,0.001205061
3/13/2014,-0.007221665
3/14/2014,-0.014413686
3/17/2014,0.018929816
3/18/2014,0.007176392
3/19/2014,-0.001198642
3/20/2014,-0.00060004
3/21/2014,-0.005937292
3/24/2014,0.005972754
3/25/2014,-0.001134089
3/26/2014,-0.005409738
3/27/2014,0.024039753
3/28/2014,-0.005901639
3/31/2014,0
4/1/2014,0.008905013
4/2/2014,0.01163779
4/3/2014,0.000581658
4/4/2014,-0.016276967
4/7/2014,0
4/8/2014,-0.004727511
4/9/2014,-0.001187492
4/10/2014,0.010700132
4/11/2014,0.024768004
4/14/2014,-0.001721829
4/15/2014,-0.001724799
4/16/2014,0.008638894
4/17/2014,-0.005709935
4/22/2014,0.025842266
4/23/2014,-0.011755925
4/24/2014,-0.013028701
4/25/2014,-0.007461259
4/28/2014,-0.001734773
4/29/2014,-0.004569737
4/30/2014,-0.050109919
5/2/2014,-0.017834048
5/5/2014,0.030632753
5/6/2014,0.009078071
5/7/2014,-0.020991603
5/8/2014,0
5/9/2014,0.014090259
5/12/2014,0.009061619
5/13/2014,-0.004789463
5/14/2014,0.006015641
5/15/2014,-0.011959338
5/16/2014,0.003026024
5/19/2014,-0.003620274
5/20/2014,-0.011505854
5/21/2014,0.012252399
5/22/2014,0.0127093
5/23/2014,-0.007768924
5/26/2014,0.004216021
5/27/2014,-0.031787285
5/28/2014,0.001858352
5/29/2014,0
5/30/2014,-0.01799945
6/2/2014,0.027773891
6/3/2014,0.0030631
6/4/2014,-0.008550489
6/5/2014,-0.008008214
6/6/2014,0.013661768
6/9/2014,0.0061262
6/10/2014,-0.004262229
6/11/2014,-0.015287403
6/13/2014,-0.014351756
6/16/2014,-0.01260063
6/17/2014,-0.006380716
6/18/2014,0.026328933
6/20/2014,0.002502781
6/23/2014,-0.02184466
6/24/2014,-0.004466501
6/25/2014,-0.00448654
6/26/2014,0.010944989
6/27/2014,-0.008915935
6/30/2014,0.014136799
7/1/2014,0.017107857
7/2/2014,-0.0018689
7/3/2014,0.018793343
7/4/2014,0.00122524
7/7/2014,-0.014073017
7/8/2014,-0.001241208
7/10/2014,-0.024924054
7/11/2014,0.001911775
7/14/2014,-0.006360424
7/15/2014,0.007041252
7/16/2014,0.019704781
7/17/2014,0.011289652
7/18/2014,0.026505034
7/21/2014,0.010808647
7/22/2014,-0.008316832
7/23/2014,-0.011980831
7/24/2014,0.015157639
7/25/2014,-0.007167032
7/28/2014,-0.008421897
7/29/2014,0.006134142
7/30/2014,0
7/31/2014,-0.044553129
8/1/2014,-0.000631092
8/4/2014,0.00063149
8/5/2014,-0.021667485
8/6/2014,0.008457569
8/7/2014,0.005828003
8/8/2014,0.009680611
8/11/2014,0.010777521
8/12/2014,-0.002492557
8/13/2014,-0.008815159
8/14/2014,0.001890756
8/15/2014,0.01146292
8/18/2014,0.015064612
8/19/2014,0.00993941
8/20/2014,0.004853387
8/21/2014,-0.004226202
8/22/2014,-0.003705201
8/25/2014,0.022787207
8/26/2014,-0.004231125
8/27/2014,0
8/28/2014,-0.013278449
8/29/2014,-0.001816714
9/1/2014,-0.020896528
9/2/2014,0.000619621
9/3/2014,0.016306591
9/4/2014,0.007379324
9/5/2014,-0.021370968
9/8/2014,-0.015039143
9/9/2014,-0.003764903
9/10/2014,0.014626636
9/11/2014,-0.008139054
9/12/2014,-0.02093185
9/15/2014,0.037502664
9/16/2014,0.011227494
9/17/2014,-0.017263557
9/18/2014,0.014397906
9/19/2014,0.013650255
9/22/2014,0.002411899
9/23/2014,-0.003007619
9/24/2014,0.006703761
9/25/2014,-0.008523673
9/26/2014,0.003089529
9/29/2014,-0.015266153
9/30/2014,-0.007411437
10/1/2014,-0.027401014
10/2/2014,0.023665305
10/3/2014,0.014448878
10/6/2014,0.025908844
10/7/2014,-0.010842258
10/8/2014,-0.018246224
10/9/2014,-0.002450814
10/10/2014,-0.024227121
10/13/2014,0.022870332
10/14/2014,0.003760684
10/15/2014,-0.022343324
10/16/2014,-0.01393534
10/17/2014,0.033422838
10/20/2014,-0.00991453
10/21/2014,-0.020165746
10/22/2014,-0.003806033
10/23/2014,-0.021225414
10/24/2014,0.033540552
10/27/2014,-0.003846692
10/28/2014,0.012286737
10/29/2014,0.000693577
10/30/2014,0.005128916
10/31/2014,0.04385602
11/3/2014,-0.012154842
11/4/2014,0.0092283
11/5/2014,0
11/6/2014,-0.003644315
11/7/2014,0.009177363
11/10/2014,-0.007248764
11/11/2014,-0.019648191
11/12/2014,0.023156612
11/13/2014,-0.022632519
11/14/2014,-0.011239759
11/17/2014,0.003150038
11/18/2014,0.019523517
11/19/2014,0.022296619
11/21/2014,0.035630076
11/24/2014,-0.015178346
11/25/2014,-0.00237606
11/26/2014,-0.011264886
11/27/2014,-0.004817708
11/28/2014,0.017532383
12/1/2014,-0.049890703
12/2/2014,-0.019353092
12/3/2014,0.003864201
12/4/2014,-0.003161947
12/5/2014,0.018411254
12/8/2014,-0.015640869
12/9/2014,-0.004402256
12/10/2014,0.007668924
12/11/2014,0.011998629
12/12/2014,-0.030623306
12/15/2014,-0.004542913
12/16/2014,0.001333989
12/17/2014,0.02390969
12/18/2014,0
12/19/2014,0.00821749
12/22/2014,0.025062827
12/23/2014,0.001258945
12/26/2014,-0.009198597
12/29/2014,0.009283997
12/30/2014,-0.001257362
1/2/2015,-0.012920753
1/5/2015,-0.021883601
1/6/2015,0.028755748
1/7/2015,0.024816544
1/8/2015,0.004035933
1/9/2015,-0.000583506
1/12/2015,0.018812845
1/13/2015,-0.003565743
1/14/2015,-0.003003387
1/15/2015,0.000576849
1/16/2015,0.013195823
1/19/2015,-0.015363217
1/20/2015,0.014382946
1/21/2015,0.013039625
1/22/2015,0.007060735
1/23/2015,-0.00701123
1/26/2015,-0.004686328
1/27/2015,-0.004080608
1/28/2015,0.009455371
1/29/2015,0.032721369
1/30/2015,-0.002297739
2/2/2015,-0.013575758
2/3/2015,0.006328336
2/4/2015,-0.009768606
2/5/2015,0.015598989
2/6/2015,0.014205925
2/9/2015,0.017359033
2/10/2015,-0.009884679
2/11/2015,-0.007784645
2/12/2015,0.014553513
2/13/2015,-0.007733176
2/18/2015,0.016181807
2/19/2015,-0.000585446
2/20/2015,-0.002167418
2/23/2015,0.009862628
2/24/2015,0.008719916
2/25/2015,-0.012966805
2/26/2015,0
2/27/2015,0.002218719
3/2/2015,-0.009321293
3/3/2015,0.019347251
3/4/2015,-0.010845737
3/5/2015,0.004957424
3/6/2015,-0.005455284
3/9/2015,0.003267783
3/10/2015,-0.03175711
3/11/2015,0.023187361
3/12/2015,-0.002759349
3/13/2015,0.001648416
3/16/2015,-0.003291407
3/17/2015,0.01055549
3/18/2015,0.013129486
3/19/2015,0.001612717
3/20/2015,0.008165612
3/23/2015,0.008555784
3/24/2015,-0.014364891
3/25/2015,-0.005393619
3/26/2015,-0.017883928
3/27/2015,0.007695019
3/30/2015,0.0219761
3/31/2015,-0.010209902
4/1/2015,0.023281277
4/2/2015,-0.001070001
4/6/2015,0.019618897
4/7/2015,0.010450072
4/8/2015,0.000984952
4/9/2015,-0.005138578
4/10/2015,0.007747678
4/13/2015,-0.001526718
4/14/2015,-0.019003932
4/15/2015,0
4/16/2015,0
4/17/2015,-0.007849031
4/20/2015,-0.002637042
4/22/2015,0.002644014
4/23/2015,-0.00370308
4/24/2015,0.001070001
4/27/2015,-0.005288029
4/28/2015,0.004807149
4/29/2015,-0.003208195
4/30/2015,0.005872388
5/4/2015,0.021612215
5/5/2015,0.013462278
5/6/2015,0.004608545
5/7/2015,-0.005127098
5/8/2015,0.01280243
5/11/2015,-0.001553294
5/12/2015,-0.014108685
5/13/2015,-0.006148656
5/14/2015,0.001040241
5/15/2015,0.007219427
5/18/2015,-0.011240226
5/19/2015,-0.005162282
5/20/2015,-0.028595087
5/21/2015,0.003750639
5/22/2015,0
5/25/2015,0.00266093
5/26/2015,-0.015358554
5/27/2015,-0.003784838
5/28/2015,0.000518075
5/29/2015,-0.004315057
6/1/2015,0.007049578
6/2/2015,0.008147808
6/3/2015,-0.009675583
6/5/2015,0.013563218
6/8/2015,-0.006407349
6/9/2015,-0.003823546
6/10/2015,0.018446379
6/11/2015,-0.002643717
6/12/2015,-0.003722294
6/15/2015,-0.013925842
6/16/2015,0.01733739
6/17/2015,-0.002652221
6/18/2015,0.00588435
6/19/2015,0.005343683
6/22/2015,0.003692721
6/23/2015,0.0005017
6/24/2015,-0.001560062
6/25/2015,-0.000558036
6/26/2015,0.012674484
6/29/2015,-0.009373105
6/30/2015,0.005287471
7/1/2015,0
7/2/2015,-0.001051932
7/3/2015,0.005209777
7/6/2015,0.001047582
7/7/2015,0.002643754
7/8/2015,-0.00571303
7/10/2015,0.01878453
7/13/2015,0.003579176
7/14/2015,0.002053388
7/15/2015,0.004098361
7/16/2015,0
7/17/2015,0.001503759
7/20/2015,-0.002037752
7/21/2015,-0.004030091
7/22/2015,-0.005125438
7/23/2015,-0.010791757
7/24/2015,-0.012937887
7/27/2015,-0.016273257
7/28/2015,0.003218157
7/29/2015,-0.002138556
7/30/2015,0.008516158
7/31/2015,0.029079521
8/3/2015,0.003586567
8/4/2015,0.010233918
8/5/2015,0.011148631
8/6/2015,-0.004505698
8/7/2015,-0.017092652
8/10/2015,0.002546183
8/11/2015,-0.001026694
8/12/2015,-0.036295775
8/13/2015,-0.004770992
8/14/2015,-0.007500987
8/17/2015,-0.00318218
8/18/2015,0.012370311
8/19/2015,-0.030857593
8/20/2015,0.012608216
8/21/2015,-0.016295616
8/24/2015,-0.009332711
8/25/2015,0.024493641
8/26/2015,0.024425287
8/27/2015,0.013295933
8/28/2015,0.005204296
8/31/2015,-0.005728134
9/1/2015,-0.019886993
9/2/2015,0.023003448
9/3/2015,0.02558011
9/4/2015,0.011205085
9/8/2015,-0.012093122
9/9/2015,-0.01283434
9/10/2015,-0.002075822
9/11/2015,-0.016203197
9/14/2015,0
9/15/2015,0.010627643
9/16/2015,0.020426141
9/17/2015,0.002104241
9/18/2015,-0.001076832
9/21/2015,-0.007168652
9/22/2015,0.003637351
9/23/2015,-0.011846162
9/24/2015,-0.002627545
9/25/2015,0.009385291
9/28/2015,-0.001033114
9/29/2015,0.00419116
9/30/2015,0.003089598
10/1/2015,0.014427753
10/2/2015,0.018270921
10/5/2015,0.014438167
10/6/2015,-0.022586634
10/7/2015,0.005539728
10/8/2015,-0.016002938
10/9/2015,0.005545484
10/13/2015,-0.055042953
10/14/2015,-0.016049383
10/15/2015,0.038553667
10/16/2015,0.00944536
10/19/2015,0.009302579
10/20/2015,0.005659462
10/21/2015,0.006163576
10/22/2015,-0.002024184
10/23/2015,0.005551108
10/26/2015,-0.004511917
10/27/2015,0.006558601
10/28/2015,-0.019176776
10/29/2015,-0.022090197
10/30/2015,0.004694576
11/3/2015,0.026716508
11/4/2015,0
11/5/2015,-0.007121058
11/6/2015,-0.025183348
11/9/2015,-0.014216961
11/10/2015,-0.002693603
11/11/2015,0.0220009
11/12/2015,-0.008919231
11/13/2015,0.011110494
11/16/2015,-0.002637218
11/17/2015,0.00369085
11/18/2015,0.002634468
11/19/2015,0.009360631
11/23/2015,-0.014968274
11/24/2015,-0.006331553
11/25/2015,-0.017952128
11/26/2015,0.011340555
11/27/2015,-0.012775453
11/30/2015,0.003786166
12/1/2015,0.004785228
12/2/2015,-0.015463918
12/3/2015,0.016788072
12/4/2015,-0.011193821
12/7/2015,0.003226354
12/8/2015,-0.024712255
12/9/2015,0.018743492
12/10/2015,-0.009710392
12/11/2015,-0.001089512
12/14/2015,-0.012629162
12/15/2015,-0.011046512
12/16/2015,0.01622575
12/17/2015,0.000578503
12/18/2015,-0.019310823
12/21/2015,0.011260465
12/22/2015,0.005596689
12/23/2015,0.01391385
12/28/2015,-0.00331637
12/29/2015,0.003327405
12/30/2015,-0.019212076
1/4/2016,-0.035853787
1/5/2016,0.015660902
1/6/2016,-0.009704114
1/7/2016,-0.026572081
1/8/2016,0.013031126
1/11/2016,-0.015789795
1/12/2016,0.010716056
1/13/2016,-0.008825152
1/14/2016,0.001174798
1/15/2016,-0.015439723
1/18/2016,-0.021076402
1/19/2016,0.03139818
1/20/2016,-0.012549702
1/21/2016,-0.013338367
1/22/2016,0.032521362
1/26/2016,-0.000617589
1/27/2016,0.058212829
1/28/2016,0.003912637
1/29/2016,0.04304578
2/1/2016,-0.007026937
2/2/2016,-0.022802584
2/3/2016,0.00666705
2/4/2016,0.014387668
2/5/2016,-0.011988518
2/10/2016,-0.011051612
2/11/2016,-0.005011521
2/12/2016,0.00393678
2/15/2016,0
2/16/2016,0.002768006
2/17/2016,0.016159641
2/18/2016,0.007640068
2/19/2016,-0.004324628
2/22/2016,0.014722473
2/23/2016,-0.017733059
2/24/2016,-0.004414261
2/25/2016,-0.025807185
2/26/2016,-0.00455129
2/29/2016,0.000586166
3/1/2016,0.034563562
3/2/2016,-0.006002265
3/3/2016,0.016520451
3/4/2016,0.036314728
3/7/2016,0.003136491
3/8/2016,-0.006253369
3/9/2016,-0.020993816
3/10/2016,-0.001052807
3/11/2016,-0.0220213
3/14/2016,-0.009868981
3/15/2016,0.014378186
3/16/2016,-0.000508245
3/17/2016,0.024069156
3/18/2016,-0.016551724
3/21/2016,0.016830295
3/22/2016,0.000496552
3/23/2016,0.013896548
3/24/2016,0
3/28/2016,0.015772871
3/29/2016,0.002088242
3/30/2016,-0.009831686
3/31/2016,-0.017214397
4/1/2016,0.002086536
4/4/2016,-0.014849315
4/5/2016,0.011346571
4/6/2016,-0.011219271
4/7/2016,-0.000500584
4/8/2016,0
4/11/2016,-0.019922092
4/12/2016,0.009311833
4/13/2016,0.001125113
4/14/2016,0.018993032
4/15/2016,0.013345098
4/18/2016,-0.001578145
4/19/2016,0.010573936
4/20/2016,0.002049512
4/22/2016,-0.00204532
4/25/2016,-0.001564101
4/26/2016,0.005726016
4/27/2016,0.00623053
4/28/2016,0.005177752
4/29/2016,-0.003611067
5/2/2016,0.00618238
5/3/2016,0.004131575
5/4/2016,0.000474759
5/5/2016,-0.023463039
5/6/2016,-0.015657902
5/9/2016,0.002632878
5/10/2016,0.010613272
5/11/2016,-0.012071672
5/12/2016,0.016986301
5/13/2016,-0.021875
5/16/2016,0.000495759
5/17/2016,-0.011176568
5/18/2016,-0.00863029
5/19/2016,0.010895816
5/20/2016,-0.003222401
5/23/2016,-0.005406611
5/24/2016,0.013561982
5/25/2016,0.015481588
5/27/2016,0.016879016
5/30/2016,-0.007763975
5/31/2016,-0.002104582
6/1/2016,0.012059269
6/2/2016,-0.003099118
6/3/2016,0.011416626
6/6/2016,-0.004133545
6/7/2016,-0.016975309
6/8/2016,0.009419152
6/9/2016,-0.005684561
6/10/2016,-0.022976107
6/13/2016,0.010157328
6/14/2016,-0.017979125
6/15/2016,-0.004841402
6/16/2016,0.010289101
6/17/2016,-0.003265622
6/20/2016,-0.001055087
6/21/2016,-0.000555895
6/22/2016,-0.013960732
6/23/2016,0.010379061
6/24/2016,-0.001619026
6/27/2016,0.012414024
6/28/2016,0.002154101
6/29/2016,0.014384921
6/30/2016,0.001575659
7/1/2016,0.008950852
7/4/2016,-0.008333781
7/5/2016,0.012036435
7/6/2016,-0.005678774
7/7/2016,-0.004148707
7/8/2016,0.015690094
7/11/2016,0
7/12/2016,0.001544772
7/13/2016,-0.010371237
7/14/2016,0
7/15/2016,-0.007846509
7/18/2016,0.005796002
7/19/2016,0.005816458
7/20/2016,-0.002623688
7/21/2016,0.00418747
7/22/2016,0.009890404
7/25/2016,0
7/26/2016,-0.002064584
7/27/2016,-0.00153838
7/28/2016,0.00621613
7/29/2016,-0.032947885
8/1/2016,0.010647011
8/2/2016,-0.008427877
8/3/2016,-0.010624387
8/4/2016,0.004295391
8/5/2016,0.020288425
8/8/2016,0.007846509
8/9/2016,0.000533248
8/10/2016,-0.004636785
8/11/2016,0.017187835
8/12/2016,0.011791335
8/15/2016,0.010665418
8/16/2016,0.002985689
8/17/2016,0.002514884
8/18/2016,-0.006501817
8/19/2016,-0.003504071
8/22/2016,-0.013083049
8/23/2016,-0.000523972
8/24/2016,0
8/25/2016,-0.01378768
8/26/2016,-0.006219434
8/29/2016,0.002621022
8/30/2016,0
8/31/2016,-0.00261417
9/1/2016,0.025033431
9/2/2016,0.008610343
9/5/2016,0.002017798
9/6/2016,0.006041204
9/8/2016,0
9/9/2016,-0.012471772
9/12/2016,0
9/13/2016,-0.016735097
9/14/2016,0.012368518
9/15/2016,0.003550358
9/16/2016,-0.015191717
9/19/2016,0.001003751
9/20/2016,0.002058265
9/21/2016,-0.001527361
9/22/2016,0.010813377
9/23/2016,0.003026666
9/26/2016,-0.005566828
9/27/2016,0.004080778
9/28/2016,0.007607336
9/29/2016,-0.00656738
9/30/2016,0.005101244
10/3/2016,-0.003521674
10/4/2016,-0.010654332
10/5/2016,0.00257407
10/6/2016,0.003039036
10/7/2016,0
10/10/2016,0.001514914
10/11/2016,-0.011683705
10/13/2016,-0.011294068
10/14/2016,0.015586634
10/17/2016,0.00152423
10/18/2016,0.00461821
10/19/2016,0.001514914
10/20/2016,-0.001512623
10/21/2016,0.005119365
10/24/2016,-0.002546645
10/25/2016,-0.008649437
10/26/2016,0.000525597
10/27/2016,-0.00204875
10/28/2016,-0.020529557
10/31/2016,-0.014134466
11/1/2016,-0.018207588
11/3/2016,-0.023431427
11/4/2016,-0.01006368
11/7/2016,0.015220263
11/8/2016,0.003903598
11/9/2016,-0.0072133
11/10/2016,0.006698076
11/11/2016,-0.033211164
11/14/2016,-0.008631751
11/16/2016,0.030650665
11/17/2016,-0.011758662
11/18/2016,-0.017039219
11/21/2016,0.007521448
11/22/2016,-0.016097049
11/23/2016,0.027385892
11/24/2016,-0.016443573
11/25/2016,-0.006922039
11/28/2016,0.018607124
11/29/2016,-0.027951751
11/30/2016,0.005309629
12/1/2016,-0.03032461
12/2/2016,0.004773562
12/5/2016,-0.014922646
12/6/2016,0.017621963
12/7/2016,-0.006562158
12/8/2016,-0.010825688
12/9/2016,0.010944166
12/12/2016,-0.031865443
12/13/2016,0.011182008
12/14/2016,-0.007997001
12/15/2016,0.009887895
12/16/2016,0.022076707
12/19/2016,-0.022759168
12/20/2016,0.006118881
12/21/2016,-0.003661412
12/22/2016,-0.018623482
12/23/2016,0.011360751
12/26/2016,0.01129589
12/27/2016,-0.004343779
12/28/2016,0.007416641
12/29/2016,0.010517199
1/2/2017,-0.005509979
1/3/2017,0.020253632
1/4/2017,-0.007844084
1/5/2017,0.005473454
1/6/2017,-0.008407428
1/9/2017,0.004208857
1/10/2017,-0.011480289
1/11/2017,0.00430134
1/12/2017,0.031693588
1/13/2017,0.010615585
1/16/2017,-0.00352092
1/17/2017,0.008833402
1/18/2017,0.003444049
1/19/2017,0.002326934
1/20/2017,0.002901915
1/23/2017,-0.000578704
1/24/2017,0.001737116
1/26/2017,0.000578035
1/27/2017,0.000577701
1/30/2017,-0.020207852
1/31/2017,0.013553329
2/1/2017,0.006976744
2/2/2017,-0.009237875
2/3/2017,0.011072261
2/6/2017,-0.016138329
2/7/2017,-0.002929115
2/8/2017,-0.003525264
2/9/2017,-0.004127358
2/10/2017,0.014801658
2/13/2017,0.006417736
2/14/2017,0.007536232
2/15/2017,0.036823936
2/16/2017,-0.002774695
2/17/2017,-0.003895381
2/20/2017,-0.003351955
2/21/2017,0.012892377
2/22/2017,0.011621472
2/23/2017,-0.008205689
2/24/2017,-0.015995587
3/1/2017,0.003923767
3/2/2017,-0.03908431
3/3/2017,0.010459035
3/6/2017,-0.008050604
3/7/2017,-0.024927536
3/8/2017,0.01783591
3/9/2017,0.010514019
3/10/2017,0
3/13/2017,0.003468208
3/14/2017,-0.014976959
3/15/2017,0.011695906
3/16/2017,-0.001156069
3/17/2017,-0.004050926
3/20/2017,0.024985474
3/21/2017,-0.012471655
