1/4/2000,-0.071578947
1/5/2000,0.060657596
1/6/2000,0.008017103
1/7/2000,0
1/10/2000,0.007423118
1/11/2000,-0.046315789
1/12/2000,0.022075055
1/13/2000,0.076133909
1/14/2000,0.109884596
1/17/2000,-0.024412297
1/18/2000,0.031047266
1/19/2000,-0.048539326
1/20/2000,-0.038261691
1/21/2000,-0.006876228
1/24/2000,-0.026211672
1/26/2000,-0.019807009
1/27/2000,0.025906736
1/28/2000,0.076767677
1/31/2000,-0.06988743
2/1/2000,-0.040342915
2/2/2000,0.019968471
2/3/2000,0.041731066
2/4/2000,0.009891197
2/7/2000,-0.002938296
2/8/2000,0.014243615
2/9/2000,-0.014043584
2/10/2000,0.03978389
2/11/2000,-0.016060463
2/14/2000,-0.032645223
2/15/2000,0.002977667
2/16/2000,0.000494805
2/17/2000,-0.006923838
2/18/2000,-0.043824701
2/21/2000,-0.0140625
2/22/2000,-0.003697834
2/23/2000,0.007423118
2/24/2000,0.021578947
2/25/2000,-0.042246265
2/28/2000,-0.032813341
2/29/2000,-0.040600667
3/1/2000,0.101449275
3/2/2000,0.006842105
3/3/2000,0.014636696
3/8/2000,0
3/9/2000,-0.010819165
3/10/2000,0.007291667
3/13/2000,-0.017580145
3/14/2000,0.042631579
3/15/2000,-0.034326098
3/16/2000,0.007318348
3/17/2000,-0.026984951
3/20/2000,-0.012266667
3/21/2000,0.022138229
3/22/2000,0.028526149
3/23/2000,0.010785824
3/24/2000,-0.00101626
3/27/2000,0.001017294
3/28/2000,-0.003556911
3/29/2000,-0.027536971
3/30/2000,-0.017829051
3/31/2000,0.043246129
4/3/2000,-0.038382805
4/4/2000,-0.03938265
4/5/2000,-0.014958449
4/6/2000,0.015185602
4/7/2000,0.012742382
4/10/2000,-0.019146608
4/11/2000,0.029559398
4/12/2000,-0.026543879
4/13/2000,-0.086254869
4/14/2000,-0.099269184
4/17/2000,0.017579446
4/18/2000,0.068438538
4/19/2000,-0.021144279
4/20/2000,0.024777637
4/24/2000,-0.007439554
4/25/2000,0.013116802
4/26/2000,0.003699137
4/27/2000,0.020884521
4/28/2000,0.077617329
5/2/2000,-0.030150754
5/3/2000,-0.027633851
5/4/2000,0.004144464
5/5/2000,-0.015919811
5/8/2000,0
5/9/2000,-0.001797484
5/10/2000,-0.030612245
5/11/2000,-0.00123839
5/12/2000,-0.028518289
5/15/2000,0.038927888
5/16/2000,0.041769042
5/17/2000,-0.051886792
5/18/2000,0.003109453
5/19/2000,-0.048357099
5/22/2000,-0.001954397
5/23/2000,-0.0345953
5/24/2000,0.022988506
5/25/2000,0.035690681
5/26/2000,0.040842374
5/29/2000,0.01532802
5/30/2000,0.006038647
5/31/2000,0.003601441
6/1/2000,0.063397129
6/2/2000,0.040494938
6/5/2000,-0.00972973
6/6/2000,-0.02128821
6/7/2000,0.036252091
6/8/2000,0.009149623
6/9/2000,-0.001066667
6/12/2000,0.014415376
6/13/2000,0.014210526
6/14/2000,-0.020238713
6/15/2000,0.034427966
6/16/2000,0.004096262
6/19/2000,0.010198878
6/20/2000,-0.01362948
6/21/2000,0.027635619
6/23/2000,0.013944223
6/26/2000,0.006385069
6/27/2000,-0.019033675
6/28/2000,0.019402985
6/29/2000,0.020497804
6/30/2000,0.019129603
7/3/2000,0.006100422
7/4/2000,0.012593284
7/5/2000,0.003684938
7/6/2000,0.001835704
7/7/2000,-0.012368301
7/10/2000,0.011595547
7/11/2000,-0.047226043
7/12/2000,-0.032723773
7/13/2000,-0.054726368
7/14/2000,0.064736842
7/17/2000,0.03954523
7/18/2000,-0.009985735
7/19/2000,-0.041786744
7/20/2000,0.017042607
7/21/2000,0.009857072
7/24/2000,0.006832601
7/25/2000,-0.013087736
7/26/2000,0.056483301
7/27/2000,-0.013947001
7/28/2000,-0.000471476
7/31/2000,-0.010849057
8/1/2000,-0.022889843
8/2/2000,0.006832601
8/3/2000,0.052350945
8/4/2000,0.010133579
8/7/2000,0.015959872
8/8/2000,-0.004039497
8/9/2000,0.009013069
8/10/2000,0.050022331
8/11/2000,0.04636325
8/14/2000,0.019512195
8/15/2000,-0.009170654
8/16/2000,-0.047484909
8/17/2000,0.017321504
8/18/2000,-0.030730897
8/21/2000,0.000856898
8/22/2000,0.023972603
8/23/2000,0.02048495
8/24/2000,-0.00450635
8/25/2000,0.022633745
8/28/2000,-0.006438632
8/29/2000,-0.031186715
8/30/2000,-0.012959866
8/31/2000,0.015671326
9/1/2000,0.021684737
9/4/2000,-0.00122449
9/5/2000,-0.006947282
9/6/2000,0.025925926
9/8/2000,-0.000802246
9/11/2000,-0.015254918
9/12/2000,-0.022421525
9/13/2000,0.013344454
9/14/2000,-0.025925926
9/15/2000,-0.00591466
9/18/2000,-0.04079898
9/19/2000,0.041648206
9/20/2000,-0.009783071
9/21/2000,-0.017611684
9/22/2000,0.039352864
9/25/2000,0.029028187
9/26/2000,0.004905969
9/27/2000,-0.011391375
9/28/2000,-0.006584362
9/29/2000,-0.009113505
10/2/2000,-0.023411371
10/3/2000,0
10/4/2000,-0.005565068
10/5/2000,0.017649591
10/6/2000,-0.018612521
10/9/2000,0
10/10/2000,-0.016810345
10/11/2000,0
10/13/2000,0.003507234
10/16/2000,0.010048056
10/17/2000,-0.030276817
10/18/2000,-0.062890277
10/19/2000,-0.019038553
10/20/2000,-0.036875303
10/23/2000,-0.04836272
10/24/2000,-0.040762308
10/25/2000,0.01214128
10/26/2000,0.021264995
10/27/2000,0.021356113
10/30/2000,0.002090957
10/31/2000,-0.034950443
11/1/2000,0.012432432
11/3/2000,-0.004271223
11/6/2000,0.017158177
11/7/2000,0.002635741
11/8/2000,-0.006834911
11/9/2000,0.00847009
11/10/2000,0.045144357
11/13/2000,-0.015570065
11/14/2000,-0.044387755
11/16/2000,0.012813668
11/17/2000,0
11/20/2000,0.099103848
11/21/2000,0.035491607
11/22/2000,-0.005094951
11/23/2000,0
11/24/2000,0.018156425
11/27/2000,-0.01920439
11/28/2000,-0.006060606
11/29/2000,0.040337711
11/30/2000,-0.045085663
12/1/2000,-0.019357885
12/4/2000,-0.003851709
12/5/2000,0.038182697
12/6/2000,0.020484171
12/7/2000,0.015510949
12/8/2000,0.037286613
12/11/2000,0.045474231
12/12/2000,-0.016984258
12/13/2000,0.011378003
12/14/2000,-0.01625
12/15/2000,-0.017365523
12/18/2000,0.010344828
12/19/2000,0.023464164
12/20/2000,-0.020008337
12/21/2000,-0.009783071
12/22/2000,0.009879725
12/26/2000,0.005104211
12/27/2000,0.035124841
12/28/2000,0.07686018
1/2/2001,-0.028853455
1/3/2001,0.027365129
1/4/2001,0.00304414
1/5/2001,-0.007966616
1/8/2001,-0.007265774
1/9/2001,0.010015408
1/10/2001,-0.026315789
1/11/2001,0.009400705
1/12/2001,-0.032596042
1/15/2001,0.015643803
1/16/2001,-0.000789889
1/17/2001,0.010671937
1/18/2001,0.015252249
1/19/2001,0.003081664
1/22/2001,-0.023425499
1/23/2001,0.009830908
1/24/2001,-0.018302181
1/26/2001,0
1/29/2001,-0.006743356
1/30/2001,-0.008386581
1/31/2001,0.026580749
2/1/2001,-0.036877207
2/2/2001,-0.02688391
2/5/2001,-0.011720385
2/6/2001,0.003811944
2/7/2001,0.016033755
2/8/2001,-0.004568106
2/9/2001,-0.019190655
2/12/2001,-0.016588686
2/13/2001,0.003892734
2/14/2001,-0.006462732
2/15/2001,0.009106678
2/16/2001,-0.033949291
2/19/2001,-0.025800712
2/20/2001,0.00913242
2/21/2001,0.013574661
2/22/2001,-0.010714286
2/23/2001,0.010379061
2/28/2001,-0.033943725
3/1/2001,-0.000924642
3/2/2001,0.032392411
3/5/2001,-0.003137606
3/6/2001,-0.010341727
3/7/2001,0.05542935
3/8/2001,-0.012053379
3/9/2001,0.009150327
3/12/2001,-0.059585492
3/13/2001,-0.014692378
3/14/2001,-0.000465983
3/15/2001,0.015384615
3/16/2001,-0.034435262
3/19/2001,-0.042796006
3/20/2001,0.010432191
3/21/2001,0.040314651
3/22/2001,-0.072778828
3/23/2001,0.088175331
3/26/2001,0.029976581
3/27/2001,0.009549795
3/28/2001,-0.004504505
3/29/2001,-0.004072398
3/30/2001,-0.001817356
4/2/2001,-0.066909422
4/3/2001,-0.036585366
4/4/2001,0.009620253
4/5/2001,0.052156469
4/6/2001,0.026692088
4/9/2001,0.017641597
4/10/2001,0.025547445
4/11/2001,-0.016903915
4/12/2001,0.03438914
4/16/2001,-0.049431321
4/17/2001,-0.015646572
4/18/2001,0.037868163
4/19/2001,-0.009459459
4/20/2001,-0.093224193
4/23/2001,0.004513541
4/24/2001,0.020968547
4/25/2001,0.02591687
4/26/2001,0.067206864
4/27/2001,0.037516749
4/30/2001,0.012914335
5/2/2001,-0.036549086
5/3/2001,-0.004411116
5/4/2001,-0.000443066
5/7/2001,0.011524823
5/8/2001,-0.043821209
5/9/2001,0.034372136
5/10/2001,-0.014178113
5/11/2001,-0.01752809
5/14/2001,-0.036139067
5/15/2001,0.007119127
5/16/2001,0.052309142
5/17/2001,0.002686968
5/18/2001,0.007592675
5/21/2001,-0.003546099
5/22/2001,-0.015124555
5/23/2001,0.023938573
5/24/2001,0.003970004
5/25/2001,-0.003954306
5/28/2001,-0.012351125
5/29/2001,0.004019652
5/30/2001,0.00088968
5/31/2001,-0.003555556
6/1/2001,0.015165031
6/4/2001,0.020650264
6/5/2001,0.004304778
6/6/2001,0.007715388
6/7/2001,0.034453424
6/8/2001,-0.017680921
6/11/2001,-0.015906237
6/12/2001,0.036154828
6/13/2001,-0.019293924
6/15/2001,-0.02344077
6/18/2001,-0.04672096
6/19/2001,-0.001798561
6/20/2001,0.013513514
6/21/2001,0.003111111
6/22/2001,0.016836509
6/25/2001,-0.003050109
6/26/2001,-0.021416084
6/27/2001,0.004019652
6/28/2001,0.004003559
6/29/2001,0.008418254
7/2/2001,0.020650264
7/3/2001,-0.02970297
7/4/2001,-0.022626442
7/5/2001,-0.009532456
7/6/2001,-0.021539872
7/10/2001,-0.013114754
7/11/2001,-0.004271476
7/12/2001,0.018589133
7/13/2001,0.056153486
7/16/2001,-0.024811697
7/17/2001,-0.000908678
7/18/2001,-0.024556617
7/19/2001,0.011188811
7/20/2001,0.02351314
7/23/2001,0
7/24/2001,-0.033783784
7/25/2001,0.007925408
7/26/2001,-0.000925069
7/27/2001,0.010185185
7/30/2001,-0.005957837
7/31/2001,0.010603965
8/1/2001,-0.013229927
8/2/2001,0.015718909
8/3/2001,0.00591716
8/6/2001,0.047058824
8/7/2001,0.003889369
8/8/2001,-0.0038743
8/9/2001,0.012100259
8/10/2001,0
8/13/2001,-0.029035013
8/14/2001,0.013192612
8/15/2001,-0.028211806
8/16/2001,-0.012952211
8/17/2001,-0.024434389
8/20/2001,0.006029685
8/21/2001,-0.011065007
8/22/2001,0.026107226
8/23/2001,-0.015447524
8/24/2001,-0.014766959
8/27/2001,-0.013114754
8/28/2001,0.030374941
8/29/2001,-0.004145555
8/30/2001,0
8/31/2001,0.000462535
9/3/2001,-0.000462321
9/4/2001,0.006012951
9/5/2001,-0.006896552
9/6/2001,-0.024537037
9/10/2001,-0.009017561
9/11/2001,-0.063218391
9/12/2001,0.014826176
9/13/2001,-0.063476071
9/14/2001,-0.052716514
9/17/2001,0.036342987
9/18/2001,0.04109589
9/19/2001,-0.01
9/20/2001,-0.015948963
9/21/2001,-0.044840627
9/24/2001,0.053167421
9/25/2001,-0.030075188
9/26/2001,0
9/27/2001,0.040420819
9/28/2001,0.062267163
10/1/2001,-0.005511022
10/2/2001,-0.014609572
10/3/2001,0.005112474
10/4/2001,-0.028992879
10/5/2001,-0.019381875
10/8/2001,-0.026175214
10/9/2001,0.00603401
10/10/2001,0
10/11/2001,0.058342421
10/15/2001,0.027305513
10/16/2001,-0.018054162
10/17/2001,0.018386108
10/18/2001,-0.013039117
10/19/2001,0.022865854
10/22/2001,0.02533532
10/23/2001,0.011627907
10/24/2001,-0.010536398
10/25/2001,0.007260407
10/26/2001,-0.014416146
10/29/2001,-0.041443198
10/30/2001,-0.045269583
10/31/2001,0.028236548
11/1/2001,0.021761658
11/5/2001,0.068458418
11/6/2001,0.02135738
11/7/2001,0.026951673
11/8/2001,-0.012669683
11/9/2001,-0.004124656
11/12/2001,0.012885412
11/13/2001,0.024079964
11/14/2001,-0.006654836
11/16/2001,0.025011166
11/19/2001,0.02875817
11/20/2001,-0.016094875
11/21/2001,-0.001291433
11/22/2001,0.005603448
11/23/2001,0.008572653
11/26/2001,0.023374416
11/27/2001,-0.007890365
11/28/2001,-0.055253244
11/29/2001,-0.041648206
11/30/2001,-0.015256588
12/3/2001,0.016431925
12/4/2001,0.008775982
12/5/2001,0.02518315
12/6/2001,0.04600268
12/7/2001,-0.02177626
12/10/2001,-0.017023134
12/11/2001,-0.010213144
12/12/2001,-0.00807537
12/13/2001,-0.024875622
12/14/2001,-0.012987013
12/17/2001,0
12/18/2001,0.051221805
12/19/2001,-0.032632991
12/20/2001,-0.008780037
12/21/2001,0.030769231
12/26/2001,0.004070556
12/27/2001,0.02972973
12/28/2001,0.028871391
1/2/2002,-0.00170068
1/3/2002,0.016609881
1/4/2002,-0.007540846
1/7/2002,0.004643309
1/8/2002,0.003781513
1/9/2002,-0.017999163
1/10/2002,-0.033674339
1/11/2002,0.027348919
1/14/2002,-0.006440532
1/15/2002,0.000864304
1/16/2002,-0.004749568
1/17/2002,0.012147505
1/18/2002,0.003857694
1/21/2002,-0.002988898
1/22/2002,0.007280514
1/23/2002,0.003826531
1/24/2002,-0.019906819
1/28/2002,0.003889369
1/29/2002,-0.027981059
1/30/2002,-0.007528787
1/31/2002,0.011601963
2/1/2002,-0.026466696
2/4/2002,0.027186226
2/5/2002,0.014997794
2/6/2002,0.005649718
2/7/2002,0.003889369
2/8/2002,-0.0038743
2/13/2002,0
2/14/2002,0.024200519
2/15/2002,0.020253165
2/18/2002,-0.018196857
2/19/2002,0.00252738
2/20/2002,0.015966387
2/21/2002,0.019437552
2/22/2002,0.006490872
2/25/2002,0.05401048
2/26/2002,0.007265774
2/27/2002,0.003416856
2/28/2002,-0.017782823
3/1/2002,0.013867488
3/4/2002,-0.015197568
3/5/2002,-0.027391975
3/6/2002,0.011106704
3/7/2002,-0.0109847
3/8/2002,0.000793336
3/11/2002,-0.022988506
3/12/2002,0.026369168
3/13/2002,0.026086957
3/14/2002,0.000770416
3/15/2002,0.013856813
3/18/2002,0.022019742
3/19/2002,0.016716196
3/20/2002,0.010595543
3/21/2002,-0.01373825
3/22/2002,-0.020527859
3/25/2002,-0.021332335
3/26/2002,0.03250478
3/27/2002,-0.02037037
3/28/2002,0.003024575
4/1/2002,0.035431587
4/2/2002,-0.027302512
4/3/2002,-0.004491018
4/4/2002,0.02556391
4/5/2002,-0.01026393
4/8/2002,0.007037037
4/9/2002,0.017285767
4/10/2002,0.011930586
4/11/2002,0.021793498
4/12/2002,-0.006643357
4/15/2002,-0.023231257
4/16/2002,-0.01009009
4/17/2002,0.001456134
4/18/2002,-0.008360596
4/19/2002,-0.002932551
4/22/2002,0.002941176
4/23/2002,-0.006964809
4/24/2002,0.017349575
4/25/2002,-0.037373004
4/26/2002,0.007161704
4/29/2002,-0.005239521
4/30/2002,-0.012791573
5/2/2002,-0.045731707
5/3/2002,-0.023162939
5/6/2002,-0.018397383
5/7/2002,0.022490629
5/8/2002,0.000814664
5/9/2002,-0.042735043
5/10/2002,-0.008928571
5/13/2002,-0.016302016
5/14/2002,0.033144352
5/15/2002,0.03967919
5/16/2002,0.019894438
5/17/2002,-0.007563694
5/20/2002,-0.022061773
5/21/2002,-0.009844135
5/22/2002,-0.018227009
5/23/2002,0.006751055
5/24/2002,0.009220453
5/27/2002,0.014119601
5/28/2002,0.003276003
5/29/2002,0.025306122
5/31/2002,-0.011544586
6/3/2002,-0.014901329
6/4/2002,-0.01103843
6/5/2002,-0.02397685
6/6/2002,-0.036001694
6/7/2002,0.009226714
6/10/2002,0.032215934
6/11/2002,-0.025727541
6/12/2002,-0.029004329
6/13/2002,-0.001783326
6/14/2002,-0.028584189
6/17/2002,0.016551724
6/18/2002,0.008141113
6/19/2002,-0.033647376
6/20/2002,-0.039461467
6/21/2002,-0.031416143
6/24/2002,0.008982036
6/25/2002,0.020771513
6/26/2002,-0.00629845
6/27/2002,0.019015115
6/28/2002,-0.000956938
7/1/2002,0
7/2/2002,-0.026819923
7/3/2002,-0.012795276
7/4/2002,0.012961117
7/5/2002,-0.018700787
7/8/2002,0.009528586
7/10/2002,-0.027819175
7/11/2002,0.014307614
7/12/2002,0.066498741
7/15/2002,-0.023145961
7/16/2002,0
7/17/2002,0.046421663
7/18/2002,0.00831793
7/19/2002,-0.013748854
7/22/2002,-0.046933086
7/23/2002,-0.050706972
7/24/2002,-0.004622496
7/25/2002,-0.095459236
7/26/2002,-0.066172276
7/29/2002,0.012217471
7/30/2002,-0.035003018
7/31/2002,0.017510944
8/1/2002,0.014136447
8/2/2002,0.046666667
8/5/2002,0.002316155
8/6/2002,0.018486424
8/7/2002,0.035167328
8/8/2002,0.080547945
8/9/2002,-0.056288032
8/12/2002,-0.066093498
8/13/2002,-0.047180667
8/14/2002,0.014492754
8/15/2002,-0.055952381
8/16/2002,0.044136192
8/19/2002,0.012077295
8/20/2002,0.001193317
8/21/2002,0.020262217
8/22/2002,0.03271028
8/23/2002,-0.015837104
8/26/2002,0.03908046
8/27/2002,0.04590708
8/28/2002,-0.016922263
8/29/2002,-0.008068854
8/30/2002,0.040672451
9/2/2002,0.024491923
9/3/2002,-0.019328586
9/4/2002,-0.02593361
9/5/2002,-0.044195953
9/6/2002,-0.00724234
9/9/2002,0.005050505
9/10/2002,0
9/11/2002,0.041876047
9/12/2002,-0.001607717
9/13/2002,-0.005367687
9/16/2002,-0.040474906
9/17/2002,-0.01799775
9/18/2002,-0.035509737
9/19/2002,0.001187648
9/20/2002,0.026690391
9/23/2002,-0.046793761
9/24/2002,-0.026060606
9/25/2002,-0.027380212
9/26/2002,-0.007037748
9/27/2002,-0.048324742
9/30/2002,0.018957346
10/1/2002,0.06910299
10/2/2002,0.016159105
10/3/2002,0.039143731
10/4/2002,-0.012360212
10/7/2002,-0.047079857
10/8/2002,-0.035021889
10/9/2002,-0.024627349
10/10/2002,0.012624585
10/11/2002,0
10/14/2002,-0.055774278
10/15/2002,0.009034051
10/16/2002,0.010330579
10/17/2002,0.083844581
10/18/2002,-0.011949686
10/21/2002,0.012094208
10/22/2002,0.02327044
10/23/2002,0.055931162
10/24/2002,0.008731083
10/25/2002,0.023658396
10/28/2002,-0.036076663
10/29/2002,-0.016374269
10/30/2002,0.069560048
10/31/2002,0.009449694
11/1/2002,-0.010462555
11/4/2002,-0.032832499
11/5/2002,-0.00863061
11/6/2002,-0.008705746
11/7/2002,0
11/8/2002,-0.008782201
11/11/2002,0.016538689
11/12/2002,-0.021499128
11/13/2002,0.008907363
11/14/2002,-0.003531489
11/18/2002,0.017720024
11/19/2002,0.002321532
11/20/2002,0.008685582
11/21/2002,0.019517796
11/22/2002,-0.029842342
11/25/2002,0.011027278
11/26/2002,0.009758898
11/27/2002,0
11/28/2002,-0.005116543
11/29/2002,0.030857143
12/2/2002,0.012749446
12/3/2002,0.003831418
12/4/2002,-0.014176663
12/5/2002,-0.01659292
12/6/2002,0.007311586
12/9/2002,-0.049134562
12/10/2002,-0.001174398
12/11/2002,0.058201058
12/12/2002,-0.006111111
12/13/2002,0
12/16/2002,0.016769145
12/17/2002,0.015942826
12/18/2002,0.029220779
12/19/2002,0.058359621
12/20/2002,0.02533532
12/23/2002,-0.024709302
12/26/2002,-0.009438649
12/27/2002,0.014042126
12/30/2002,0.028189911
1/2/2003,-0.031746032
1/3/2003,0.007451565
1/6/2003,0.031558185
1/7/2003,-0.002868069
1/8/2003,-0.001438159
1/9/2003,-0.001920307
1/10/2003,0.031746032
1/13/2003,-0.004195804
1/14/2003,0
1/15/2003,-0.019662921
1/16/2003,0.010983763
1/17/2003,-0.011809164
1/20/2003,-0.022944551
1/21/2003,0.000978474
1/22/2003,-0.059628543
1/23/2003,-0.003118503
1/24/2003,-0.009906152
1/27/2003,-0.011058452
1/28/2003,-0.009052183
1/29/2003,0.018269747
1/30/2003,-0.024274406
1/31/2003,0.021633315
2/3/2003,0.021704606
2/4/2003,-0.002072539
2/5/2003,-0.01298027
2/6/2003,-0.005260389
2/7/2003,-0.017979905
2/10/2003,-0.007000539
2/11/2003,0.009219089
2/12/2003,0.005910801
2/13/2003,0.001068376
2/14/2003,0.014407684
2/17/2003,-0.011046817
2/18/2003,0.040425532
2/19/2003,-0.042944785
2/20/2003,-0.014957265
2/21/2003,0.015184382
2/24/2003,-0.008012821
2/25/2003,0.008077544
2/26/2003,-0.006944444
2/27/2003,0.020441097
2/28/2003,0.026357406
3/5/2003,0.019517206
3/6/2003,0.043324937
3/7/2003,-0.017382907
3/10/2003,-0.019164619
3/11/2003,-0.016032064
3/12/2003,0.036150713
3/13/2003,0.024078624
3/14/2003,0.012955854
3/17/2003,-0.015158693
3/18/2003,0.027417027
3/19/2003,-0.002808989
3/20/2003,0.018779343
3/21/2003,0.020276498
3/24/2003,-0.018066847
3/25/2003,0.012419503
3/26/2003,0.030440709
3/27/2003,-0.005291005
3/28/2003,-0.012411348
3/31/2003,-0.000897666
4/1/2003,-0.011230907
4/2/2003,0.011358473
4/3/2003,-0.013027853
4/4/2003,0.034592626
4/7/2003,0.042234932
4/8/2003,-0.028281976
4/9/2003,-0.019113814
4/10/2003,-0.035429584
4/11/2003,0.000918274
4/14/2003,-0.000917431
4/15/2003,0.048209366
4/16/2003,-0.02934735
4/17/2003,0.030234657
4/22/2003,0.010074463
4/23/2003,0.010841284
4/24/2003,-0.003432003
4/25/2003,-0.021523892
4/28/2003,0.031236252
4/29/2003,-0.006399317
4/30/2003,-0.024044654
5/2/2003,0.012758469
5/5/2003,0.024761077
5/6/2003,-0.036456125
5/7/2003,0.010118786
5/8/2003,-0.015679443
5/9/2003,0.002654867
5/12/2003,0.011915269
5/13/2003,-0.008722198
5/14/2003,0.019357677
5/15/2003,-0.034527406
5/16/2003,-0.006705409
5/19/2003,-0.013951395
5/20/2003,-0.019169329
5/21/2003,0.038157282
5/22/2003,-0.010757508
5/23/2003,-0.017671047
5/26/2003,-0.006918819
5/27/2003,0.039944264
5/28/2003,0.006699419
5/29/2003,0.002661934
5/30/2003,-0.001769912
6/2/2003,-0.00177305
6/3/2003,0.005328597
6/4/2003,0.018551237
6/5/2003,-0.020815265
6/6/2003,0.006200177
6/9/2003,-0.007042254
6/10/2003,-0.004875887
6/11/2003,-0.00935412
6/12/2003,0.004946043
6/13/2003,-0.017002237
6/16/2003,0
6/17/2003,-0.002730997
6/18/2003,-0.017343679
6/20/2003,-0.012540641
6/23/2003,-0.005174036
6/24/2003,0.005200946
6/25/2003,-0.018814675
6/26/2003,0.004793864
6/27/2003,-0.016698473
6/30/2003,-0.008248423
7/1/2003,0.031800391
7/2/2003,0.006638217
7/3/2003,-0.013659915
7/4/2003,0.009073543
7/7/2003,-0.009938476
7/8/2003,0.017208413
7/10/2003,-0.006109023
7/11/2003,-0.006146572
7/14/2003,0.022359657
7/15/2003,-0.004187994
7/16/2003,-0.001869159
7/17/2003,0.006086142
7/18/2003,0.014425314
7/21/2003,-0.02293578
7/22/2003,0.012676056
7/23/2003,0.028280019
7/24/2003,0.016230839
7/25/2003,0.000887311
7/28/2003,0.011968085
7/29/2003,0
7/30/2003,-0.022777048
7/31/2003,0.030927835
8/1/2003,-0.026521739
8/4/2003,-0.041983028
8/5/2003,0.001864802
8/6/2003,-0.010702652
8/7/2003,0.044214487
8/8/2003,0.027477477
8/11/2003,-0.01665936
8/12/2003,-0.003566652
8/13/2003,0
8/14/2003,0.012080537
8/15/2003,0.00928382
8/18/2003,0.004380201
8/19/2003,-0.005233319
8/20/2003,0.026742657
8/21/2003,0.018787361
8/22/2003,0.006286672
8/25/2003,-0.01332778
8/26/2003,0.028281976
8/27/2003,0.031198686
8/28/2003,-0.023487261
8/29/2003,-0.017121892
9/1/2003,0.022397345
9/2/2003,0.00040568
9/3/2003,-0.000405515
9/4/2003,0
9/5/2003,0
9/8/2003,0
9/9/2003,-0.034888438
9/10/2003,0.023959647
9/11/2003,0.014778325
9/12/2003,-0.01092233
9/15/2003,-0.023312883
9/16/2003,-0.007118928
9/17/2003,0.005482919
9/18/2003,-0.00545302
9/19/2003,-0.014339941
9/22/2003,-0.006846384
9/23/2003,-0.003015941
9/24/2003,-0.019878997
9/25/2003,-0.00617284
9/26/2003,-0.010204082
9/29/2003,0.006275213
9/30/2003,-0.021380846
10/1/2003,0.05416477
10/2/2003,0.002158895
10/3/2003,0.008186127
10/6/2003,-0.012820513
10/7/2003,0.009090909
10/8/2003,0.00986701
10/9/2003,-0.011469839
10/10/2003,-0.010743446
10/13/2003,0.009122502
10/14/2003,0.003443823
10/15/2003,-0.016302016
10/16/2003,0.016572176
10/17/2003,-0.010725011
10/20/2003,0.034692108
10/21/2003,-0.001676446
10/22/2003,-0.023929471
10/23/2003,-0.031827957
10/24/2003,0.034651266
10/27/2003,-0.015027909
10/28/2003,0.007846556
10/29/2003,-0.019896194
10/30/2003,0.011032657
10/31/2003,0.010039284
11/3/2003,0.007346586
11/4/2003,-0.020592021
11/5/2003,0.003504161
11/6/2003,-0.002618944
11/7/2003,0.019256018
11/10/2003,-0.009016745
11/11/2003,-0.006499133
11/12/2003,0.033144352
11/13/2003,-0.014352047
11/14/2003,0.017987152
11/17/2003,-0.0256626
11/18/2003,-0.001727116
11/19/2003,0.001730104
11/20/2003,0.046632124
11/21/2003,0.03960396
11/24/2003,0.01984127
11/25/2003,-0.007782101
11/26/2003,0.018823529
11/27/2003,0.029638183
11/28/2003,0.019065421
12/1/2003,0.000733676
12/2/2003,-0.006231672
12/3/2003,0.026189598
12/4/2003,-0.017253774
12/5/2003,0.020117045
12/8/2003,-0.033345285
12/9/2003,0
12/10/2003,-0.00074184
12/11/2003,0.00074239
12/12/2003,-0.012240356
12/15/2003,-0.015020653
12/16/2003,-0.003431186
12/17/2003,0.026013772
12/18/2003,0.024235645
12/19/2003,0.009828904
12/22/2003,0.017303533
12/23/2003,0.013465627
12/26/2003,0.018881119
12/29/2003,-0.001372684
12/30/2003,-0.002061856
1/2/2004,0.003443526
1/5/2004,0.03054221
1/6/2004,-0.007659008
1/7/2004,-0.017114094
1/8/2004,0
1/9/2004,0.004438375
1/12/2004,-0.00067981
1/13/2004,0.007142857
1/14/2004,-0.01350895
1/15/2004,-0.009585758
1/16/2004,0.000691324
1/19/2004,-0.010017271
1/20/2004,0.003838102
1/21/2004,-0.02919708
1/22/2004,0.013247404
1/23/2004,0.012720848
1/26/2004,0.044661549
1/27/2004,0.000668003
1/28/2004,-0.027369826
1/29/2004,-0.027796843
1/30/2004,-0.029650547
2/2/2004,0.028737723
2/3/2004,-0.01980198
2/4/2004,-0.02958153
2/5/2004,-0.034200743
2/6/2004,0.025789069
2/9/2004,0.014258912
2/10/2004,0.006659267
2/11/2004,0.056596839
2/12/2004,-0.00973913
2/13/2004,0.001756235
2/16/2004,-0.016479663
2/17/2004,0.021746881
2/18/2004,-0.009420796
2/19/2004,-0.067981684
2/20/2004,0.037414966
2/25/2004,0.013479053
2/26/2004,-0.018691589
2/27/2004,0.021611722
3/1/2004,0.027608462
3/2/2004,-0.011514306
3/3/2004,0.02223791
3/4/2004,-0.01691989
3/5/2004,0.013347383
3/8/2004,0
3/9/2004,-0.026343154
3/10/2004,-0.040939836
3/11/2004,-0.017074981
3/12/2004,0.038141994
3/15/2004,-0.013095671
3/16/2004,-0.005528935
3/17/2004,0.016308377
3/18/2004,0.00401167
3/19/2004,-0.008354522
3/22/2004,-0.025641026
3/23/2004,-0.009398496
3/24/2004,-0.020872865
3/25/2004,-0.003875969
3/26/2004,0.006225681
3/29/2004,0.030549111
3/30/2004,0.016510319
3/31/2004,-0.019564415
4/1/2004,0.025225904
4/2/2004,0.016893133
4/5/2004,-0.004694836
4/6/2004,-0.007619739
4/7/2004,-0.020840951
4/8/2004,0.002613891
4/12/2004,0.000744879
4/13/2004,0
4/14/2004,-0.00334946
4/15/2004,-0.021657954
4/16/2004,-0.007251908
4/19/2004,-0.004998078
4/20/2004,-0.002318393
4/22/2004,-0.01045701
4/23/2004,0.016046967
4/26/2004,-0.012711864
4/27/2004,-0.000390168
4/28/2004,-0.048009368
4/29/2004,-0.054940549
4/30/2004,-0.010845987
5/3/2004,0.006578947
5/4/2004,0.026579521
5/5/2004,0.002122241
5/6/2004,-0.029224905
5/7/2004,-0.022251309
5/10/2004,-0.059794734
5/11/2004,0.049833887
5/12/2004,0.017179024
5/13/2004,0.034222222
5/14/2004,-0.015040825
5/17/2004,-0.018324607
5/18/2004,0.014666667
5/19/2004,0.037669733
5/20/2004,-0.005487547
5/21/2004,0.01188455
5/24/2004,0.024328859
5/25/2004,0.014332514
5/26/2004,0.010496568
5/27/2004,0.019176988
5/28/2004,-0.012936103
5/31/2004,-0.003574265
6/1/2004,0.019131128
6/2/2004,0.004693
6/3/2004,-0.016348774
6/4/2004,0.011080332
6/7/2004,0.022700587
6/8/2004,0.007271336
6/9/2004,-0.021656535
6/11/2004,-0.009320388
6/14/2004,-0.020384163
6/15/2004,0.043617447
6/16/2004,-0.003834356
6/17/2004,-0.011932256
6/18/2004,-0.001947799
6/21/2004,0.017564403
6/22/2004,-0.013808976
6/23/2004,0.017113963
6/24/2004,-0.001912046
6/25/2004,0.018773946
6/28/2004,0.009402031
6/29/2004,0.023099851
6/30/2004,-0.01201748
7/1/2004,0.036122374
7/2/2004,0.003557453
7/5/2004,-0.002835874
7/6/2004,-0.017774618
7/7/2004,-0.005790807
7/8/2004,-0.013105206
7/12/2004,0.040575433
7/13/2004,-0.005671748
7/14/2004,-0.014973262
7/15/2004,0.00398118
7/16/2004,0.037130497
7/19/2004,-0.003475843
7/20/2004,-0.008719916
7/21/2004,-0.029908515
7/22/2004,-0.018135655
7/23/2004,0.002955301
7/26/2004,-0.016574586
7/27/2004,0.034831461
7/28/2004,0.004343105
7/29/2004,-0.011171171
7/30/2004,-0.012026239
8/2/2004,0.000368868
8/3/2004,-0.007743363
8/4/2004,-0.008175399
8/5/2004,-0.039715249
8/6/2004,0.01404604
8/9/2004,-0.017699115
8/10/2004,0.029768899
8/11/2004,-0.010270065
8/12/2004,0.017678709
8/13/2004,0.007175227
8/16/2004,-0.001499813
8/17/2004,0.026286143
8/18/2004,0.026344676
8/19/2004,0.031016043
8/20/2004,0.010027663
8/23/2004,-0.019856214
8/24/2004,-0.002444988
8/25/2004,0.009803922
8/26/2004,-0.018030513
8/27/2004,0.002118644
8/30/2004,-0.00422833
8/31/2004,-0.023354565
9/1/2004,-0.011956522
9/2/2004,0.011734507
9/3/2004,-0.013773106
9/6/2004,-0.003675119
9/8/2004,0.007008484
9/9/2004,0.006959707
9/10/2004,-0.002910149
9/13/2004,-0.007661437
9/14/2004,0.025
9/15/2004,0.007173601
9/16/2004,0.017094017
9/17/2004,0.010154062
9/20/2004,0.001039861
9/21/2004,0.002423823
9/22/2004,-0.007944732
9/23/2004,-0.008704735
9/24/2004,0
9/27/2004,-0.015806112
9/28/2004,0.022840828
9/29/2004,0.010118632
9/30/2004,0.007944732
10/1/2004,0.035298149
10/4/2004,0.023833168
10/5/2004,0.001616554
10/6/2004,0.000968367
10/7/2004,0.005804579
10/8/2004,0.020519397
10/11/2004,0.005969211
10/13/2004,-0.001249219
10/14/2004,-0.009068168
10/15/2004,0.006311139
10/18/2004,0.000627156
10/19/2004,0.000940144
10/20/2004,0.010331872
10/21/2004,0.054229935
10/22/2004,-0.002939447
10/25/2004,-0.005601415
10/26/2004,-0.008597688
10/27/2004,-0.002990431
10/28/2004,0.019796041
10/29/2004,-0.013529412
11/1/2004,-0.008646392
11/3/2004,0
11/4/2004,0.021052632
11/5/2004,0
11/8/2004,-0.030044183
11/9/2004,-0.00273307
11/10/2004,0.016747868
11/11/2004,-0.009284217
11/12/2004,0.003325272
11/16/2004,-0.015064779
11/17/2004,0.008871214
11/18/2004,-0.005761067
11/19/2004,-0.007624276
11/22/2004,-0.00153657
11/23/2004,0.00615574
11/24/2004,0.004894463
11/25/2004,0.010350076
11/26/2004,0.024706237
11/29/2004,0.007350779
11/30/2004,0.007880911
12/1/2004,0.013032146
12/2/2004,0.059748428
12/3/2004,0.020231994
12/6/2004,0.017451084
12/7/2004,-0.004158004
12/8/2004,-0.001826722
12/9/2004,-0.003398693
12/10/2004,0.033578174
12/13/2004,0.031979695
12/14/2004,0.003935071
12/15/2004,-0.019598236
12/16/2004,0.004747626
12/17/2004,-0.040288485
12/20/2004,-0.013474994
12/21/2004,0.021276596
12/22/2004,0.010545267
12/23/2004,0.015525579
12/27/2004,-0.003007519
12/28/2004,0.003267974
12/29/2004,-0.007767477
12/30/2004,-0.011868687
1/3/2005,0.032200358
1/4/2005,-0.033176529
1/5/2005,-0.024327785
1/6/2005,-0.027034121
1/7/2005,0.006743998
1/10/2005,0.009646302
1/11/2005,-0.014596603
1/12/2005,-0.028009696
1/13/2005,0.02188972
1/14/2005,-0.004609544
1/17/2005,-0.003541269
1/18/2005,0.03745216
1/19/2005,0.012121212
1/20/2005,-0.023952096
1/21/2005,-0.023472926
1/24/2005,0.015842666
1/26/2005,0.008066685
1/27/2005,0.008268872
1/28/2005,0.007671958
1/31/2005,0.03097926
2/1/2005,-0.00381971
2/2/2005,0.035531697
2/3/2005,0.043692915
2/4/2005,0.070009461
2/9/2005,0.004862953
2/10/2005,-0.010778707
2/11/2005,0.014898821
2/14/2005,0.050832603
2/15/2005,0.015429525
2/16/2005,-0.016427105
2/17/2005,0.007515658
2/18/2005,-0.031703274
2/21/2005,-0.027819388
2/22/2005,0.034118424
2/23/2005,0.017028523
2/24/2005,0.050439514
2/25/2005,-0.000796972
2/28/2005,-0.003589232
3/1/2005,0.036621973
3/2/2005,-0.002123552
3/3/2005,0.012961888
3/4/2005,0.012414057
3/7/2005,0.013770987
3/8/2005,-0.014328247
3/9/2005,-0.017368322
3/10/2005,-0.014601345
3/11/2005,-0.011698187
3/14/2005,-0.002564608
3/15/2005,-0.009691456
3/16/2005,0.015777911
3/17/2005,0.011993708
3/18/2005,-0.014765883
3/21/2005,-0.036679156
3/22/2005,0.012487206
3/23/2005,-0.022240194
3/24/2005,0.022746071
3/28/2005,-0.028507885
3/29/2005,-0.015192508
3/30/2005,0
3/31/2005,-0.002535926
4/1/2005,-0.002542373
4/4/2005,-0.000637213
4/5/2005,0.013177471
4/6/2005,0.007132368
4/7/2005,0.016454905
4/8/2005,-0.010655738
4/11/2005,0.002485501
4/12/2005,-0.001859504
4/13/2005,0.002483958
4/14/2005,-0.01899649
4/15/2005,-0.000631446
4/18/2005,-0.012847515
4/19/2005,0.017068487
4/20/2005,-0.030837004
4/22/2005,-0.008008658
4/25/2005,0.013310059
4/26/2005,0.036821705
4/27/2005,0.01536864
4/28/2005,-0.052566987
4/29/2005,0.05246114
5/2/2005,0.025435897
5/3/2005,-0.018203641
5/4/2005,0.0299511
5/5/2005,-0.000593472
5/6/2005,-0.004354711
5/9/2005,0.04194831
5/10/2005,-0.02499523
5/11/2005,-0.025831703
5/12/2005,-0.023302531
5/13/2005,-0.008844097
5/16/2005,0.020336169
5/17/2005,-0.010575554
5/18/2005,0.024460432
5/19/2005,-0.009229535
5/20/2005,-0.020251114
5/23/2005,-0.012195122
5/24/2005,-0.004394225
5/25/2005,0.014081547
5/27/2005,-0.011398964
5/30/2005,0.002515723
5/31/2005,-0.008155583
6/1/2005,0.002530044
6/2/2005,0.020820189
6/3/2005,0.035228677
6/6/2005,0.017114428
6/7/2005,-0.006065349
6/8/2005,-0.02519685
6/9/2005,-0.007471729
6/10/2005,0.011190234
6/13/2005,-0.011066398
6/14/2005,0.028687691
6/15/2005,0.001186709
6/16/2005,0.004741209
6/17/2005,0.01179709
6/20/2005,0.001554606
6/21/2005,-0.015715949
6/22/2005,-0.01852947
6/23/2005,-0.011648925
6/24/2005,-0.001828897
6/27/2005,0.019340391
6/28/2005,0.020770921
6/29/2005,0
6/30/2005,0.004695754
7/1/2005,0.006231743
7/4/2005,-0.006193149
7/5/2005,-0.017916261
7/6/2005,-0.017251636
7/7/2005,-0.010088781
7/8/2005,-0.010803098
7/11/2005,0.019987637
7/12/2005,0.004242424
7/13/2005,0.02051901
7/14/2005,0.015769761
7/15/2005,-0.008344654
7/18/2005,0.018199609
7/19/2005,-0.001921968
7/20/2005,0.004043905
7/21/2005,-0.004602992
7/22/2005,-0.026011561
7/25/2005,-0.035410485
7/26/2005,0.037940935
7/27/2005,0.015807153
7/28/2005,0.007197043
7/29/2005,-0.010428737
8/1/2005,0.022638564
8/2/2005,0.060877863
8/3/2005,-0.040115129
8/4/2005,-0.001124438
8/5/2005,-0.002814259
8/8/2005,0.02841016
8/9/2005,0.054152945
8/10/2005,0.031065602
8/11/2005,-0.031139539
8/12/2005,0.019284225
8/15/2005,0.008522243
8/16/2005,-0.003042082
8/17/2005,0.020342431
8/18/2005,-0.009802293
8/19/2005,-0.025838926
8/22/2005,0.023768515
8/23/2005,-0.022207268
8/24/2005,0.02752925
8/25/2005,0.021768252
8/26/2005,-0.01409374
8/29/2005,0.02244016
8/30/2005,-0.00845391
8/31/2005,0.01262502
9/1/2005,-0.00501943
9/2/2005,0.010740439
9/5/2005,-0.004991145
9/6/2005,0.028478964
9/8/2005,0.020453115
9/9/2005,-0.000462535
9/12/2005,-0.004318988
9/13/2005,-0.032068164
9/14/2005,-0.013924456
9/15/2005,0.014121084
9/16/2005,0.00400128
9/19/2005,0.005420054
9/20/2005,0.020929126
9/21/2005,0.02018947
9/22/2005,0.011417263
9/23/2005,0.011137869
9/26/2005,-0.0019351
9/27/2005,-0.01655481
9/28/2005,0.009402487
9/29/2005,0.006460337
9/30/2005,0.0037319
10/3/2005,0.029446758
10/4/2005,0.014735626
10/5/2005,-0.023775626
10/6/2005,-0.027854747
10/7/2005,0.04080408
10/10/2005,-0.001729605
10/11/2005,0.025844643
10/13/2005,-0.038423645
10/14/2005,-0.013026932
10/17/2005,0.039893223
10/18/2005,-0.025527667
10/19/2005,-0.018147227
10/20/2005,-0.029959756
10/21/2005,0.039336202
10/24/2005,0.023950325
10/25/2005,-0.002743286
10/26/2005,0.010713769
10/27/2005,-0.03008165
10/28/2005,0.013735047
10/31/2005,0.044143357
11/1/2005,0.052602205
11/3/2005,-0.011797455
11/4/2005,0
11/7/2005,0.011535882
11/8/2005,0.004110861
11/9/2005,-0.003169572
11/10/2005,0.02172761
11/11/2005,0.014782158
11/14/2005,0.023511372
11/16/2005,-0.002372035
11/17/2005,0.00638218
11/18/2005,-0.006341706
11/21/2005,0.005506194
11/22/2005,0.032109521
11/23/2005,0.03026649
11/24/2005,-0.000702247
11/25/2005,0.019910986
11/28/2005,-0.024575103
11/29/2005,0
11/30/2005,0.000706381
12/1/2005,0.034823529
12/2/2005,0.019668031
12/5/2005,0.034340506
12/6/2005,0.031906866
12/7/2005,-0.039277134
12/8/2005,-0.04316625
12/9/2005,-0.005
12/12/2005,0.002855185
12/13/2005,-0.009338344
12/14/2005,-0.010116105
12/15/2005,0.006038788
12/16/2005,0.013621147
12/19/2005,-0.014576927
12/20/2005,0.002080203
12/21/2005,0.035982009
12/22/2005,0.000556607
12/23/2005,-0.003115265
12/26/2005,-0.027566964
12/27/2005,0.005738552
12/28/2005,-0.024534977
12/29/2005,-0.004445484
1/2/2006,0
1/3/2006,0.043360752
1/4/2006,0.024101813
1/5/2006,-0.008578027
1/6/2006,0.014198558
1/9/2006,-0.002843706
1/10/2006,-0.006690797
1/11/2006,0.030477032
1/12/2006,-0.00407201
1/13/2006,0.013557134
1/16/2006,0.018683652
1/17/2006,0.002605252
1/18/2006,-0.02224301
1/19/2006,0.041352185
1/20/2006,-0.006329114
1/23/2006,0.003492911
1/24/2006,0.051904177
1/26/2006,0.021703163
1/27/2006,0.006572681
1/30/2006,0.041544431
1/31/2006,-0.00581501
2/1/2006,0.003381466
2/2/2006,-0.03397395
2/3/2006,-0.016594381
2/6/2006,-0.006040268
2/7/2006,-0.029130896
2/8/2006,-0.007550919
2/9/2006,0.02462709
2/10/2006,0.034391793
2/13/2006,-0.031737036
2/14/2006,-0.00399961
2/15/2006,0.019098923
2/16/2006,0.072561269
2/17/2006,-0.005645161
2/20/2006,-0.014238082
2/21/2006,0.037389158
2/22/2006,-0.026612619
2/23/2006,-0.034130002
2/24/2006,0.032992783
3/1/2006,0.041557027
3/2/2006,-0.007753289
3/3/2006,-0.005531168
3/6/2006,-0.030546482
3/7/2006,-0.028594846
3/8/2006,-0.02784288
3/9/2006,-0.027386692
3/10/2006,0.020027761
3/13/2006,0.007970451
3/14/2006,0.017647059
3/15/2006,0.016203923
3/16/2006,0.013707572
3/17/2006,0.004507405
3/20/2006,-0.006959707
3/21/2006,-0.029140539
3/22/2006,0.010828267
3/23/2006,-0.010712272
3/24/2006,-0.009023556
3/27/2006,-0.020607687
3/28/2006,-0.026521824
3/29/2006,0.010153815
3/30/2006,-0.016321656
3/31/2006,-0.008903278
4/3/2006,0.019293589
4/4/2006,0.005508262
4/5/2006,0.008964143
4/6/2006,0
4/7/2006,-0.011944719
4/10/2006,-0.02467779
4/11/2006,-0.020487605
4/12/2006,-0.003974064
4/13/2006,-0.004304914
4/17/2006,-0.000632711
4/18/2006,0.020576132
4/19/2006,0.038668321
4/20/2006,0.031455306
4/24/2006,-0.010326192
4/25/2006,-0.008678693
4/26/2006,0.010623647
4/27/2006,-0.009246642
4/28/2006,-0.011199528
5/2/2006,0.001291605
5/3/2006,0.005457432
5/4/2006,0.004934373
5/5/2006,0.006874202
5/8/2006,0.012484151
5/9/2006,-0.00577979
5/10/2006,-0.007169848
5/11/2006,-0.009856543
5/12/2006,-0.010151784
5/15/2006,-0.02379767
5/16/2006,-0.003875969
5/17/2006,-0.002764694
5/18/2006,-0.023205668
5/19/2006,-0.002627983
5/22/2006,-0.013385329
5/23/2006,-0.002670655
5/24/2006,-0.0218509
5/25/2006,0.031975471
5/26/2006,0.000424448
5/29/2006,-0.000424268
5/30/2006,-0.042657046
5/31/2006,-0.018510308
6/1/2006,0.035686053
6/2/2006,-0.005015811
6/5/2006,-0.02630137
6/6/2006,-0.030050647
6/7/2006,-0.045254119
6/8/2006,-0.01701507
6/9/2006,0
6/12/2006,-0.051681503
6/13/2006,-0.049543677
6/14/2006,0.024279835
6/16/2006,0.051961966
6/19/2006,-0.009038829
6/20/2006,0.008864337
6/21/2006,0.029924869
6/22/2006,-0.015084075
6/23/2006,0.001004268
6/26/2006,0.001504891
6/27/2006,-0.01740546
6/28/2006,-0.006626736
6/29/2006,0.088005131
6/30/2006,0.010376135
7/3/2006,0.044812697
7/4/2006,0.002457277
7/5/2006,-0.021281337
7/6/2006,0.002959927
7/7/2006,-0.011577753
7/10/2006,-0.007349564
7/11/2006,0.007519667
7/12/2006,-0.019749684
7/13/2006,-0.03514115
7/14/2006,-0.010804905
7/17/2006,-0.016445754
7/18/2006,-0.008609933
7/19/2006,0.08558842
7/20/2006,-0.015536232
7/21/2006,0.00600636
7/24/2006,0.035822992
7/25/2006,0.015709765
7/26/2006,0.004339602
7/27/2006,-0.001440284
7/28/2006,0.029401975
7/31/2006,-0.001077818
8/1/2006,-0.011005611
8/2/2006,0.00752782
8/3/2006,-0.004223064
8/4/2006,0.024249674
8/7/2006,-0.023675549
8/8/2006,-0.007068291
8/9/2006,-0.024969883
8/10/2006,0.0093227
8/11/2006,-0.007789895
8/14/2006,-0.014244056
8/15/2006,0.040505177
8/16/2006,0.00699836
8/17/2006,0.009555869
8/18/2006,-0.021619877
8/21/2006,-0.01264292
8/22/2006,-0.003674424
8/23/2006,-0.017769334
8/24/2006,-0.007395608
8/25/2006,-0.013755158
8/28/2006,0.036029754
8/29/2006,-0.003926408
8/30/2006,0.005631265
8/31/2006,-0.008399597
9/1/2006,0.034334764
9/4/2006,0.006114872
9/5/2006,-0.019535489
9/6/2006,-0.016936019
9/8/2006,0.007994595
9/11/2006,-0.005697051
9/12/2006,0.042242445
9/13/2006,0.006898782
9/14/2006,-0.013595975
9/15/2006,0.008899501
9/18/2006,0.007637694
9/19/2006,-0.015159603
9/20/2006,-0.006720867
9/21/2006,-0.0236822
9/22/2006,0.000111782
9/25/2006,0.019559629
9/26/2006,0.003069502
9/27/2006,0.009508197
9/28/2006,-0.002489986
9/29/2006,-0.00434122
10/2/2006,0.030630041
10/3/2006,-0.018297197
10/4/2006,0.040939453
10/5/2006,0.020699648
10/6/2006,0.000101399
10/9/2006,0.003954172
10/10/2006,0.008584124
10/11/2006,0.002002603
10/13/2006,0.016588388
10/16/2006,0.006192863
10/17/2006,-0.017291911
10/18/2006,0.014315538
10/19/2006,0.000686073
10/20/2006,-0.016650343
10/23/2006,0.025398406
10/24/2006,0.006993686
10/25/2006,-0.005498215
10/26/2006,-0.010378274
10/27/2006,-0.008232873
10/30/2006,-0.017393023
10/31/2006,0.001005733
11/1/2006,0.011956194
11/3/2006,0.001191422
11/6/2006,0.022411741
11/7/2006,-0.003976722
11/8/2006,0.004771643
11/9/2006,-0.035278155
11/10/2006,0.012256379
11/13/2006,0.018261215
11/14/2006,0.035769981
11/16/2006,0.002446598
11/17/2006,0.011639914
11/21/2006,0.001855804
11/22/2006,0.008057794
11/23/2006,-0.002021316
11/24/2006,-0.018044559
11/27/2006,-0.016219764
11/28/2006,-0.004765081
11/29/2006,0.024514029
11/30/2006,-0.004299467
12/1/2006,-0.018398573
12/4/2006,0.021707947
12/5/2006,0.005241483
12/6/2006,0.010707635
12/7/2006,-0.014002764
12/8/2006,0.003083248
12/11/2006,-0.00307377
12/12/2006,-0.010277492
12/13/2006,0.01104503
12/14/2006,0.019607843
12/15/2006,0.004487179
12/18/2006,-0.006746285
12/19/2006,-0.011014227
12/20/2006,0.015313225
12/21/2006,0.003382084
12/22/2006,-0.010020953
12/26/2006,0.007269716
12/27/2006,0.023296181
12/28/2006,0.01107044
1/2/2007,0.033465784
1/3/2007,-0.006322625
1/4/2007,0.001977644
1/5/2007,-0.041105295
1/8/2007,0.036244854
1/9/2007,-0.016409016
1/10/2007,-0.014926684
1/11/2007,0.015152866
1/12/2007,0.02423391
1/15/2007,-0.001800257
1/16/2007,-0.000515287
1/17/2007,-0.00111703
1/18/2007,-0.018580645
1/19/2007,0.02638268
1/22/2007,-0.004611443
1/23/2007,8.57927E-05
1/24/2007,0.009007463
1/26/2007,-0.008757014
1/29/2007,-0.027618149
1/30/2007,0.001675928
1/31/2007,-0.004755195
2/1/2007,-0.011413909
2/2/2007,0.007428623
2/5/2007,0.007373845
2/6/2007,-0.000970103
2/7/2007,0.012888418
2/8/2007,0.000435768
2/9/2007,-0.023956791
2/12/2007,-0.028204213
2/13/2007,0.012950037
2/14/2007,0.029377097
2/15/2007,-0.021844446
2/16/2007,-0.01341738
2/21/2007,-0.009675064
2/22/2007,0.007281106
2/23/2007,-0.012352457
2/26/2007,0.007596813
2/27/2007,-0.060224347
2/28/2007,0.001271891
3/1/2007,0
3/2/2007,-0.030193473
3/5/2007,-0.022468514
3/6/2007,0.058441558
3/7/2007,-0.017625864
3/8/2007,0.023394132
3/9/2007,0.015691592
3/12/2007,0.000762922
3/13/2007,-0.036211168
3/14/2007,0.008799684
3/15/2007,0.005194551
3/16/2007,-0.015113105
3/19/2007,0.02979903
3/20/2007,0.011440108
3/21/2007,0.034502424
3/22/2007,0.003950753
3/23/2007,0.006131601
3/26/2007,0.002273968
3/27/2007,-0.002359561
3/28/2007,-0.021468207
3/29/2007,0.01877847
3/30/2007,0.005474952
4/2/2007,-0.02640893
4/3/2007,0.012956749
4/4/2007,0.00266863
4/5/2007,0.00458884
4/9/2007,0.009592545
4/10/2007,-0.000995385
4/11/2007,-0.025181159
4/12/2007,0
4/13/2007,0.001207954
4/16/2007,0.043341067
4/17/2007,0.005159224
4/18/2007,-0.000973451
4/19/2007,0.017273452
4/20/2007,0.011407175
4/23/2007,-0.00680155
4/24/2007,-0.014996533
4/25/2007,0.022177242
4/26/2007,-0.012397762
4/27/2007,0.00383576
4/30/2007,-0.008858011
5/2/2007,0.016560063
5/3/2007,0.0194794
5/4/2007,0.009976327
5/7/2007,0.011217144
5/8/2007,0.01192053
5/9/2007,0.050065445
5/10/2007,-0.028201932
5/11/2007,0.005451339
5/14/2007,-0.02240472
5/15/2007,-0.007258788
5/16/2007,0.039845547
5/17/2007,0.012483211
5/18/2007,0.01513851
5/21/2007,0.009301253
5/22/2007,-0.017821782
5/23/2007,0.006358561
5/24/2007,-0.026352288
5/25/2007,0.015194682
5/28/2007,0.018631119
5/29/2007,-0.013086401
5/30/2007,-0.001628412
5/31/2007,-0.002640777
6/1/2007,0.028813955
6/4/2007,-0.008931951
6/5/2007,-0.006568395
6/6/2007,-0.02975321
6/8/2007,-0.02163233
6/11/2007,0.013849518
6/12/2007,-0.018054002
6/13/2007,0.006182883
6/14/2007,0.014472833
6/15/2007,0.028054515
6/18/2007,0.003876269
6/19/2007,-0.007722604
6/20/2007,-0.022725504
6/21/2007,0.002309469
6/22/2007,-0.004369935
6/25/2007,-0.014444178
6/26/2007,-0.011902834
6/27/2007,0.004261247
6/28/2007,0
6/29/2007,0.005548756
7/2/2007,0.010062485
7/3/2007,0.008034064
7/4/2007,-0.003506814
7/5/2007,-0.004238983
7/6/2007,-0.008032129
7/10/2007,0.005748988
7/11/2007,0.009741567
7/12/2007,0.03683623
7/13/2007,0.022531529
7/16/2007,0.027525006
7/17/2007,0.000951475
7/18/2007,0
7/19/2007,0.01930389
7/20/2007,-0.003228121
7/23/2007,0.017128463
7/24/2007,-0.039057525
7/25/2007,-0.009498564
7/26/2007,-0.032337199
7/27/2007,-0.02289314
7/30/2007,0.018476295
7/31/2007,-0.002238691
8/1/2007,0.000154739
8/2/2007,0.006343312
8/3/2007,-0.01645015
8/6/2007,0.004142243
8/7/2007,0.01867995
8/8/2007,0.027429707
8/9/2007,-0.030192608
8/10/2007,-0.002837206
8/13/2007,-0.012996001
8/14/2007,-0.017296455
8/15/2007,-0.037025291
8/16/2007,-0.011526428
8/17/2007,0.010994503
8/20/2007,0.016312407
8/21/2007,-0.001053826
8/22/2007,0.024588168
8/23/2007,-0.014573103
8/24/2007,0.017360553
8/27/2007,0.000632011
8/28/2007,-0.027080373
8/29/2007,0.008601802
8/30/2007,-0.01150535
8/31/2007,0.051359271
9/3/2007,0.013625455
9/4/2007,-0.007637669
9/5/2007,-0.024397753
9/6/2007,-0.006626696
9/10/2007,-0.043837357
9/11/2007,0.000913621
9/12/2007,-0.001078749
9/13/2007,0.037215484
9/14/2007,-0.002082332
9/17/2007,-0.006340289
9/18/2007,0.052176722
9/19/2007,0.014201274
9/20/2007,-0.000983954
9/21/2007,0
9/24/2007,0.016592166
9/25/2007,0.003353704
9/26/2007,0.032385055
9/27/2007,0.029426577
9/28/2007,-0.011112664
10/1/2007,0.020142766
10/2/2007,0.024525426
10/3/2007,-0.035704625
10/4/2007,0.012622721
10/5/2007,0.047368421
10/8/2007,0.006612007
10/9/2007,0.009524435
10/10/2007,-0.008588718
10/11/2007,-0.019032618
10/15/2007,-0.012377066
10/16/2007,-0.030957865
10/17/2007,0.020692066
10/18/2007,0.003424423
10/19/2007,-0.033854344
10/22/2007,0.0167432
10/23/2007,0.042245692
10/24/2007,0.001533333
10/25/2007,-0.022631964
10/26/2007,0.043111081
10/29/2007,0.006724993
10/30/2007,-0.01952137
10/31/2007,0.034065353
11/1/2007,-0.027697819
11/5/2007,-0.030065789
11/6/2007,0.016482398
11/7/2007,-0.024289337
11/8/2007,-0.037067433
11/9/2007,-0.005610795
11/12/2007,-0.018141561
11/13/2007,0.037680949
11/14/2007,0.02593761
11/16/2007,0.010796037
11/19/2007,-0.050158859
11/21/2007,-0.032737883
11/22/2007,-0.002869546
11/23/2007,0.01424144
11/26/2007,-0.015787559
11/27/2007,0.022841514
11/28/2007,0.066994291
11/29/2007,0.000948253
11/30/2007,0.017120043
12/3/2007,0.014037656
12/4/2007,0.00905393
12/5/2007,0.013719116
12/6/2007,0.028991085
12/7/2007,0.004799601
12/10/2007,-0.001674938
12/11/2007,-0.006524576
12/12/2007,-0.033900425
12/13/2007,-0.033341966
12/14/2007,0.000334874
12/17/2007,-0.037493305
12/18/2007,0.02573734
12/19/2007,0.01790316
12/20/2007,-0.005263158
12/21/2007,-0.002478066
12/26/2007,0.01839667
12/27/2007,-0.014767932
12/28/2007,0.007093148
1/2/2008,-0.052292359
1/3/2008,-0.020192105
1/4/2008,-0.011735242
1/7/2008,0.020708131
1/8/2008,0.015322409
1/9/2008,-0.008663453
1/10/2008,0.013531609
1/11/2008,-0.016132397
1/14/2008,0.010106721
1/15/2008,-0.042891128
1/16/2008,-0.017764456
1/17/2008,-0.041753498
1/18/2008,0.003572816
1/21/2008,-0.035291386
1/22/2008,0
1/23/2008,-0.02270357
1/24/2008,0.076588409
1/28/2008,0.01014106
1/29/2008,-0.022418478
1/30/2008,-0.000231642
1/31/2008,-0.026258882
2/1/2008,-0.003410533
2/6/2008,-0.026900119
2/7/2008,-0.016766173
2/8/2008,-0.007403094
2/11/2008,0.040475991
2/12/2008,0.032619201
2/13/2008,0.02737696
2/14/2008,-0.024369875
2/15/2008,0.006069567
2/18/2008,0.022971614
2/19/2008,-0.016331468
2/20/2008,0.020522675
2/21/2008,-0.003615275
2/22/2008,0.024264873
2/25/2008,0.020738007
2/26/2008,0.039187333
2/27/2008,0.013010506
2/28/2008,0.007005495
2/29/2008,-0.027963443
3/3/2008,0.024207129
3/4/2008,-0.019730082
3/5/2008,0.027744776
3/6/2008,-0.044607643
3/7/2008,-0.017295374
3/10/2008,-0.01803433
3/11/2008,0.04727836
3/12/2008,-0.012395239
3/13/2008,0.007487699
3/14/2008,-0.011466591
3/17/2008,-0.032650723
3/18/2008,0.028941525
3/19/2008,-0.058269189
3/20/2008,0.004124971
3/24/2008,0.005096995
3/25/2008,0.038904027
3/26/2008,-0.017776483
3/27/2008,-0.020026702
3/28/2008,-0.017559794
3/31/2008,0.015793529
4/1/2008,0.020477816
4/2/2008,0.020512821
4/3/2008,0.003714223
4/4/2008,-0.000725584
4/7/2008,0.019822829
4/8/2008,-0.000854397
4/9/2008,-0.020523053
4/10/2008,0.013241179
4/11/2008,-0.018884182
4/14/2008,-0.020491803
4/15/2008,0.005753138
4/16/2008,0.040635911
4/17/2008,0.034765848
4/18/2008,0.008347706
4/22/2008,-0.002189381
4/23/2008,-0.013096544
4/24/2008,0.017786424
4/25/2008,0.024097208
4/28/2008,-0.010331956
4/29/2008,-0.029164141
4/30/2008,0.074510892
5/2/2008,0.060240186
5/5/2008,-0.00462822
5/6/2008,-0.030039768
5/7/2008,-0.01507506
5/8/2008,-0.00262568
5/9/2008,-0.005200976
5/12/2008,0.014393597
5/13/2008,-0.014189361
5/14/2008,-0.010972697
5/15/2008,0.00952816
5/16/2008,0.004460534
5/19/2008,0.015381645
5/20/2008,-0.007732776
5/21/2008,-0.023059725
5/23/2008,-0.000784621
5/26/2008,-0.012694673
5/27/2008,0.022534464
5/28/2008,0.035779103
5/29/2008,-0.02008761
5/30/2008,0.017881091
6/2/2008,-0.025409373
6/3/2008,-0.020599974
6/4/2008,-0.010648087
6/5/2008,0.029630614
6/6/2008,-0.023809524
6/9/2008,-0.017383832
6/10/2008,-0.022400108
6/11/2008,-0.027936421
6/12/2008,0.033906703
6/13/2008,0.005545666
6/16/2008,-0.004425683
6/17/2008,0.012241827
6/18/2008,-0.022228228
6/19/2008,-0.00787728
6/20/2008,-0.02939128
6/23/2008,-0.008682549
6/24/2008,-0.012956931
6/25/2008,0.018773834
6/26/2008,-0.038871293
6/27/2008,-0.005766926
6/30/2008,0.012354049
7/1/2008,-0.029094427
7/2/2008,0.002605763
7/3/2008,-0.024919737
7/4/2008,0.000313578
7/7/2008,0.006347962
7/8/2008,0.031773226
7/10/2008,-0.009510152
7/11/2008,-0.009372857
7/14/2008,-0.010615385
7/15/2008,-0.013294977
7/16/2008,0.069025294
7/17/2008,0.006265202
7/18/2008,0.034939936
7/21/2008,-0.010404133
7/22/2008,-0.006079245
7/23/2008,-0.002662445
7/24/2008,-0.034126984
7/25/2008,-0.015163965
7/28/2008,-0.013652913
7/29/2008,0.024454014
7/30/2008,0.023269779
7/31/2008,-0.008949531
8/1/2008,-0.024722428
8/4/2008,-0.057149362
8/5/2008,0.030185945
8/6/2008,0.024222535
8/7/2008,-0.003127861
8/8/2008,-0.010943598
8/11/2008,-0.028396781
8/12/2008,-0.012980808
8/13/2008,-0.002985315
8/14/2008,0.014566642
8/15/2008,-0.019542155
8/18/2008,-0.027497559
8/19/2008,-0.00543751
8/20/2008,0.027083859
8/21/2008,0.007943657
8/22/2008,0.00601235
8/25/2008,-0.022371184
8/26/2008,-0.020570012
8/27/2008,0.023026316
8/28/2008,0.024239426
8/29/2008,-0.017065121
9/1/2008,-0.015068381
9/2/2008,0.027271971
9/3/2008,0.006879806
9/4/2008,-0.023231511
9/5/2008,0.01538968
9/8/2008,0.02155941
9/9/2008,-0.037210409
9/10/2008,0.001648125
9/11/2008,-0.001645413
9/12/2008,0.007993407
9/15/2008,-0.069980379
9/16/2008,0.000351617
9/17/2008,-0.050878735
9/18/2008,0.068697343
9/19/2008,0.074244131
9/22/2008,-0.029596774
9/23/2008,-0.01022189
9/24/2008,0.006549118
9/25/2008,0.030947614
9/26/2008,-0.003317421
9/29/2008,-0.056259133
9/30/2008,0.085591398
10/1/2008,-0.001267829
10/2/2008,-0.067597588
10/3/2008,-0.050374404
10/6/2008,-0.065770609
10/7/2008,-0.005850758
10/8/2008,-0.00395562
10/9/2008,-0.071580783
10/10/2008,-0.05915493
10/13/2008,0.221224218
10/14/2008,0.051575411
10/15/2008,-0.080390294
10/16/2008,-0.038309859
10/17/2008,-0.047744581
10/20/2008,0.077309546
10/21/2008,-0.0135148
10/22/2008,-0.115002412
10/23/2008,-0.039136597
10/24/2008,-0.073632857
10/27/2008,-0.043478261
10/28/2008,0.138540333
10/29/2008,0.057804768
10/30/2008,0.122793961
10/31/2008,-0.030584225
11/3/2008,0.044246923
11/4/2008,0.031428304
11/5/2008,-0.075541852
11/6/2008,-0.052383755
11/7/2008,-0.001759834
11/10/2008,0.011407238
11/11/2008,-0.012098841
11/12/2008,-0.078360145
11/13/2008,0.091891892
11/14/2008,0.008457096
11/17/2008,-0.008386173
11/18/2008,-0.073638614
11/19/2008,-0.024604765
11/21/2008,-0.096450177
11/24/2008,0.12695806
11/25/2008,0.021970631
11/26/2008,0.056816935
11/27/2008,0.016917488
11/28/2008,0.026331904
12/1/2008,-0.047136038
12/2/2008,0.031204341
12/3/2008,0.008298755
12/4/2008,-0.016762019
12/5/2008,0.013270723
12/8/2008,0.066693532
12/9/2008,0.001983377
12/10/2008,0.003581864
12/11/2008,-0.038978116
12/12/2008,0.038897576
12/15/2008,-0.039416745
12/16/2008,0.063656841
12/17/2008,0.007365804
12/18/2008,-0.014989489
12/19/2008,-0.044724877
12/22/2008,-0.036716853
12/23/2008,-0.039326409
12/26/2008,-0.02235751
12/29/2008,0.001717844
12/30/2008,0.015326902
1/2/2009,0.101762905
1/5/2009,-0.00709016
1/6/2009,0.032423044
1/7/2009,-0.045144406
1/8/2009,0.001664056
1/9/2009,-0.010260921
1/12/2009,-0.036433649
1/13/2009,-0.038733477
1/14/2009,-0.060334719
1/15/2009,0.030516166
1/16/2009,-0.020805812
1/19/2009,0.001349073
1/20/2009,-0.052767486
1/21/2009,0.048832523
1/22/2009,-0.00904057
1/23/2009,0.010491504
1/26/2009,0.001467103
1/27/2009,-0.019382466
1/28/2009,0.046311193
1/29/2009,-0.029983526
1/30/2009,-0.011888587
2/2/2009,-0.026469577
2/3/2009,0.003177966
2/4/2009,0.029567054
2/5/2009,0.033504274
2/6/2009,0.047745066
2/9/2009,0.001683856
2/10/2009,-0.02647615
2/11/2009,0.016835744
2/12/2009,-0.027701125
2/13/2009,0.033511625
2/16/2009,-0.005280946
2/17/2009,-0.04013591
2/18/2009,0.005530973
2/19/2009,-0.011551155
2/20/2009,-0.04162493
2/25/2009,0.023922889
2/26/2009,0.007145288
2/27/2009,-0.021283784
3/2/2009,-0.037625129
3/3/2009,-0.004782401
3/4/2009,0.051898126
3/5/2009,-0.021014162
3/6/2009,0.022981801
3/9/2009,-0.028737598
3/10/2009,0.060232476
3/11/2009,-0.008859358
3/12/2009,0.026256983
3/13/2009,-0.007294502
3/16/2009,0.005483659
3/17/2009,0.017452007
3/18/2009,0.019403945
3/19/2009,-0.031864549
3/20/2009,-0.018248968
3/23/2009,0.073910157
3/24/2009,-0.021223985
3/25/2009,0.008421053
3/26/2009,0.028496868
3/27/2009,0.005582056
3/30/2009,-0.031388777
3/31/2009,0.011357716
4/1/2009,0.029466309
4/2/2009,0.029623699
4/3/2009,0.021675739
4/6/2009,0.009989535
4/7/2009,-0.005934439
4/8/2009,0.012697811
4/9/2009,0.040516515
4/13/2009,0
4/14/2009,-0.033633094
4/15/2009,0.001581984
4/16/2009,0.029266933
4/17/2009,-0.005686947
4/20/2009,-0.041942805
4/22/2009,-0.009570738
4/23/2009,0.044202067
4/24/2009,0.011544805
4/27/2009,-0.035416667
4/28/2009,0.010705231
4/29/2009,0.059370064
4/30/2009,-0.001140151
5/4/2009,0.048380016
5/5/2009,0.02520938
5/6/2009,0.01405114
5/7/2009,-0.043663901
5/8/2009,0.02763036
5/11/2009,-0.025903763
5/12/2009,-0.013043844
5/13/2009,-0.037005457
5/14/2009,0.019036657
5/15/2009,-0.005821531
5/18/2009,0.051389617
5/19/2009,-0.003491272
5/20/2009,0.001751752
5/21/2009,-0.009076526
5/22/2009,0.011344538
5/25/2009,0.011882011
5/26/2009,0.021349975
5/27/2009,0.001045184
5/28/2009,0.026664525
5/29/2009,-0.002894469
6/1/2009,0.017417229
6/2/2009,-0.01866132
6/3/2009,-0.025459689
6/4/2009,0.016610224
6/5/2009,-0.007614213
6/8/2009,0.009430946
6/9/2009,-0.009342835
6/10/2009,0.007033248
6/12/2009,0.019047619
6/15/2009,-0.028193146
6/16/2009,-0.003365924
6/17/2009,-0.009488582
6/18/2009,-0.006494561
6/19/2009,0.009642098
6/22/2009,-0.032696666
6/23/2009,-0.024682062
6/24/2009,0
6/25/2009,0.032169512
6/26/2009,0.010804521
6/29/2009,0.010442361
6/30/2009,-0.007567744
7/1/2009,-0.002787799
7/2/2009,-0.016773557
7/3/2009,-0.010536879
7/6/2009,0.001098715
7/7/2009,-0.007513719
7/8/2009,-0.025263695
7/10/2009,-0.006632341
7/13/2009,0.012650444
7/14/2009,-0.002949597
7/15/2009,0.043156704
7/16/2009,0.007089832
7/17/2009,0.002070565
7/20/2009,0.027688239
7/21/2009,-0.01021393
7/22/2009,0.004062729
7/23/2009,0.024358663
7/24/2009,0.008058145
7/27/2009,-0.000705329
7/28/2009,-0.004627088
7/29/2009,-0.017018594
7/30/2009,0.01090093
7/31/2009,-0.007453219
8/3/2009,0.020370666
8/4/2009,-0.010490879
8/5/2009,0.017802041
8/6/2009,-0.013215174
8/7/2009,0.021663778
8/10/2009,0.009869689
8/11/2009,-0.029472398
8/12/2009,0.010306034
8/13/2009,-0.010901729
8/14/2009,-0.007321682
8/17/2009,-0.028233801
8/18/2009,0.016240921
8/19/2009,0.012608416
8/20/2009,0.016813387
8/21/2009,0.001637938
8/24/2009,-0.0045943
8/25/2009,0.007979348
8/26/2009,0.01645324
8/27/2009,0
8/28/2009,0.006413683
8/31/2009,-0.011228283
9/1/2009,-0.011355789
9/2/2009,-0.008769887
9/3/2009,0.002662073
9/4/2009,0.030766828
9/8/2009,0.012878788
9/9/2009,0.006357517
9/10/2009,0.006911929
9/11/2009,0.012252731
9/14/2009,0.004885518
9/15/2009,0.010811988
9/16/2009,0.019741565
9/17/2009,0.003590285
9/18/2009,0.003858025
9/21/2009,-0.008245406
9/22/2009,0.00387515
9/23/2009,-0.017265581
9/24/2009,-0.006999
9/25/2009,0.006401036
9/28/2009,0.019152433
9/29/2009,0.025804642
9/30/2009,0.021737644
10/1/2009,-0.006221984
10/2/2009,0.01184866
10/5/2009,0.034464405
10/6/2009,-0.014728582
10/7/2009,-0.03988511
10/8/2009,0.025360348
10/9/2009,0.009813673
10/13/2009,0.011162913
10/14/2009,0.024806806
10/15/2009,-0.000570306
10/16/2009,-0.01394877
10/19/2009,0.007330247
10/20/2009,-0.025150006
10/21/2009,0
10/22/2009,0.025275013
10/23/2009,-0.009771363
10/26/2009,-0.008190906
10/27/2009,-0.018207829
10/28/2009,-0.054510531
10/29/2009,0.05793345
10/30/2009,-0.02920143
11/3/2009,0.021417366
11/4/2009,-0.007278798
11/5/2009,0.006323154
11/6/2009,-0.007352941
11/9/2009,0.014545455
11/10/2009,0.005641843
11/11/2009,-0.001386047
11/12/2009,-0.021083939
11/13/2009,0.008642225
11/16/2009,0.022692282
11/17/2009,0.011127111
11/18/2009,-0.009904195
11/19/2009,-0.021052632
11/23/2009,0.016095639
11/24/2009,0.009793611
11/25/2009,0.004165853
11/26/2009,-0.022298567
11/27/2009,0.007624478
11/30/2009,0.019213054
12/1/2009,0.01917366
12/2/2009,0.001773611
12/3/2009,0.002655707
12/4/2009,-0.002648673
12/7/2009,0.035156497
12/8/2009,-0.005314275
12/9/2009,-0.00024564
12/10/2009,0.011363636
12/11/2009,0.005283936
12/14/2009,-0.008095698
12/15/2009,0.001827263
12/16/2009,-0.025656615
12/17/2009,-0.024460252
12/18/2009,-0.009082768
12/21/2009,-0.001420088
12/22/2009,0.00833872
12/23/2009,-0.008269761
12/28/2009,0.003878474
12/29/2009,0.007211848
12/30/2009,0.002237566
1/4/2010,0.03629521
1/5/2010,-0.004924289
1/6/2010,-0.008041569
1/7/2010,-0.002681467
1/8/2010,-0.001062965
1/11/2010,0.000813721
1/12/2010,0.002939521
1/13/2010,0.005425293
1/14/2010,-0.021398003
1/15/2010,-0.014196983
1/18/2010,0.008808024
1/19/2010,0.009113505
1/20/2010,-0.023683213
1/21/2010,-0.025163335
1/22/2010,0
1/26/2010,0.005043132
1/27/2010,-0.022250099
1/28/2010,0.016949153
1/29/2010,-0.013545817
2/1/2010,0.016962843
2/2/2010,0.015819433
2/3/2010,-0.006190135
2/4/2010,-0.029504327
2/5/2010,-0.036886907
2/8/2010,-0.001683502
2/9/2010,0.03400787
2/10/2010,0.012231585
2/11/2010,0.007787325
2/12/2010,-0.000333067
2/17/2010,0.028186846
2/18/2010,-0.006156837
2/19/2010,-0.009585915
2/22/2010,-0.010666316
2/23/2010,-0.020497804
2/24/2010,-0.003261313
2/25/2010,-0.001567825
2/26/2010,0.009694818
3/1/2010,0.011224559
3/2/2010,0.011568037
3/3/2010,-0.00152036
3/4/2010,0.001522675
3/5/2010,0.003172924
3/8/2010,-0.009422773
3/9/2010,0.006984634
3/10/2010,0.003435064
3/11/2010,0.005332456
3/12/2010,-0.010280925
3/15/2010,-0.002183406
3/16/2010,0.008819044
3/17/2010,-0.008741948
3/18/2010,-0.001259863
3/19/2010,-0.006639225
3/22/2010,0.002873947
3/23/2010,-0.014861713
3/24/2010,-0.011297524
3/25/2010,0.014300376
3/26/2010,0.006138694
3/29/2010,0.01910828
3/30/2010,0.008421053
3/31/2010,0.016440501
4/1/2010,0.011553273
4/5/2010,-0.000444162
4/6/2010,-0.012695994
4/7/2010,0.001221629
4/8/2010,0.031466735
4/9/2010,-0.00149421
4/12/2010,-0.01334331
4/13/2010,-0.009036906
4/14/2010,0.003061029
4/15/2010,-0.013287558
4/16/2010,-0.020811856
4/19/2010,-0.008751727
4/20/2010,0.005642592
4/22/2010,0.00066011
4/23/2010,-0.006926578
4/26/2010,-0.013551216
4/27/2010,-0.016026936
4/28/2010,0.017930468
4/29/2010,0.019766035
4/30/2010,-0.00342827
5/3/2010,-0.005027785
5/4/2010,-0.024202128
5/5/2010,0.002929954
5/6/2010,0.001290849
5/7/2010,-0.009702809
5/10/2010,0.031312093
5/11/2010,-0.00983258
5/12/2010,0.010534085
5/13/2010,-0.015138437
5/14/2010,-0.012809277
5/17/2010,0.004848733
5/18/2010,-0.024262607
5/19/2010,-0.029741589
5/20/2010,-0.015362527
5/21/2010,0.046733742
5/24/2010,-0.010238908
5/25/2010,-0.040816327
5/26/2010,-0.001760822
5/27/2010,0.033882111
5/28/2010,-0.002985711
5/31/2010,0.030516934
6/1/2010,-0.020756936
6/2/2010,0.018300007
6/4/2010,-0.009922287
6/7/2010,-0.019973369
6/8/2010,0.004433638
6/9/2010,-0.012174284
6/10/2010,0.023279279
6/11/2010,0.010071841
6/14/2010,-0.011644934
6/15/2010,0.02017779
6/16/2010,0.009820194
6/17/2010,-0.011368306
6/18/2010,0.015793849
6/21/2010,0.005182761
6/22/2010,-0.00936228
6/23/2010,0.003287221
6/24/2010,-0.029556314
6/25/2010,0.011043117
6/28/2010,-0.009948518
6/29/2010,-0.039912866
6/30/2010,-0.01580912
7/1/2010,0.044842716
7/2/2010,0.008683274
7/5/2010,-0.015241321
7/6/2010,0.032244196
7/7/2010,0.047202554
7/8/2010,0.022206019
7/12/2010,-0.008365216
7/13/2010,0.012490191
7/14/2010,-0.001679261
7/15/2010,-0.000646956
7/16/2010,-0.01702596
7/19/2010,0.022523709
7/20/2010,0.014878269
7/21/2010,-0.007679127
7/22/2010,0.029291379
7/23/2010,0.007580465
7/26/2010,-0.002960039
7/27/2010,0.00327808
7/28/2010,0.045126688
7/29/2010,-0.00035392
7/30/2010,0.00188824
8/2/2010,0.00618411
8/3/2010,-0.016506673
8/4/2010,-0.00690394
8/5/2010,0.002217428
8/6/2010,0.001614543
8/9/2010,0.006268657
8/10/2010,-0.013467814
8/11/2010,-0.019605485
8/12/2010,0.001594896
8/13/2010,-0.002878491
8/16/2010,0.011977151
8/17/2010,0.005401797
8/18/2010,0.011168126
8/19/2010,-0.017313433
8/20/2010,-0.003219927
8/23/2010,0
8/24/2010,-0.0224904
8/25/2010,-0.014777404
8/26/2010,-0.014999051
8/27/2010,0.027113852
8/30/2010,-0.023082697
8/31/2010,0.027341999
9/1/2010,0.035464971
9/2/2010,-0.022693072
9/3/2010,-0.008807588
9/6/2010,-0.005903188
9/8/2010,0.012564071
9/9/2010,0.007778258
9/10/2010,-0.004165391
9/13/2010,0.040474872
9/14/2010,0.004670411
9/15/2010,0.006531717
9/16/2010,-0.008009354
9/17/2010,-0.010843942
9/20/2010,0.01721878
9/21/2010,-0.009840098
9/22/2010,0.006861875
9/23/2010,0.0123377
9/24/2010,-0.012187337
9/27/2010,0.010810176
9/28/2010,0.001220575
9/29/2010,0.027864855
9/30/2010,0.009488309
10/1/2010,0.01152512
10/4/2010,-0.004811947
10/5/2010,0.025176458
10/6/2010,-0.00401171
10/7/2010,-0.000544307
10/8/2010,0.022655484
10/11/2010,-0.00335499
10/13/2010,0.020838899
10/14/2010,-0.003297566
10/15/2010,-0.008612541
10/18/2010,0.004184765
10/19/2010,-0.018357335
10/20/2010,0.018163254
10/21/2010,-0.017839236
10/22/2010,0.01278951
10/25/2010,0.012309651
10/26/2010,0.019602705
10/27/2010,-0.044723179
10/28/2010,-0.011623527
10/29/2010,0.006043447
11/1/2010,0.027113324
11/3/2010,0.013435903
11/4/2010,0.010398253
11/5/2010,0.001646599
11/8/2010,0.005137162
11/9/2010,-0.029643259
11/10/2010,0.013904983
11/11/2010,-0.024675325
11/12/2010,-0.003941411
11/16/2010,-0.010961981
11/17/2010,-0.008272059
11/18/2010,0.005451671
11/19/2010,0.009163368
11/22/2010,-0.021007952
11/23/2010,-0.018220734
11/24/2010,0.021521605
11/25/2010,-0.003447521
11/26/2010,-0.008126956
11/29/2010,-0.002934175
11/30/2010,-0.016935036
12/1/2010,0.022027676
12/2/2010,0.010334347
12/3/2010,-0.020183787
12/6/2010,-0.017696645
12/7/2010,0.003978177
12/8/2010,-0.002717084
12/9/2010,-0.009422182
12/10/2010,-0.003094201
12/13/2010,0.011380618
12/14/2010,0.003978177
12/15/2010,-0.010924941
12/16/2010,-0.015051794
12/17/2010,0.003137711
12/20/2010,-0.011468953
12/21/2010,0.016113911
12/22/2010,0.01983738
12/23/2010,-0.003958157
12/27/2010,-0.020153278
12/28/2010,-0.001853998
12/29/2010,0.014975621
12/30/2010,0.005261352
1/3/2011,0.011946752
1/4/2011,0.009219699
1/5/2011,0.018605169
1/6/2011,-0.026523023
1/7/2011,-0.016965339
1/10/2011,0.001885822
1/11/2011,0.005190509
1/12/2011,0.01957669
1/13/2011,-0.012299644
1/14/2011,0.009410041
1/17/2011,-0.013843921
1/18/2011,0.000905695
1/19/2011,-0.011876485
1/20/2011,-0.017857143
1/21/2011,-0.008158508
1/24/2011,0.015511163
1/26/2011,-0.005959269
1/27/2011,0.004132472
1/28/2011,-0.023765361
1/31/2011,-0.015021969
2/1/2011,0.00132618
2/2/2011,-0.012220818
2/3/2011,-0.007862019
2/4/2011,-0.033417286
2/7/2011,0.010231967
2/8/2011,0.027113739
2/9/2011,-0.01843572
2/10/2011,0.001996755
2/11/2011,0.036928634
2/14/2011,0.005405081
2/15/2011,0.013260857
2/16/2011,0.027058893
2/17/2011,0.001262771
2/18/2011,-0.005560651
2/21/2011,-0.013085836
2/22/2011,-0.025292056
2/23/2011,0.003895248
2/24/2011,0.005491882
2/25/2011,0.003858941
2/28/2011,0.0227098
3/1/2011,-0.015671081
3/2/2011,-0.00046998
3/3/2011,0.017808863
3/4/2011,0.002194375
3/9/2011,-0.02247191
3/10/2011,-0.036958444
3/11/2011,0.009303464
3/14/2011,0.006185567
3/15/2011,0.009824012
3/16/2011,-0.019039093
3/17/2011,0
3/18/2011,0.013141884
3/21/2011,0.008767716
3/22/2011,0.033158709
3/23/2011,-0.013425526
3/24/2011,-0.000642448
3/25/2011,-0.000935071
3/28/2011,-0.004094765
3/29/2011,-0.000646109
3/30/2011,0.031150817
3/31/2011,0.027701778
4/1/2011,0.004547976
4/4/2011,-0.008557862
4/5/2011,-0.004789219
4/6/2011,-0.003972917
4/7/2011,0.007303371
4/8/2011,-0.021137758
4/11/2011,-0.00643838
4/12/2011,-0.012100011
4/13/2011,0.00220584
4/14/2011,-0.008803939
4/15/2011,-0.004382633
4/18/2011,-0.002230309
4/19/2011,0.007294118
4/20/2011,0.017986452
4/25/2011,-0.001548876
4/26/2011,0.005630566
4/27/2011,-0.015768725
4/28/2011,-0.024206188
4/29/2011,0.010648424
5/2/2011,-0.008593796
5/3/2011,-0.029745295
5/4/2011,-0.000673112
5/5/2011,0.006307023
5/6/2011,0.020749665
5/9/2011,0.003874814
5/10/2011,0.015736342
5/11/2011,-0.004443145
5/12/2011,0.002877444
5/13/2011,-0.025647031
5/16/2011,-0.009134615
5/17/2011,0.005943717
5/18/2011,-0.026106355
5/19/2011,0
5/20/2011,0
5/23/2011,0.000990528
5/24/2011,0.019419878
5/25/2011,-0.009221622
5/26/2011,0.029208254
5/27/2011,-0.00065445
5/30/2011,-0.005834375
5/31/2011,0.005209893
6/1/2011,-0.016442273
6/2/2011,0.006723198
6/3/2011,0.004873353
6/6/2011,-0.016225602
6/7/2011,0.019779685
6/8/2011,-0.001969444
6/9/2011,-0.007414938
6/10/2011,-0.014338213
6/13/2011,0.000977935
6/14/2011,0.009281309
6/15/2011,0.006836469
6/16/2011,-0.011056363
6/17/2011,-0.003281079
6/20/2011,0.00329188
6/21/2011,0.000668368
6/22/2011,0.007590018
6/24/2011,-0.007231529
6/27/2011,0.00497754
6/28/2011,0.029294516
6/29/2011,0.007980752
6/30/2011,0.004773825
7/1/2011,0.003128802
7/4/2011,0.014613296
7/5/2011,-0.003415689
7/6/2011,-0.012110134
7/7/2011,-0.014166763
7/8/2011,-0.016657868
7/11/2011,-0.030181927
7/12/2011,-0.021772557
7/13/2011,0.025337944
7/14/2011,-0.024037282
7/15/2011,-0.016461422
7/18/2011,-0.02223074
7/19/2011,0.014177447
7/20/2011,0.012304323
7/21/2011,0.024245895
7/22/2011,0.001739671
7/25/2011,-0.012528686
7/26/2011,-0.001381823
7/27/2011,-0.012327819
7/28/2011,0.018022034
7/29/2011,0.005129488
8/1/2011,0.009522031
8/2/2011,-0.032427101
8/3/2011,-0.016374642
8/4/2011,-0.036338904
8/5/2011,0.014653492
8/8/2011,-0.088108645
8/9/2011,0.055067199
8/10/2011,-0.014253253
8/11/2011,0.027801062
8/12/2011,0.001427212
8/15/2011,0.0152019
8/16/2011,0.00106959
8/17/2011,0.018964942
8/18/2011,-0.039321056
8/19/2011,-0.024148987
8/22/2011,-0.001537924
8/23/2011,0.014912833
8/24/2011,0.007519316
8/25/2011,-0.007463198
8/26/2011,-0.001931567
8/29/2011,0.022601604
8/30/2011,0.009259885
8/31/2011,0.027323868
9/1/2011,0.073924381
9/2/2011,-0.036906641
9/5/2011,-0.035043489
9/6/2011,0.038145003
9/8/2011,0.013715868
9/9/2011,-0.029481132
9/12/2011,-0.017074886
9/13/2011,-0.003188029
9/14/2011,0.010704262
9/15/2011,0.01265741
9/16/2011,0.015305146
9/19/2011,-0.00515043
9/20/2011,-0.00309363
9/21/2011,-0.001393287
9/22/2011,-0.040081177
9/23/2011,-0.032769556
9/26/2011,0.017827869
9/27/2011,0.018320918
9/28/2011,0.001779359
9/29/2011,0.010788764
9/30/2011,-0.016661243
10/3/2011,-0.025680058
10/4/2011,0.01209157
10/5/2011,0.001476609
10/6/2011,0.008779572
10/7/2011,-0.024980069
10/10/2011,0.040883074
10/11/2011,0.010343022
10/13/2011,0.023325126
10/14/2011,-0.002089401
10/17/2011,-0.00310894
10/18/2011,0.016356925
10/19/2011,-0.002442232
10/20/2011,0
10/21/2011,0.021280603
10/24/2011,0.024463704
10/25/2011,-0.010139797
10/26/2011,0.008243423
10/27/2011,0.031501743
10/28/2011,-0.003205502
10/31/2011,-0.009530492
11/1/2011,-0.009681228
11/3/2011,0.007033858
11/4/2011,-0.002604475
11/7/2011,0.00421365
11/8/2011,0.0064417
11/9/2011,-0.016030534
11/10/2011,-0.018857791
11/11/2011,0.014293534
11/14/2011,0.014691773
11/16/2011,0.00354589
11/17/2011,-0.035686944
11/18/2011,-0.018320611
11/21/2011,-0.018662519
11/22/2011,-0.013819334
11/23/2011,-0.016519895
11/24/2011,0.00248366
11/25/2011,-0.003520668
11/28/2011,0.019955509
11/29/2011,-0.007697736
11/30/2011,0.045510376
12/1/2011,0.034811105
12/2/2011,0.001792543
12/5/2011,0.012048193
12/6/2011,0.006129184
12/7/2011,-0.008317713
12/8/2011,0
12/9/2011,0.00744241
12/12/2011,-0.00293152
12/13/2011,0.008996825
12/14/2011,-0.012355032
12/15/2011,-0.025314215
12/16/2011,-0.00036324
12/19/2011,0.009508236
12/20/2011,0.026756254
12/21/2011,-0.003271984
12/22/2011,0.013072279
12/23/2011,-0.0006365
12/26/2011,-0.002952927
12/27/2011,0.003252033
12/28/2011,-0.018059736
12/29/2011,0.010492808
1/2/2012,-0.001283398
1/3/2012,0.021728972
1/4/2012,0.001543563
1/5/2012,-0.006335978
1/6/2012,0.012465533
1/9/2012,0.002553191
1/10/2012,0.002207131
1/11/2012,0.000621153
1/12/2012,0.0003386
1/13/2012,-0.01793975
1/16/2012,0.00769761
1/17/2012,-0.001596169
1/18/2012,0.020669179
1/19/2012,0.003132692
1/20/2012,0.004070935
1/23/2012,-0.002499306
1/24/2012,0.006514477
1/26/2012,0.009293577
1/27/2012,0.007618526
1/30/2012,-0.016372933
1/31/2012,-0.031466018
2/1/2012,-0.00222679
2/2/2012,0.002403433
2/3/2012,0.011474568
2/6/2012,0
2/7/2012,0.00253979
2/8/2012,-0.003152621
2/9/2012,-0.00722878
2/10/2012,-0.018772399
2/13/2012,0.014667517
2/14/2012,-0.008627585
2/15/2012,-0.010950377
2/16/2012,0.006176796
2/17/2012,-0.002895697
2/22/2012,-0.000348493
2/23/2012,-0.015571437
2/24/2012,0.0016526
2/27/2012,-0.01019386
2/28/2012,0.021609715
2/29/2012,0.015966436
3/1/2012,0.0131345
3/2/2012,0.015058877
3/5/2012,-0.014333519
3/6/2012,-0.02563232
3/7/2012,0.023054588
3/8/2012,0.015553159
3/9/2012,0.0177743
3/12/2012,-0.006754901
3/13/2012,0.017029747
3/14/2012,-0.001522236
3/15/2012,0.005172602
3/16/2012,0.002437571
3/19/2012,-0.009402356
3/20/2012,-0.014019201
3/21/2012,0.002157676
3/22/2012,-0.003367561
3/23/2012,0.014235861
3/26/2012,0.009776079
3/27/2012,-0.002704311
3/28/2012,-0.021530452
3/29/2012,-0.006817426
3/30/2012,-0.005022602
4/2/2012,0.002860508
4/3/2012,-0.008221477
4/4/2012,-0.025263633
4/5/2012,-0.006479607
4/9/2012,-0.005182554
4/10/2012,-0.00163896
4/11/2012,0.006214822
4/12/2012,0.020568698
4/13/2012,-0.020154154
4/16/2012,-0.005185876
4/17/2012,0.001932876
4/18/2012,-0.001286098
4/19/2012,-0.003629127
4/20/2012,-0.00093996
4/23/2012,0
4/24/2012,0.007879572
4/25/2012,-0.025787631
4/26/2012,0.00670739
4/27/2012,0.001665675
4/30/2012,0.017579285
5/2/2012,-0.014007237
5/3/2012,-0.006037647
5/4/2012,-0.005002382
5/7/2012,-0.005027532
5/8/2012,-0.005714629
5/9/2012,-0.006110473
5/10/2012,0.003713173
5/11/2012,0.000363879
5/14/2012,-0.021036678
5/15/2012,-0.008298241
5/16/2012,-0.017484701
5/17/2012,-0.043790517
5/18/2012,0.00631439
5/21/2012,0.070607662
5/22/2012,-0.000308471
5/23/2012,-0.011416934
5/24/2012,-0.009051751
5/25/2012,0.010583344
5/28/2012,-0.007355691
5/29/2012,0.010550113
5/30/2012,0.009756401
5/31/2012,0.019631977
6/1/2012,-0.004768228
6/4/2012,-0.007216933
6/5/2012,-0.019792303
6/6/2012,0.040134613
6/8/2012,0.002336729
6/11/2012,0.011058641
6/12/2012,0.016554334
6/13/2012,0.00325695
6/14/2012,0.006492754
6/15/2012,0.013189725
6/18/2012,-0.008242851
6/19/2012,0.008024762
6/20/2012,-0.007960878
6/21/2012,-0.028889144
6/22/2012,0
6/25/2012,-0.024790462
6/26/2012,-0.006113061
6/27/2012,0.015650691
6/28/2012,-0.008214414
6/29/2012,0.020796808
7/2/2012,0.002368967
7/3/2012,0.02534712
7/4/2012,0.000979601
7/5/2012,0.000978643
7/6/2012,-0.003565677
7/10/2012,-0.01956597
7/11/2012,-0.001648319
7/12/2012,-0.017984551
7/13/2012,0.01086826
7/16/2012,-0.001009801
7/17/2012,-0.000356761
7/18/2012,0.017487509
7/19/2012,0.011224132
7/20/2012,-0.00393109
7/23/2012,-0.047823564
7/24/2012,0.008960137
7/25/2012,0.004410077
7/26/2012,0.006435703
7/27/2012,0.055698321
7/30/2012,0.01211435
7/31/2012,-0.002516919
8/1/2012,0.004766177
8/2/2012,-0.011049724
8/3/2012,0.029005135
8/6/2012,0.022593913
8/7/2012,0.010028423
8/8/2012,0.013486248
8/9/2012,-0.00591995
8/10/2012,0.016389987
8/13/2012,0
8/14/2012,-0.005288811
8/15/2012,0.009434946
8/16/2012,0.006403305
8/17/2012,0.007799271
8/20/2012,-0.003156662
8/21/2012,-0.002860207
8/22/2012,0.000870768
8/23/2012,-0.008955988
8/24/2012,-0.00702298
8/27/2012,-0.007020646
8/28/2012,0.010945847
8/29/2012,-0.014919961
8/30/2012,0.000841441
8/31/2012,-0.020755609
9/3/2012,0.017868641
9/4/2012,-0.010965259
9/5/2012,0.002984916
9/6/2012,0.009937822
9/10/2012,0.000894549
9/11/2012,0.005047053
9/12/2012,0.015326673
9/13/2012,0.025914477
9/14/2012,0.013358108
9/17/2012,0.003914961
9/18/2012,-0.011995261
9/19/2012,-0.000549588
9/20/2012,-0.00339932
9/21/2012,0.009079053
9/24/2012,-0.005915395
9/25/2012,-0.066406641
9/26/2012,-0.009373326
9/27/2012,0.012814274
9/28/2012,-0.017456758
10/1/2012,0.018418908
10/2/2012,0.001227059
10/3/2012,-0.02504396
10/4/2012,0.004372301
10/5/2012,-0.004625347
10/8/2012,-0.003116116
10/9/2012,-0.030710173
10/10/2012,-0.007637907
10/11/2012,0.017730901
10/15/2012,-0.000672231
10/16/2012,0.016480744
10/17/2012,0.004080957
10/18/2012,0.007469655
10/19/2012,-0.002780352
10/22/2012,-0.018587361
10/23/2012,-0.010695187
10/24/2012,0.007657658
10/25/2012,0.024642378
10/26/2012,-0.012979222
10/29/2012,0.00033151
10/30/2012,0.007180337
10/31/2012,-0.007732383
11/1/2012,0.036863049
11/5/2012,-0.00026651
11/6/2012,0.013542333
11/7/2012,-0.023776959
11/8/2012,-0.016488846
11/9/2012,-0.00186281
11/12/2012,-0.006532001
11/13/2012,0.020995635
11/14/2012,-0.008009091
11/16/2012,0.011456003
11/19/2012,0.022274958
11/21/2012,0.020312335
11/22/2012,0.010807177
11/23/2012,0.011561285
11/26/2012,-0.009456863
11/27/2012,-0.015265227
11/28/2012,-0.006791788
11/29/2012,0.015973273
11/30/2012,0.031701177
12/3/2012,0.008715139
12/4/2012,-0.013675636
12/5/2012,0.015867454
12/6/2012,-0.020645479
12/7/2012,0.000603743
12/10/2012,0.01307321
12/11/2012,0.005906293
12/12/2012,0.001085508
12/13/2012,0.007294593
12/14/2012,-0.004452708
12/17/2012,0
12/18/2012,0.000835545
12/19/2012,0.024750773
12/20/2012,-0.009776202
12/21/2012,0.011808547
12/26/2012,-0.021093414
12/27/2012,-0.018274211
12/28/2012,0.006320924
1/2/2013,0.024185172
1/3/2013,0.058866139
1/4/2013,-0.017558262
1/7/2013,-0.004270727
1/8/2013,0.003496503
1/9/2013,0.0128223
1/10/2013,-0.013210403
1/11/2013,-0.003486264
1/14/2013,0.016372796
1/15/2013,-0.015282941
1/16/2013,0.005080164
1/17/2013,0.016554602
1/18/2013,0.003649302
1/21/2013,-0.004181438
1/22/2013,0.008124144
1/23/2013,-0.014578051
1/24/2013,-0.002343104
1/28/2013,-0.030762146
1/29/2013,-0.011450563
1/30/2013,-0.010237432
1/31/2013,0.022337688
2/1/2013,-0.004892414
2/4/2013,-0.013747017
2/5/2013,-0.000822766
2/6/2013,-0.01666263
2/7/2013,-0.008521748
2/8/2013,0.02002186
2/13/2013,-0.008669816
2/14/2013,-0.01331499
2/15/2013,0.044218703
2/18/2013,0.016213639
2/19/2013,-0.021398405
2/20/2013,-0.0226815
2/21/2013,-0.011039694
2/22/2013,0.020639016
2/25/2013,-0.002527708
2/26/2013,-0.021929825
2/27/2013,0.005729945
2/28/2013,0.009165222
3/1/2013,0.012174767
3/4/2013,0.011203803
3/5/2013,0.002494124
3/6/2013,-0.001387493
3/7/2013,0.01025297
3/8/2013,0.014749123
3/11/2013,0
3/12/2013,-0.007804832
3/13/2013,0.002967499
3/14/2013,-0.002958719
3/15/2013,0.006782854
3/18/2013,-0.017825395
3/19/2013,-0.013194874
3/20/2013,0.008930295
3/21/2013,-0.009090474
3/22/2013,-0.001689923
3/25/2013,-0.011994583
3/26/2013,0.013608772
3/27/2013,0.021781126
3/28/2013,0.02429456
4/1/2013,-0.009967237
4/2/2013,-0.011232813
4/3/2013,0.011973225
4/4/2013,-0.014486678
4/5/2013,0
4/8/2013,-0.013801579
4/9/2013,0.026168224
4/10/2013,0.023445892
4/11/2013,-0.00118651
4/12/2013,-0.007538722
4/15/2013,-0.029831507
4/16/2013,0.018411313
4/17/2013,-0.036716056
4/18/2013,-0.019057754
4/19/2013,0.011587771
4/22/2013,0
4/23/2013,0.012088716
4/24/2013,-0.003660357
4/25/2013,-0.00522067
4/26/2013,-0.020992274
4/29/2013,0.005658411
4/30/2013,0.031390356
5/2/2013,-0.003684739
5/3/2013,0.00581172
5/6/2013,-0.01575856
5/7/2013,0.029886954
5/8/2013,0.008997974
5/9/2013,-0.003548417
5/10/2013,-0.002389654
5/13/2013,-0.021793246
5/14/2013,0.011619532
5/15/2013,0.007499169
5/16/2013,0.002119942
5/17/2013,0.022423844
5/20/2013,0.015448986
5/21/2013,0.002897894
5/22/2013,0.006004786
5/23/2013,-0.013688179
5/24/2013,-0.006643309
5/27/2013,-0.005817416
5/28/2013,0.007924806
5/29/2013,-0.022078991
5/31/2013,0.019913056
6/3/2013,-0.028003117
6/4/2013,-0.013768389
6/5/2013,-0.028255881
6/6/2013,0.000639606
6/7/2013,-0.007522864
6/10/2013,0.004111964
6/11/2013,-0.038286955
6/12/2013,-0.003283398
6/13/2013,-0.013743051
6/14/2013,-0.020927927
6/17/2013,0.009168443
6/18/2013,-0.007394887
6/19/2013,-0.021658152
6/20/2013,0.006581452
6/21/2013,-0.02334378
6/24/2013,-0.020084099
6/25/2013,0.00542036
6/26/2013,0.009266019
6/27/2013,0.010238148
6/28/2013,0.016137916
7/1/2013,0
7/2/2013,-0.050680254
7/3/2013,-0.008050702
7/4/2013,-0.001496575
7/5/2013,-0.034357526
7/8/2013,-0.005014626
7/10/2013,0.002699946
7/11/2013,0.0494854
7/12/2013,-0.0021666
7/15/2013,0.024912862
7/16/2013,-0.001784022
7/17/2013,0.023959788
7/18/2013,-0.013254063
7/19/2013,-0.015974794
7/22/2013,0.036737445
7/23/2013,0.014250108
7/24/2013,-0.014744377
7/25/2013,0.002114623
7/26/2013,-0.018775024
7/29/2013,-0.001047698
7/30/2013,-0.003863988
7/31/2013,-0.016014629
8/1/2013,0.027820015
8/2/2013,-0.008766643
8/5/2013,-0.020562711
8/6/2013,-0.020260737
8/7/2013,0.002937788
8/8/2013,0.032393315
8/9/2013,0.010347705
8/12/2013,0.015913221
8/13/2013,0.02401084
8/14/2013,-0.010215424
8/15/2013,-0.012994652
8/16/2013,-0.009427318
8/19/2013,-0.00175026
8/20/2013,-0.013314339
8/21/2013,-0.016770324
8/22/2013,-0.003614594
8/23/2013,0.020009069
8/26/2013,-0.012114476
8/27/2013,-0.02925128
8/28/2013,-0.00556296
8/29/2013,0.014917546
8/30/2013,0.020669461
9/2/2013,0.009337909
9/3/2013,-0.010700552
9/4/2013,0.005070137
9/5/2013,0.011546438
9/6/2013,0.019172162
9/9/2013,0.029304627
9/10/2013,0.012254384
9/11/2013,0.009705698
9/12/2013,-0.019276486
9/13/2013,0.008115087
9/16/2013,0.004390779
9/17/2013,0.010356492
9/18/2013,0.033068919
9/19/2013,0.004138412
9/20/2013,-0.02452952
9/23/2013,0.006871978
9/24/2013,-0.001971689
9/25/2013,0.004913632
9/26/2013,-0.000352858
9/27/2013,0.026221572
9/30/2013,-0.041619576
10/1/2013,0.015791632
10/2/2013,0.000353321
10/3/2013,-0.003229224
10/4/2013,-0.003897747
10/7/2013,0.003912999
10/8/2013,-0.001316123
10/9/2013,0.016625272
10/10/2013,0.013760782
10/11/2013,-0.003147593
10/14/2013,0.021856036
10/15/2013,0.002462341
10/16/2013,0.008669267
10/17/2013,0.005204603
10/18/2013,0.009167775
10/21/2013,-0.014215109
10/22/2013,0.014420093
10/23/2013,-0.020240056
10/24/2013,-0.000960846
10/25/2013,-0.006491945
10/28/2013,-0.000580833
10/29/2013,0.010848508
10/30/2013,-0.003976619
10/31/2013,-0.00245322
11/1/2013,-0.000337545
11/4/2013,0.023298442
11/5/2013,-0.013340247
11/6/2013,-0.011084038
11/7/2013,-0.008696072
11/8/2013,-0.035674253
11/11/2013,-0.001010765
11/12/2013,-0.008094299
11/13/2013,0.013413577
11/14/2013,0.018772018
11/18/2013,0.005730376
11/19/2013,-0.03286016
11/21/2013,-0.004215338
11/22/2013,-0.006579283
11/25/2013,-0.008933155
11/26/2013,-0.004299627
11/27/2013,0.023411893
11/28/2013,0.00325352
11/29/2013,0.009779579
12/2/2013,-0.021276596
12/3/2013,-0.023431091
12/4/2013,-0.015172993
12/5/2013,-0.004797953
12/6/2013,-0.000696379
12/9/2013,-0.002733852
12/10/2013,-0.004515158
12/11/2013,-0.021868251
12/12/2013,0.008501242
12/13/2013,0.004597953
12/16/2013,0.006647415
12/17/2013,-0.001407307
12/18/2013,0.005582958
12/19/2013,0.017356619
12/20/2013,-0.01568295
12/23/2013,0.005867155
12/26/2013,0.000160539
12/27/2013,0.006313537
12/30/2013,0.007230966
1/2/2014,-0.004803632
1/3/2014,-0.014851748
1/6/2014,0.012329726
1/7/2014,-0.021859377
1/8/2014,-0.000706867
1/9/2014,-0.028730003
1/10/2014,0.008403361
1/13/2014,-0.007222222
1/14/2014,0.009121433
1/15/2014,0.005767205
1/16/2014,-0.014390473
1/17/2014,-0.009845603
1/20/2014,-0.005875706
1/21/2014,0.011479882
1/22/2014,0.006573772
1/23/2014,-0.022550935
1/24/2014,-0.019701902
1/27/2014,0.004893394
1/28/2014,0.000811594
1/29/2014,-0.023053753
1/30/2014,-0.006166252
1/31/2014,0.017062403
2/3/2014,-0.034021586
2/4/2014,0.023014331
2/5/2014,-0.004273758
2/6/2014,0.019850969
2/7/2014,0.014086977
2/10/2014,-0.009395354
2/11/2014,0.017747003
2/12/2014,-0.004916814
2/13/2014,-0.002642919
2/14/2014,0.011406187
2/17/2014,-0.006777923
2/18/2014,-0.004530336
2/19/2014,0.020853736
2/20/2014,-0.008915975
2/21/2014,0.02095314
2/24/2014,0.01176733
2/25/2014,-0.023205821
2/26/2014,-0.007392359
2/27/2014,0.025412166
2/28/2014,-0.004379886
3/5/2014,-0.01135984
3/6/2014,0.037850625
3/7/2014,-0.01286226
3/10/2014,-0.023915553
3/11/2014,0.004843979
3/12/2014,0.006278027
3/13/2014,-0.020554813
3/14/2014,-0.013080817
3/17/2014,0.021264335
3/18/2014,0.011849678
3/19/2014,0.009926389
3/20/2014,0.028326891
3/21/2014,-0.001772002
3/24/2014,0.027972028
3/25/2014,-0.005860806
3/26/2014,0.022160227
3/27/2014,0.037952521
3/28/2014,0.002282199
3/31/2014,0.015988516
4/1/2014,0.01091352
4/2/2014,0.025061449
4/3/2014,-0.00526588
4/4/2014,-0.01181642
4/7/2014,0.040321423
4/8/2014,-0.019678161
4/9/2014,-0.008348185
4/10/2014,0.006526674
4/11/2014,0.026313316
4/14/2014,-0.012361505
4/15/2014,-0.009456703
4/16/2014,0.011699738
4/17/2014,0.018271811
4/22/2014,-0.003270795
4/23/2014,-0.009616699
4/24/2014,0.018177635
4/25/2014,-0.002079096
4/28/2014,-0.007156121
4/29/2014,0.007800739
4/30/2014,-0.010727865
5/2/2014,0.012354152
5/5/2014,0.021785311
5/6/2014,0.00725439
5/7/2014,0.011901102
5/8/2014,-0.011153546
5/9/2014,-0.008382708
5/12/2014,0.018057891
5/13/2014,-0.004869142
5/14/2014,0.01668851
5/15/2014,-0.012719147
5/16/2014,0.006572075
5/19/2014,-0.017079604
5/20/2014,-0.017992258
5/21/2014,-0.025355015
5/22/2014,0.010295537
5/23/2014,-0.015877349
5/26/2014,-0.003975592
5/27/2014,-0.015316068
5/28/2014,0.010275264
5/29/2014,-0.01077727
5/30/2014,-0.030137245
6/2/2014,0.001604746
6/3/2014,0.008350731
6/4/2014,-0.008570466
6/5/2014,-0.007673255
6/6/2014,0.048695737
6/9/2014,0.027114056
6/10/2014,0.007769549
6/11/2014,0.023174031
6/13/2014,-0.002291355
6/16/2014,-0.000883314
6/17/2014,-0.013438246
6/18/2014,0.017429877
6/20/2014,-0.002598318
6/23/2014,-0.008168492
6/24/2014,0.015581178
6/25/2014,-0.045719546
6/26/2014,-0.002158934
6/27/2014,-0.011002164
6/30/2014,-0.01047291
7/1/2014,0
7/2/2014,-0.003104567
7/3/2014,0.017552966
7/4/2014,0.004590772
7/7/2014,-0.007339365
7/8/2014,-0.010788189
7/10/2014,0.029615005
7/11/2014,0.006072228
7/14/2014,0.036122708
7/15/2014,0.009022425
7/16/2014,-0.032858755
7/17/2014,-0.004443248
7/18/2014,0.047876657
7/21/2014,0.008002065
7/22/2014,-0.003414426
7/23/2014,-0.001156317
7/24/2014,0.013120096
7/25/2014,-0.008421855
7/28/2014,-0.010200598
7/29/2014,0.004268897
7/30/2014,-0.005109489
7/31/2014,-0.008588322
8/1/2014,0.009794532
8/4/2014,0.013493124
8/5/2014,-0.008464483
8/6/2014,0.000557677
8/7/2014,-0.010547076
8/8/2014,-0.021578993
8/11/2014,0.027945084
8/12/2014,0
8/13/2014,-0.009435182
8/14/2014,0.029749478
8/15/2014,0.014022639
8/18/2014,0.006914362
8/19/2014,0.0302391
8/20/2014,0.005300141
8/21/2014,0.013300316
8/22/2014,-0.015727237
8/25/2014,0.028473029
8/26/2014,0.005412351
8/27/2014,0.026490066
8/28/2014,-0.001509149
8/29/2014,0.024863027
9/1/2014,-0.002691443
9/2/2014,0.020628466
9/3/2014,0.002173283
9/4/2014,-0.034588695
9/5/2014,0.017183932
9/8/2014,-0.027898417
9/9/2014,-0.013327275
9/10/2014,-0.024712203
9/11/2014,-0.004721435
9/12/2014,-0.028107211
9/15/2014,0.031889363
9/16/2014,0.027237968
9/17/2014,0.005103607
9/18/2014,-0.013171458
9/19/2014,-0.023135252
9/22/2014,-0.008158416
9/23/2014,-0.008225523
9/24/2014,0.007730091
9/25/2014,-0.02389133
9/26/2014,0.044081532
9/29/2014,-0.070328119
9/30/2014,-0.023824584
10/1/2014,-0.035896328
10/2/2014,0.031004973
10/3/2014,0.020816131
10/6/2014,0.07556407
10/7/2014,-0.006570354
10/8/2014,-0.008486394
10/9/2014,0.019488869
10/10/2014,-0.048204643
10/13/2014,0.078184529
10/14/2014,0.0137886
10/15/2014,-0.054631559
10/16/2014,-0.035466677
10/17/2014,0.038682067
10/20/2014,-0.023680947
10/21/2014,-0.051460647
10/22/2014,0.002289318
10/23/2014,-0.060162041
10/24/2014,0.025907924
10/27/2014,-0.021677915
10/28/2014,0.067708333
10/29/2014,-0.039537869
10/30/2014,0.067851733
10/31/2014,0.035212149
11/3/2014,-0.012332245
11/4/2014,0.0122414
11/5/2014,-0.0147539
11/6/2014,-0.021480299
11/7/2014,0.004139488
11/10/2014,0.005288361
11/11/2014,0.006047552
11/12/2014,0.002758564
11/13/2014,-0.026524328
11/14/2014,0.003374246
11/17/2014,-0.022363277
11/18/2014,0.044889711
11/19/2014,0.043002346
11/21/2014,0.076106684
11/24/2014,-0.016095325
11/25/2014,0.014383664
11/26/2014,-0.010285798
11/27/2014,-0.018743969
11/28/2014,-0.004539093
12/1/2014,-0.052323593
12/2/2014,-0.017040898
12/3/2014,0.016806037
12/4/2014,-0.02134232
12/5/2014,0.022094692
12/8/2014,-0.050212561
12/9/2014,0.023351068
12/10/2014,-0.029131421
12/11/2014,0.024055421
12/12/2014,-0.058559867
12/15/2014,-0.028169635
12/16/2014,0.005125879
12/17/2014,0.048966513
12/18/2014,-0.006023319
12/19/2014,0.025667662
12/22/2014,0.008398042
12/23/2014,0.016154007
12/26/2014,-0.02121
12/29/2014,0.006858537
12/30/2014,-0.006811818
1/2/2015,-0.021669612
1/5/2015,0.002064427
1/6/2015,0.032876948
1/7/2015,0.039767297
1/8/2015,0.005155463
1/9/2015,-0.043417757
1/12/2015,-0.017789601
1/13/2015,0.003173797
1/14/2015,0.010588037
1/15/2015,-0.010184915
1/16/2015,0.009699321
1/19/2015,-0.020966462
1/20/2015,-0.003156862
1/21/2015,0.024393375
1/22/2015,0.011028951
1/23/2015,-0.008677327
1/26/2015,0.016131049
1/27/2015,0.001640824
1/28/2015,-0.023875829
1/29/2015,-0.010530732
1/30/2015,-0.02993555
2/2/2015,0.010403007
2/3/2015,0.037030628
2/4/2015,0.025196062
2/5/2015,-0.016031901
2/6/2015,0.004218013
2/9/2015,0.010336024
2/10/2015,-0.020908906
2/11/2015,-0.026975273
2/12/2015,0.039659451
2/13/2015,0.026665569
2/18/2015,0.010942322
2/19/2015,-0.002180636
2/20/2015,0.002423809
2/23/2015,0.00975107
2/24/2015,0.010952344
2/25/2015,0.005552751
2/26/2015,0.00212388
2/27/2015,-0.012330931
3/2/2015,-0.013577309
3/3/2015,0.002175375
3/4/2015,-0.020719867
3/5/2015,-0.00165236
3/6/2015,-0.012110447
3/9/2015,-0.028726708
3/10/2015,-0.03327864
3/11/2015,0.029985203
3/12/2015,-0.017872988
3/13/2015,-0.012304251
3/16/2015,0.01485321
3/17/2015,0.039229151
3/18/2015,0.039400322
3/19/2015,-0.01676799
3/20/2015,0.015437462
3/23/2015,-0.002467465
3/24/2015,-0.009535208
3/25/2015,0.000563925
3/26/2015,-0.030756844
3/27/2015,-0.027745473
3/30/2015,0.020975735
3/31/2015,0.016109461
4/1/2015,0.031666941
4/2/2015,0.012054445
4/6/2015,0.005482153
4/7/2015,0.003530242
4/8/2015,0.002267042
4/9/2015,-0.01790032
4/10/2015,0.010721518
4/13/2015,-0.002239422
4/14/2015,0.008387148
4/15/2015,0.013432778
4/16/2015,-0.002543059
4/17/2015,-0.025611311
4/20/2015,-0.006818903
4/22/2015,0.013412103
4/23/2015,0.021939499
4/24/2015,0.023973791
4/27/2015,-0.014792788
4/28/2015,0.015320547
4/29/2015,-0.023706491
4/30/2015,0.015147427
5/4/2015,0.004670058
5/5/2015,0.003061109
5/6/2015,-0.025318363
5/7/2015,0.002860456
5/8/2015,0.002813753
5/11/2015,-0.003151785
5/12/2015,-0.010102179
5/13/2015,-0.014684688
5/14/2015,0.024312144
5/15/2015,0.020879163
5/18/2015,-0.024497202
5/19/2015,-0.014610138
5/20/2015,-0.025130767
5/21/2015,-0.017185735
5/22/2015,-0.021180527
5/25/2015,0.00582907
5/26/2015,-0.029726913
5/27/2015,0.027114129
5/28/2015,-0.006149856
5/29/2015,-0.026898468
6/1/2015,-0.001773587
6/2/2015,0.025524354
6/3/2015,-0.022860765
6/5/2015,-0.023395606
6/8/2015,0.001416995
6/9/2015,-0.010877736
6/10/2015,0.034824981
6/11/2015,0.002505616
6/12/2015,-0.018745152
6/15/2015,-0.005752931
6/16/2015,0.025353357
6/17/2015,-0.020849487
6/18/2015,0.037527497
6/19/2015,-0.019463173
6/22/2015,0.010638298
6/23/2015,0.011638853
6/24/2015,0.005583284
6/25/2015,-0.006225288
6/26/2015,0.016422585
6/29/2015,-0.022028817
6/30/2015,0.001788376
7/1/2015,-0.004590471
7/2/2015,0.018318459
7/3/2015,-0.012118417
7/6/2015,-0.018252048
7/7/2015,-0.004626227
7/8/2015,-0.017939362
7/10/2015,0.039807156
7/13/2015,0.018290867
7/14/2015,0.006558336
7/15/2015,-0.007221116
7/16/2015,-0.002048324
7/17/2015,-0.006241361
7/20/2015,-0.018082954
7/21/2015,-0.008886027
7/22/2015,-0.007882883
7/23/2015,-0.044355191
7/24/2015,0.007948835
7/27/2015,0.009336476
7/28/2015,0.012617872
7/29/2015,0.010997295
7/30/2015,-0.019913154
7/31/2015,0.008503021
8/3/2015,-0.031195917
8/4/2015,-0.014428362
8/5/2015,-0.003067342
8/6/2015,0.001957951
8/7/2015,-0.027683432
8/10/2015,0.011867164
8/11/2015,-0.000425612
8/12/2015,-0.032076454
8/13/2015,-0.014907865
8/14/2015,-0.00699613
8/17/2015,-0.016539249
8/18/2015,0.018900518
8/19/2015,-0.027176623
8/20/2015,-0.008047568
8/21/2015,-0.005580819
8/24/2015,-0.01761588
8/25/2015,0.00349114
8/26/2015,0.049285752
8/27/2015,0.024464985
8/28/2015,-0.025940274
8/31/2015,-0.040777286
9/1/2015,-0.028602918
9/2/2015,0.018261386
9/3/2015,0.024990715
9/4/2015,-0.042395693
9/8/2015,0.023298557
9/9/2015,0.011780243
9/10/2015,-0.021615413
9/11/2015,-0.011046481
9/14/2015,0.044679473
9/15/2015,0.019214876
9/16/2015,0.037299818
9/17/2015,-0.002784835
9/18/2015,-0.054333448
9/21/2015,-0.030877629
9/22/2015,0.004009409
9/23/2015,-0.033917257
9/24/2015,0.011849647
9/25/2015,-0.022986001
9/28/2015,-0.024920555
9/29/2015,-0.006174957
9/30/2015,0.019560465
10/1/2015,0.01354249
10/2/2015,0.037746353
10/5/2015,0.029291845
10/6/2015,0.009486084
10/7/2015,0.035935564
10/8/2015,0.000847289
10/9/2015,-0.010756436
10/13/2015,-0.054568336
10/14/2015,-0.00532453
10/15/2015,-0.003533001
10/16/2015,-0.019124362
10/19/2015,-0.001369188
10/20/2015,-0.023637161
10/21/2015,0.001404258
10/22/2015,0.014864258
10/23/2015,-0.013706958
10/26/2015,-0.007453068
10/27/2015,0.004234417
10/28/2015,0.02558048
10/29/2015,-0.044896393
10/30/2015,-0.001951443
11/3/2015,0.05290701
11/4/2015,-0.019990169
11/5/2015,0.027252968
11/6/2015,-0.01437717
11/9/2015,-0.022348214
11/10/2015,-0.005123585
11/11/2015,0.024391624
11/12/2015,-0.00049721
11/13/2015,-0.014647358
11/16/2015,0.008358108
11/17/2015,0.037383178
11/18/2015,0.007990133
11/19/2015,0.031707187
11/23/2015,-0.00979735
11/24/2015,-0.006926001
11/25/2015,-0.048662821
11/26/2015,0.021938044
11/27/2015,-0.036677454
11/30/2015,-0.019932811
12/1/2015,-0.00571298
12/2/2015,-0.000517123
12/3/2015,0.043863179
12/4/2015,-0.013657892
12/7/2015,-0.010217755
12/8/2015,-0.022000338
12/9/2015,0.050239372
12/10/2015,-0.04327768
12/11/2015,-0.008553387
12/14/2015,-0.017775462
12/15/2015,0.015621316
12/16/2015,0.008706251
12/17/2015,0.021577766
12/18/2015,-0.043314183
12/21/2015,-0.029025611
12/22/2015,0.008913413
12/23/2015,0.00781297
12/28/2015,0.009779951
12/29/2015,0.00507884
12/30/2015,-0.020800282
1/4/2016,-0.014521452
1/5/2016,0.003653413
1/6/2016,-0.014196445
1/7/2016,-0.0202474
1/8/2016,-0.019535176
1/11/2016,-0.028252931
1/12/2016,-0.005735759
1/13/2016,-0.014322658
1/14/2016,0.030272452
1/15/2016,-0.02546523
1/18/2016,-0.008643216
1/19/2016,0.006961341
1/20/2016,0.002349151
1/21/2016,-0.01446364
1/22/2016,0.020519092
1/26/2016,-0.011517976
1/27/2016,0.012258369
1/28/2016,0.001729989
1/29/2016,0.043108602
2/1/2016,0.025916964
2/2/2016,-0.040407175
2/3/2016,0.048188875
2/4/2016,0.054489355
2/5/2016,-0.010124064
2/10/2016,0.011291753
2/11/2016,-0.025838887
2/12/2016,0.003120499
2/15/2016,0
2/16/2016,0.035774109
2/17/2016,0.010973778
2/18/2016,-0.020281079
2/19/2016,0.004023558
2/22/2016,0.052328958
2/23/2016,-0.009547988
2/24/2016,-0.001950295
2/25/2016,-0.002903244
2/26/2016,0.002911697
2/29/2016,0.031935682
3/1/2016,0.028133961
3/2/2016,0.021838657
3/3/2016,0.089298589
3/4/2016,0.103252648
3/7/2016,-0.02823963
3/8/2016,0.004983022
3/9/2016,-0.045283019
3/10/2016,0.029874069
3/11/2016,0.035612281
3/14/2016,-0.006334569
3/15/2016,-0.052647556
3/16/2016,-0.022201877
3/17/2016,0.130243446
3/18/2016,-0.01329633
3/21/2016,0.016749927
3/22/2016,-0.010363336
3/23/2016,-0.032542033
3/24/2016,-0.018327655
3/28/2016,0.048761202
3/29/2016,0.017424814
3/30/2016,0.001399753
3/31/2016,-0.035273804
4/1/2016,0.01960283
4/4/2016,-0.036696481
4/5/2016,0.00568379
4/6/2016,-0.03071746
4/7/2016,0.008501358
4/8/2016,0.04938653
4/11/2016,0.021154898
4/12/2016,0.041103789
4/13/2016,0.009257061
4/14/2016,-0.0241455
4/15/2016,0.004538882
4/18/2016,-0.005677956
4/19/2016,0.002292194
4/20/2016,-0.000762317
4/22/2016,-0.021080104
4/25/2016,-0.023092699
4/26/2016,0.036066675
4/27/2016,0.035175879
4/28/2016,-0.020552772
4/29/2016,-0.012190735
5/2/2016,-0.01970543
5/3/2016,-0.020927065
5/4/2016,0.042706577
5/5/2016,-0.025108155
5/6/2016,0.004727936
5/9/2016,0.006315529
5/10/2016,0.043110874
5/11/2016,0.009752261
5/12/2016,0.021574889
5/13/2016,-0.040408661
5/16/2016,-0.017440013
5/17/2016,-0.032466745
5/18/2016,0.004387798
5/19/2016,-0.020636572
5/20/2016,-0.010960534
5/23/2016,0.002877883
5/24/2016,0.002869625
5/25/2016,-0.004099936
5/27/2016,-0.014323084
5/30/2016,-0.002914945
5/31/2016,-0.050004363
6/1/2016,0.018418152
6/2/2016,0.032291526
6/3/2016,0.005024247
6/6/2016,-0.005825074
6/7/2016,0.01294272
6/8/2016,0.031382198
6/9/2016,0.001590424
6/10/2016,-0.039948184
6/13/2016,0.016626768
6/14/2016,-0.019608683
6/15/2016,0.001659461
6/16/2016,0.014997602
6/17/2016,-0.006142348
6/20/2016,0.016509638
6/21/2016,0.011777211
6/22/2016,-0.002017061
6/23/2016,0.032843488
6/24/2016,-0.024746219
6/27/2016,-0.039419781
6/28/2016,0.024718221
6/29/2016,0.024121969
6/30/2016,0.005598175
7/1/2016,0.017484536
7/4/2016,0.004255492
7/5/2016,-0.000403568
7/6/2016,0
7/7/2016,0.003875813
7/8/2016,0.027548763
7/11/2016,0.011311155
7/12/2016,-0.008204652
7/13/2016,0.022164124
7/14/2016,0.041229242
7/15/2016,0
7/18/2016,0.020824931
7/19/2016,-0.003807061
7/20/2016,0.008688755
7/21/2016,-0.007577382
7/22/2016,0.006590794
7/25/2016,-0.003077033
7/26/2016,-0.007967556
7/27/2016,0.003473102
7/28/2016,-0.044453257
7/29/2016,0.031278298
8/1/2016,0.001390261
8/2/2016,-0.012348836
8/3/2016,0.023156882
8/4/2016,0.010810225
8/5/2016,0.006223621
8/8/2016,-0.009953078
8/9/2016,-0.005170185
8/10/2016,-0.014291901
8/11/2016,0.029657293
8/12/2016,0.001386815
8/15/2016,0.014736693
8/16/2016,-0.01518757
8/17/2016,0.011299837
8/18/2016,0.002705552
8/19/2016,-0.005746925
8/22/2016,-0.026856519
8/23/2016,-0.010829017
8/24/2016,-0.007066491
8/25/2016,0.004646189
8/26/2016,0.013800697
8/29/2016,0.018138373
8/30/2016,0.003093663
8/31/2016,-0.006487291
9/1/2016,-0.009990723
9/2/2016,0.029193397
9/5/2016,0.003361815
9/6/2016,0.010470473
9/8/2016,0.013332412
9/9/2016,-0.055286659
9/12/2016,0.003499784
9/13/2016,-0.041635207
9/14/2016,0.008328644
9/15/2016,0.027272389
9/16/2016,-0.018181818
9/19/2016,0.005348974
9/20/2016,0.010971269
9/21/2016,0.019635598
9/22/2016,0.01922187
9/23/2016,0.002025635
9/26/2016,-0.012442926
9/27/2016,0.020787746
9/28/2016,0.005981399
9/29/2016,-0.016565851
9/30/2016,0.000664011
10/3/2016,0.025774456
10/4/2016,0.014401961
10/5/2016,0.007954622
10/6/2016,0
10/7/2016,0.014118744
10/10/2016,-0.000328353
10/11/2016,-0.003547381
10/13/2016,0.001285559
10/14/2016,0.00813142
10/17/2016,0.019952323
10/18/2016,0.024332458
10/19/2016,-0.00709508
10/20/2016,0.014606353
10/21/2016,-0.009493965
10/24/2016,-0.009584965
10/25/2016,-0.00468073
10/26/2016,-0.004067237
10/27/2016,0.016686341
10/28/2016,0.003703006
10/31/2016,0.031453227
11/1/2016,-0.0292816
11/3/2016,-0.023763427
11/4/2016,0
11/7/2016,0.034705562
11/8/2016,-0.000587362
11/9/2016,-0.027498531
11/10/2016,-0.089153944
11/11/2016,0.001711073
11/14/2016,0.007216064
11/16/2016,0.01505555
11/17/2016,-0.031301146
11/18/2016,0.017353045
11/21/2016,0.005812545
11/22/2016,0.006810911
11/23/2016,0.004373228
11/24/2016,-0.00942273
11/25/2016,0.004773352
11/28/2016,0.012474794
11/29/2016,-0.031663516
11/30/2016,0.023739803
12/1/2016,-0.055776892
12/2/2016,0.015976054
12/5/2016,-0.005253443
12/6/2016,0.021481587
12/7/2016,-0.00618319
12/8/2016,-0.010439734
12/9/2016,0.013356067
12/12/2016,-0.041573191
12/13/2016,0.003986541
12/14/2016,-0.011875706
12/15/2016,0.003281106
12/16/2016,-0.005438377
12/19/2016,-0.021909407
12/20/2016,0.021644695
12/21/2016,-0.008393108
12/22/2016,-0.004399866
12/23/2016,0.020935545
12/26/2016,0.018341893
12/27/2016,-0.009726225
12/28/2016,0.035940342
12/29/2016,0.016468853
1/2/2017,-0.006874633
1/3/2017,0.04233338
1/4/2017,-0.006340731
1/5/2017,0.011083123
1/6/2017,0.006311244
1/9/2017,0.00132035
1/10/2017,0
1/11/2017,0.007582001
1/12/2017,0.023523638
1/13/2017,-0.007991305
1/16/2017,0.001933363
1/17/2017,0.028590725
1/18/2017,-0.010005315
1/19/2017,-0.000947478
1/20/2017,-0.004710271
1/23/2017,0.022836997
1/24/2017,-0.003726361
1/26/2017,0.022410622
1/27/2017,0.003048595
1/30/2017,-0.017597714
1/31/2017,0.010487888
2/1/2017,-0.008266487
2/2/2017,-0.037354902
2/3/2017,0.024373036
2/6/2017,-0.020662451
2/7/2017,-0.001598363
2/8/2017,0.018570697
2/9/2017,0.005972589
2/10/2017,0.014967815
2/13/2017,0.002770851
2/14/2017,-0.006140432
2/15/2017,0.021624293
2/16/2017,-0.003326177
2/17/2017,-0.002123722
2/20/2017,0.003952449
2/21/2017,0.028163896
2/22/2017,0.006450473
2/23/2017,-0.015188762
2/24/2017,-0.0074292
3/1/2017,-0.008981767
3/2/2017,-0.003051267
3/3/2017,0.023636364
3/6/2017,-0.009769094
3/7/2017,-0.013452915
3/8/2017,-0.016969697
3/9/2017,-0.008939581
3/10/2017,-0.005598756
3/13/2017,0.01251173
3/14/2017,-0.008341057
3/15/2017,0.017757009
3/16/2017,-0.004591368
3/17/2017,-0.030750308
3/20/2017,0.017766497
3/21/2017,-0.029613466
