1/4/2000,-0.03313736
1/5/2000,-0.032061913
1/6/2000,0.033695031
1/7/2000,0.006077348
1/10/2000,0.109829764
1/11/2000,-0.028698664
1/12/2000,0.029546612
1/13/2000,0.004948046
1/14/2000,-0.012801576
1/17/2000,-0.005486284
1/18/2000,-0.01554664
1/19/2000,-0.01986755
1/20/2000,0.01039501
1/21/2000,0.023662551
1/24/2000,0.069346734
1/26/2000,-0.005639098
1/27/2000,0.018431002
1/28/2000,-0.049651972
1/31/2000,-0.05078125
2/1/2000,0
2/2/2000,0.019547325
2/3/2000,0.038849647
2/4/2000,0.007770763
2/7/2000,0.038554217
2/8/2000,0.018097448
2/9/2000,-0.043755697
2/10/2000,-0.066730219
2/11/2000,-0.06639428
2/14/2000,-0.010393873
2/15/2000,0.089552239
2/16/2000,-0.037544394
2/17/2000,-0.030047443
2/18/2000,0.004347826
2/21/2000,0.024891775
2/22/2000,-0.004223865
2/23/2000,0.020148462
2/24/2000,0.012474012
2/25/2000,-0.011806982
2/28/2000,-0.02025974
2/29/2000,-0.040827147
3/1/2000,0
3/2/2000,-0.023217247
3/3/2000,0.010752688
3/8/2000,-0.030235162
3/9/2000,0.008660508
3/10/2000,-0.019461935
3/13/2000,-0.038528897
3/14/2000,-0.004250152
3/15/2000,0.03597561
3/16/2000,0.01942319
3/17/2000,-0.006928406
3/20/2000,-0.059883721
3/21/2000,0.073593074
3/22/2000,-0.024193548
3/23/2000,0.011216057
3/24/2000,0.056042032
3/27/2000,0.008291874
3/28/2000,-0.029605263
3/29/2000,0.002824859
3/30/2000,0.007887324
3/31/2000,0.017887088
4/3/2000,0.016474465
4/4/2000,-0.022690438
4/5/2000,0.021006081
4/6/2000,-0.014076881
4/7/2000,0.01867106
4/10/2000,-0.014555256
4/11/2000,-0.003829322
4/12/2000,0.006040637
4/13/2000,-0.006004367
4/14/2000,-0.061504668
4/17/2000,-0.042715038
4/18/2000,0.034841076
4/19/2000,-0.067926757
4/20/2000,0.063371356
4/24/2000,-0.035756853
4/25/2000,0.011124845
4/26/2000,0
4/27/2000,0
4/28/2000,0.051344743
5/2/2000,0
5/3/2000,-0.015697674
5/4/2000,-0.012404017
5/5/2000,0.012559809
5/8/2000,-0.017720024
5/9/2000,-0.002405292
5/10/2000,-0.004822182
5/11/2000,-0.02059358
5/12/2000,0.023500309
5/15/2000,0.027794562
5/16/2000,0.052322163
5/17/2000,-0.021787709
5/18/2000,-0.006282125
5/19/2000,0.017241379
5/22/2000,-0.021468927
5/23/2000,-0.046766744
5/24/2000,-0.006662629
5/25/2000,0
5/26/2000,0.009146341
5/29/2000,0.024169184
5/30/2000,0.05899705
5/31/2000,-0.024512535
6/1/2000,0.04625928
6/2/2000,0.001091703
6/5/2000,-0.005452563
6/6/2000,-0.001644737
6/7/2000,0.025260846
6/8/2000,0.020353508
6/9/2000,-0.022047244
6/12/2000,-0.022544283
6/13/2000,-0.010982976
6/14/2000,0.017767907
6/15/2000,0.007637752
6/16/2000,0.014076881
6/19/2000,0.03577149
6/20/2000,0.013917526
6/21/2000,0.01931876
6/23/2000,0.00798005
6/26/2000,-0.009896091
6/27/2000,-0.0009995
6/28/2000,0.007003502
6/29/2000,-0.036264282
6/30/2000,0.01185567
7/3/2000,-0.004075395
7/4/2000,0.031713555
7/5/2000,-0.024789291
7/6/2000,0.017285206
7/7/2000,0.019490255
7/10/2000,-0.017156863
7/11/2000,-0.020947631
7/12/2000,-0.009679063
7/13/2000,-0.038580247
7/14/2000,-0.005350455
7/17/2000,0.034965035
7/18/2000,0
7/19/2000,-0.007796258
7/20/2000,-0.005762179
7/21/2000,0.010010537
7/24/2000,0.006259781
7/25/2000,0.017625713
7/26/2000,0.019358125
7/27/2000,-0.018990505
7/28/2000,-0.057055527
7/31/2000,0.023230686
8/1/2000,-0.014255544
8/2/2000,0.002142475
8/3/2000,0.039016569
8/4/2000,0.041152263
8/7/2000,0.015316206
8/8/2000,-0.009245742
8/9/2000,-0.04518664
8/10/2000,-0.008230453
8/11/2000,0.018153527
8/14/2000,0.01171676
8/15/2000,0.01510574
8/16/2000,-0.007440476
8/17/2000,0.005997001
8/18/2000,-0.005961252
8/21/2000,-0.003498251
8/22/2000,-0.004012036
8/23/2000,0.006042296
8/24/2000,0.003503504
8/25/2000,-0.001995012
8/28/2000,-0.00149925
8/29/2000,-0.001001001
8/30/2000,-0.01252505
8/31/2000,-0.039066464
9/1/2000,0.017951426
9/4/2000,0.008298755
9/5/2000,0.020061728
9/6/2000,0.042360061
9/8/2000,-0.045476536
9/11/2000,0.024328434
9/12/2000,-0.023255814
9/13/2000,-0.007598784
9/14/2000,-0.017866258
9/15/2000,-0.02962578
9/18/2000,-0.03535083
9/19/2000,0.00388673
9/20/2000,-0.031526549
9/21/2000,0.006853227
9/22/2000,0.017583664
9/25/2000,-0.017279822
9/26/2000,-0.00113443
9/27/2000,-0.009653606
9/28/2000,0.014908257
9/29/2000,0.009039548
10/2/2000,-0.030235162
10/3/2000,0.005196305
10/4/2000,0.030442275
10/5/2000,0.017837235
10/6/2000,-0.02354874
10/9/2000,-0.01346046
10/10/2000,0.006253553
10/11/2000,-0.025423729
10/13/2000,-0.00057971
10/16/2000,0.002320186
10/17/2000,-0.027199074
10/18/2000,-0.041046996
10/19/2000,-0.003101737
10/20/2000,0.003111388
10/23/2000,-0.061414392
10/24/2000,0.035029742
10/25/2000,0.007662835
10/26/2000,0.054499366
10/27/2000,0.061899038
10/30/2000,-0.011318619
10/31/2000,-0.030910132
11/1/2000,0.014176019
11/3/2000,-0.013977868
11/6/2000,-0.00236267
11/7/2000,-0.002960332
11/8/2000,0.001187648
11/9/2000,-0.014827995
11/10/2000,0.003612282
11/13/2000,-0.0119976
11/14/2000,0.007285974
11/16/2000,-0.007233273
11/17/2000,-0.018214936
11/20/2000,-0.009276438
11/21/2000,0.016229713
11/22/2000,-0.019041769
11/23/2000,-0.0169067
11/24/2000,0.010191083
11/27/2000,-0.027112232
11/28/2000,-0.009721322
11/29/2000,0.006544503
11/30/2000,-0.024057217
12/1/2000,0.033311126
12/4/2000,0.027079304
12/5/2000,0.041431262
12/6/2000,0.011452682
12/7/2000,0.013706794
12/8/2000,0.013521458
12/11/2000,0.013341067
12/12/2000,0
12/13/2000,-0.002289639
12/14/2000,-0.01319564
12/15/2000,0.006976744
12/18/2000,-0.004618938
12/19/2000,0.002900232
12/20/2000,-0.009253904
12/21/2000,-0.011675423
12/22/2000,0.021264028
12/26/2000,0.012724118
12/27/2000,0.034266134
12/28/2000,0.008834898
1/2/2001,0.014778325
1/3/2001,0.071197411
1/4/2001,0.000503525
1/5/2001,-0.031202818
1/8/2001,0.012987013
1/9/2001,0.021025641
1/10/2001,-0.004018081
1/11/2001,-0.008572869
1/12/2001,0
1/15/2001,0
1/16/2001,-0.004069176
1/17/2001,0.012768131
1/18/2001,0.034291478
1/19/2001,-0.007313506
1/22/2001,0
1/23/2001,0.006385069
1/24/2001,0.016105417
1/26/2001,0.031700288
1/29/2001,0.015363128
1/30/2001,-0.013296653
1/31/2001,0.004182156
2/1/2001,-0.031004165
2/2/2001,0.003342884
2/5/2001,-0.025226083
2/6/2001,0.016601563
2/7/2001,-0.019692603
2/8/2001,0.036256737
2/9/2001,-0.003782506
2/12/2001,-0.017560513
2/13/2001,0.009661836
2/14/2001,-0.007177033
2/15/2001,-0.006746988
2/16/2001,-0.039786511
2/19/2001,0.001010611
2/20/2001,0.011105502
2/21/2001,-0.003994009
2/22/2001,0.04962406
2/23/2001,0.027698185
2/28/2001,0.0116171
3/1/2001,-0.007349564
3/2/2001,0.00370199
3/5/2001,-0.022591056
3/6/2001,-0.00990566
3/7/2001,-0.001429252
3/8/2001,0.026717557
3/9/2001,-0.017193309
3/12/2001,-0.056737589
3/13/2001,0.037593985
3/14/2001,0.019806763
3/15/2001,-0.014684983
3/16/2001,-0.008653846
3/19/2001,-0.024248303
3/20/2001,0.068588469
3/21/2001,0.000930233
3/22/2001,-0.030669145
3/23/2001,0.001917546
3/26/2001,0.025837321
3/27/2001,0.018190299
3/28/2001,-0.004580852
3/29/2001,-0.009664059
3/30/2001,0.019516729
4/2/2001,-0.009571559
4/3/2001,-0.009664059
4/4/2001,-0.022769517
4/5/2001,0.015691869
4/6/2001,-0.012640449
4/9/2001,0.02038881
4/10/2001,-0.003252788
4/11/2001,-0.023776224
4/12/2001,-0.006685769
4/16/2001,0.004807692
4/17/2001,0.033971292
4/18/2001,0
4/19/2001,-0.022211939
4/20/2001,-0.000946522
4/23/2001,0.03315964
4/24/2001,-0.018798716
4/25/2001,-0.007476636
4/26/2001,-0.00047081
4/27/2001,-0.003768252
4/30/2001,-0.003782506
5/2/2001,0.043189369
5/3/2001,-0.001819836
5/4/2001,0.005469462
5/7/2001,-0.033544878
5/8/2001,0.011257036
5/9/2001,0.059833024
5/10/2001,0.024507659
5/11/2001,-0.006407518
5/14/2001,-0.030094583
5/15/2001,0.03679078
5/16/2001,-0.012398461
5/17/2001,0.013852814
5/18/2001,0.002134927
5/21/2001,0.001704303
5/22/2001,0.01403658
5/23/2001,-0.015939597
5/24/2001,0.014492754
5/25/2001,-0.003361345
5/28/2001,0.003372681
5/29/2001,-0.003361345
5/30/2001,-0.017706577
5/31/2001,0.012446352
6/1/2001,0
6/4/2001,-0.006782535
6/5/2001,0.001707213
6/6/2001,0
6/7/2001,0.014060503
6/8/2001,-0.011344538
6/11/2001,-0.002549936
6/12/2001,-0.021303792
6/13/2001,0.016107967
6/15/2001,-0.014138817
6/18/2001,-0.01781834
6/19/2001,0.007522124
6/20/2001,-0.009222661
6/21/2001,0.019946809
6/22/2001,-0.019991308
6/25/2001,-0.031042129
6/26/2001,-0.018764302
6/27/2001,-0.003731343
6/28/2001,-0.007490637
6/29/2001,0.023584906
7/2/2001,0.029953917
7/3/2001,-0.024161074
7/4/2001,-0.013296653
7/5/2001,0.019516729
7/6/2001,0.016864175
7/10/2001,-0.001792918
7/11/2001,0.001796138
7/12/2001,-0.033617212
7/13/2001,0.007884972
7/16/2001,-0.003681546
7/17/2001,-0.021247113
7/18/2001,-0.005663049
7/19/2001,0.017560513
7/20/2001,0.013526119
7/23/2001,0.004601933
7/24/2001,-0.016032982
7/25/2001,0.013500931
7/26/2001,0.001837391
7/27/2001,-0.003668042
7/30/2001,-0.005522319
7/31/2001,0.011105969
8/1/2001,-0.015102975
8/2/2001,0
8/3/2001,0.00929368
8/6/2001,-0.005985267
8/7/2001,0.000926355
8/8/2001,-0.002313744
8/9/2001,-0.020871985
8/10/2001,0.031264803
8/13/2001,-0.003674782
8/14/2001,0.007376671
8/15/2001,-0.001830664
8/16/2001,-0.013296653
8/17/2001,-0.011152416
8/20/2001,0.005639098
8/21/2001,0.010747664
8/22/2001,-0.008784096
8/23/2001,-0.001865672
8/24/2001,0.005607477
8/27/2001,0.004182156
8/28/2001,0.00740398
8/29/2001,-0.013321084
8/30/2001,-0.00744879
8/31/2001,-0.004221388
9/3/2001,-0.029203957
9/4/2001,0.019408054
9/5/2001,0.014754879
9/6/2001,-0.006097561
9/10/2001,0.007078811
9/11/2001,-0.086223055
9/12/2001,0.052820513
9/13/2001,-0.042377009
9/14/2001,0.010681587
9/17/2001,0.049823855
9/18/2001,0.025886865
9/19/2001,0.007476636
9/20/2001,0.00974026
9/21/2001,-0.003215434
9/24/2001,0.012903226
9/25/2001,-0.001819836
9/26/2001,-0.004102097
9/27/2001,0.004118993
9/28/2001,-0.004102097
10/1/2001,0
10/2/2001,-0.002745995
10/3/2001,0.006883892
10/4/2001,-0.02461258
10/5/2001,0.011682243
10/8/2001,0.01108545
10/9/2001,0.01142074
10/10/2001,0.02303523
10/11/2001,-0.016777042
10/15/2001,0.014818141
10/16/2001,0.006637168
10/17/2001,0.017142857
10/18/2001,-0.005617978
10/19/2001,-0.005215124
10/22/2001,0.003494976
10/23/2001,-0.005224205
10/24/2001,0.010940919
10/25/2001,-0.009090909
10/26/2001,0.012669288
10/29/2001,-0.015962036
10/30/2001,0.007014467
10/31/2001,0.012625163
11/1/2001,0.015907137
11/5/2001,0.020736352
11/6/2001,-0.033996683
11/7/2001,-0.021030043
11/8/2001,-0.010960105
11/9/2001,0.00177305
11/12/2001,-0.020353982
11/13/2001,-0.005420054
11/14/2001,-0.009082652
11/16/2001,0.056828598
11/19/2001,0.0160451
11/20/2001,-0.026888604
11/21/2001,-0.014035088
11/22/2001,0.012900356
11/23/2001,0.014053579
11/26/2001,0.00216544
11/27/2001,-0.025496975
11/28/2001,0
11/29/2001,0.015077605
11/30/2001,0.040192224
12/3/2001,0.028139437
12/4/2001,-0.033088235
12/5/2001,0.009716941
12/6/2001,0
12/7/2001,-0.007531381
12/10/2001,-0.002107926
12/11/2001,0.006759611
12/12/2001,-0.008392782
12/13/2001,-0.007617435
12/14/2001,-0.002132196
12/17/2001,0.003846154
12/18/2001,0.021285653
12/19/2001,-0.000833681
12/20/2001,-0.012515645
12/21/2001,0.02661597
12/26/2001,-0.016460905
12/27/2001,0.009205021
12/28/2001,0.003731343
1/2/2002,-0.012391574
1/3/2002,0.007109996
1/4/2002,0
1/7/2002,0.005398671
1/8/2002,0.008674102
1/9/2002,0.000819001
1/10/2002,0.005728314
1/11/2002,-0.007729862
1/14/2002,-0.037720377
1/15/2002,-0.022155944
1/16/2002,0.013943355
1/17/2002,0.017189514
1/18/2002,-0.004224757
1/21/2002,-0.023334748
1/22/2002,0.026498697
1/23/2002,0.024968261
1/24/2002,0.026837325
1/28/2002,0.024527543
1/29/2002,-0.037284144
1/30/2002,-0.036689768
1/31/2002,0.021159543
2/1/2002,0.026937422
2/4/2002,0.011702986
2/5/2002,0.001994416
2/6/2002,-0.01910828
2/7/2002,0.008522727
2/8/2002,0.007243461
2/13/2002,0.023172193
2/14/2002,0.021085513
2/15/2002,-0.004971319
2/18/2002,-0.017294389
2/19/2002,0.026202581
2/20/2002,0.01714939
2/21/2002,0.015361559
2/22/2002,0
2/25/2002,-0.000738007
2/26/2002,0.007385524
2/27/2002,-0.008064516
2/28/2002,0
3/1/2002,0.027346637
3/4/2002,0.016906475
3/5/2002,0.024053767
3/6/2002,-0.023488774
3/7/2002,-0.042801556
3/8/2002,-0.021064302
3/11/2002,-0.00415251
3/12/2002,0.047763457
3/13/2002,0.009768452
3/14/2002,-0.025797205
3/15/2002,-0.001838911
3/18/2002,-0.002947679
3/19/2002,-0.016999261
3/20/2002,0.021428571
3/21/2002,0.019138756
3/22/2002,-0.026363308
3/25/2002,0.007418398
3/26/2002,0.020986745
3/27/2002,0
3/28/2002,-0.007933646
4/1/2002,0.007997092
4/2/2002,-0.003245582
4/3/2002,-0.024602026
4/4/2002,0.012240356
4/5/2002,0.016123122
4/8/2002,0.005048684
4/9/2002,0.006458558
4/10/2002,0.003208556
4/11/2002,0.000710732
4/12/2002,0.016335227
4/15/2002,0.008385744
4/16/2002,0.014553015
4/17/2002,0.013319672
4/18/2002,-0.024941018
4/19/2002,-0.017974421
4/22/2002,0.038718761
4/23/2002,0.013215859
4/24/2002,-0.016722408
4/25/2002,-0.023809524
4/26/2002,-0.005226481
4/29/2002,0.002802102
4/30/2002,0
5/2/2002,0.000349284
5/3/2002,0.023393855
5/6/2002,0.018423746
5/7/2002,-0.008375209
5/8/2002,0.020608108
5/9/2002,0.013571665
5/10/2002,0.008817766
5/13/2002,0.017481386
5/14/2002,-0.001590837
5/15/2002,-0.011472275
5/16/2002,-0.007092199
5/17/2002,0.002922078
5/20/2002,0
5/21/2002,0.01521528
5/22/2002,0.008928571
5/23/2002,0.013274336
5/24/2002,-0.002807236
5/27/2002,0.008132624
5/28/2002,0.003723239
5/29/2002,0.03431221
5/31/2002,0.003885236
6/3/2002,0.000297708
6/4/2002,0.018452381
6/5/2002,-0.001168907
6/6/2002,-0.011995319
6/7/2002,-0.006514658
6/10/2002,0
6/11/2002,-0.004769001
6/12/2002,0
6/13/2002,-0.037136867
6/14/2002,-0.012752722
6/17/2002,0
6/18/2002,-0.004095778
6/19/2002,0.011388801
6/20/2002,-0.022833907
6/21/2002,-0.004161332
6/24/2002,-0.046287367
6/25/2002,0.011122346
6/26/2002,0.019
6/27/2002,0.069349035
6/28/2002,0.007035791
7/1/2002,-0.006986634
7/2/2002,-0.003976751
7/3/2002,0.003992629
7/4/2002,-0.002753136
7/5/2002,-0.00398773
7/8/2002,0.005543579
7/10/2002,-0.030627871
7/11/2002,-0.019905213
7/12/2002,-0.015151515
7/15/2002,0.012438625
7/16/2002,0.010992564
7/17/2002,0.006395907
7/18/2002,-0.014617096
7/19/2002,0.025153176
7/22/2002,-0.029883611
7/23/2002,0.001621271
7/24/2002,0.007122046
7/25/2002,-0.017357763
7/26/2002,-0.033693163
7/29/2002,0.001354096
7/30/2002,0.080797836
7/31/2002,0.071942446
8/1/2002,-0.029180041
8/2/2002,-0.044484521
8/5/2002,-0.014155395
8/6/2002,0
8/7/2002,0.007019783
8/8/2002,-0.014258555
8/9/2002,0.057859209
8/12/2002,-0.020358554
8/13/2002,-0.020781638
8/14/2002,0.014254039
8/15/2002,0
8/16/2002,0.042161149
8/19/2002,-0.036559784
8/20/2002,-0.002799378
8/21/2002,0.002807236
8/22/2002,0.005598756
8/23/2002,0.004330343
8/26/2002,-0.007083462
8/27/2002,0.013957816
8/28/2002,-0.003670847
8/29/2002,-0.037764814
8/30/2002,-0.007338864
9/2/2002,0
9/3/2002,0.008678881
9/4/2002,0.005736138
9/5/2002,0.017427123
9/6/2002,0.02304578
9/9/2002,0.008828006
9/10/2002,-0.0006035
9/11/2002,0.006038647
9/12/2002,-0.008103241
9/13/2002,0.0096823
9/16/2002,0.006592748
9/17/2002,0.006847276
9/18/2002,0.032525133
9/19/2002,0.01231386
9/20/2002,-0.004526167
9/23/2002,0.037794828
9/24/2002,0.037239869
9/25/2002,-0.01531151
9/26/2002,0.017962466
9/27/2002,-0.002370292
9/30/2002,-0.012143611
10/1/2002,-0.036344201
10/2/2002,0.019134775
10/3/2002,0.035646259
10/4/2002,-0.012611666
10/7/2002,0.000798297
10/8/2002,0.001063547
10/9/2002,0.023638778
10/10/2002,-0.008303062
10/11/2002,-0.014913658
10/14/2002,-0.017795485
10/15/2002,0.007301244
10/16/2002,0
10/17/2002,0.022818792
10/18/2002,0.014173228
10/21/2002,0.017598344
10/22/2002,0.015005086
10/23/2002,0.016787772
10/24/2002,0.016757023
10/25/2002,0.010906447
10/28/2002,0.026612323
10/29/2002,0.008874358
10/30/2002,-0.022916667
10/31/2002,-0.005448946
11/1/2002,-0.007622677
11/4/2002,-0.018963034
11/5/2002,-0.040127233
11/6/2002,0.0402753
11/7/2002,0.003185494
11/8/2002,0.002198339
11/11/2002,-0.024128686
11/12/2002,0.007992008
11/13/2002,0.003221011
11/14/2002,0.023956532
11/18/2002,0.03159672
11/19/2002,-0.018003273
11/20/2002,-0.021666667
11/21/2002,0.035045023
11/22/2002,-0.021866917
11/25/2002,-0.010096154
11/26/2002,0.001214182
11/27/2002,0.01455251
11/28/2002,0
11/29/2002,0.033229739
12/2/2002,0.010874595
12/3/2002,0.016250858
12/4/2002,0.006081081
12/5/2002,0.00402955
12/6/2002,0.014046823
12/9/2002,0.010773967
12/10/2002,0.021100718
12/11/2002,0.011930124
12/12/2002,-0.006736842
12/13/2002,-0.028613819
12/16/2002,-0.011128082
12/17/2002,0.010812004
12/18/2002,-0.028596376
12/19/2002,-0.003595506
12/20/2002,-0.00631484
12/23/2002,0.019064911
12/26/2002,0.024721604
12/27/2002,-0.013040643
12/30/2002,-0.000880863
1/2/2003,-0.006391889
1/3/2003,-0.012200532
1/6/2003,-0.026723557
1/7/2003,-0.021919705
1/8/2003,0.006605331
1/9/2003,0.007733771
1/10/2003,-0.026976744
1/13/2003,-0.020315488
1/14/2003,-0.005367163
1/15/2003,0.014716703
1/16/2003,-0.005076142
1/17/2003,0.002672498
1/20/2003,0.002423068
1/21/2003,0.019821126
1/22/2003,0.010191989
1/23/2003,-0.035429376
1/24/2003,0.014108489
1/27/2003,-0.013432478
1/28/2003,-0.004376368
1/29/2003,0.015873016
1/30/2003,0
1/31/2003,0.026682692
2/3/2003,0.012643409
2/4/2003,0.026358382
2/5/2003,0.025005632
2/6/2003,0.012747253
2/7/2003,-0.011501736
2/10/2003,0
2/11/2003,0.020417124
2/12/2003,-0.018072289
2/13/2003,-0.020376862
2/14/2003,-0.01118318
2/17/2003,0.019678806
2/18/2003,-0.016415262
2/19/2003,0.00112765
2/20/2003,-0.005181347
2/21/2003,0.040987319
2/24/2003,0.003915597
2/25/2003,0
2/26/2003,0.007150596
2/27/2003,-0.042383821
2/28/2003,0.023365536
3/5/2003,0.002854007
3/6/2003,-0.01204028
3/7/2003,-0.011300687
3/10/2003,-0.017705065
3/11/2003,-0.008441707
3/12/2003,0
3/13/2003,-0.018177635
3/14/2003,-0.019217249
3/17/2003,0.012425329
3/18/2003,-0.012744867
3/19/2003,-0.010996892
3/20/2003,0.014503263
3/21/2003,-0.01667858
3/24/2003,-0.006784589
3/25/2003,-0.007806782
3/26/2003,0.009343496
3/27/2003,0.006577345
3/28/2003,-0.007986447
3/31/2003,-0.006586972
4/1/2003,0.002210216
4/2/2003,-0.014947317
4/3/2003,-0.01840796
4/4/2003,-0.016472377
4/7/2003,0.003607318
4/8/2003,0.014890886
4/9/2003,0.015937263
4/10/2003,0.018675299
4/11/2003,-0.022977267
4/14/2003,-0.005754316
4/15/2003,-0.014091595
4/16/2003,0.001276161
4/17/2003,-0.008157023
4/22/2003,-0.00616808
4/23/2003,-0.017067494
4/24/2003,-0.032622994
4/25/2003,0.011694316
4/28/2003,-0.002419355
4/29/2003,0.002155753
4/30/2003,-0.013175585
5/2/2003,0.00653951
5/5/2003,0.040335679
5/6/2003,0
5/7/2003,-0.013531095
5/8/2003,-0.015035611
5/9/2003,0.006427424
5/12/2003,0.003991485
5/13/2003,0.014842301
5/14/2003,-0.011230086
5/15/2003,0.001320655
5/16/2003,-0.003429174
5/19/2003,0.024880889
5/20/2003,0.016528926
5/21/2003,-0.013973577
5/22/2003,0
5/23/2003,-0.007214635
5/26/2003,0.01972489
5/27/2003,0.003563248
5/28/2003,0.015470454
5/29/2003,-0.018731269
5/30/2003,0.002290659
6/2/2003,-0.021584561
6/3/2003,0.002335842
6/4/2003,0.001812532
6/5/2003,-0.003101577
6/6/2003,0.012444905
6/9/2003,-0.008450704
6/10/2003,-0.008522727
6/11/2003,-0.001302423
6/12/2003,-0.012519562
6/13/2003,-0.008716323
6/16/2003,0.003730349
6/17/2003,0.005309265
6/18/2003,0.013467124
6/20/2003,-0.0054716
6/23/2003,-0.004453759
6/24/2003,-0.002631579
6/25/2003,-0.006068602
6/26/2003,0.015131404
6/27/2003,-0.015167364
6/30/2003,-0.014604355
7/1/2003,0.008892482
7/2/2003,0.006410256
7/3/2003,0.017515924
7/4/2003,0.010954617
7/7/2003,0.025283798
7/8/2003,-0.004277806
7/10/2003,0.022744503
7/11/2003,-0.01531999
7/14/2003,0.001254705
7/15/2003,0.004010025
7/16/2003,-0.006240639
7/17/2003,0.011806079
7/18/2003,0
7/21/2003,0
7/22/2003,-0.004716981
7/23/2003,0.007233724
7/24/2003,0.024517088
7/25/2003,0.021996616
7/28/2003,0.006622517
7/29/2003,0.007753759
7/30/2003,0.014222429
7/31/2003,0.026206897
8/1/2003,0.006048387
8/4/2003,-0.00912937
8/5/2003,-0.008539326
8/6/2003,-0.01087942
8/7/2003,-0.018331806
8/8/2003,0.017507003
8/11/2003,0.024088094
8/12/2003,0.025985663
8/13/2003,0.000436681
8/14/2003,0.033173287
8/15/2003,0.021123785
8/18/2003,0.009722797
8/19/2003,0.00983405
8/20/2003,0.028200446
8/21/2003,-0.022888713
8/22/2003,-0.030694669
8/25/2003,-0.012708333
8/26/2003,-0.006963494
8/27/2003,0.007012325
8/28/2003,0.028909053
8/29/2003,0.005947498
9/1/2003,0.023649337
9/2/2003,-0.013543119
9/3/2003,0
9/4/2003,0.006864527
9/5/2003,0.017645879
9/8/2003,0.011034483
9/9/2003,-0.015786396
9/10/2003,-0.01049505
9/11/2003,0.005803482
9/12/2003,0.014325507
9/15/2003,-0.027657905
9/16/2003,0.004236433
9/17/2003,0.005825633
9/18/2003,0.025963651
9/19/2003,0.020634612
9/22/2003,-0.004577532
9/23/2003,-0.021268442
9/24/2003,-0.003719655
9/25/2003,-0.012379642
9/26/2003,-0.009749304
9/29/2003,0.036970062
9/30/2003,-0.02150746
10/1/2003,0.041188119
10/2/2003,0.038607836
10/3/2003,0.026551914
10/6/2003,0.015519087
10/7/2003,-0.009134024
10/8/2003,-0.023400106
10/9/2003,-0.006171719
10/10/2003,-0.012785388
10/13/2003,0.032747456
10/14/2003,0.012898603
10/15/2003,-0.004244782
10/16/2003,0.011190053
10/17/2003,0.005093975
10/20/2003,0.002621461
10/21/2003,-0.010632735
10/22/2003,-0.020436927
10/23/2003,-0.012230216
10/24/2003,-0.008193736
10/27/2003,0.006425555
10/28/2003,-0.005837286
10/29/2003,-0.003119266
10/30/2003,0.041965765
10/31/2003,-0.007419184
11/3/2003,-0.006940737
11/4/2003,0.015770609
11/5/2003,-0.026287932
11/6/2003,-0.006704113
11/7/2003,-0.00529004
11/10/2003,-0.017054832
11/11/2003,0
11/12/2003,0.014365672
11/13/2003,0.009196248
11/14/2003,0.005831966
11/17/2003,-0.019025186
11/18/2003,0.010712966
11/19/2003,-0.010599415
11/20/2003,-0.002401182
11/21/2003,-0.006295131
11/24/2003,0.003167505
11/25/2003,0.030460624
11/26/2003,0.005948089
11/27/2003,-0.018634653
11/28/2003,0.02245755
12/1/2003,0.035714286
12/2/2003,0.000862069
12/3/2003,0.015848407
12/4/2003,0.025097507
12/5/2003,0.036393714
12/8/2003,0.031125299
12/9/2003,0.045510836
12/10/2003,-0.016582766
12/11/2003,-0.023486902
12/12/2003,0.043632439
12/15/2003,-0.007829812
12/16/2003,0.005807028
12/17/2003,0.005477424
12/18/2003,0.001766784
12/19/2003,0.007201646
12/22/2003,0.057055304
12/23/2003,-0.003313087
12/26/2003,0.0033241
12/29/2003,0
12/30/2003,-0.005383766
1/2/2004,0.029285219
1/5/2004,0.044768069
1/6/2004,0.010067114
1/7/2004,-0.04293381
1/8/2004,0.016154873
1/9/2004,-0.019182762
1/12/2004,-0.003348962
1/13/2004,0.006586022
1/14/2004,-0.019628789
1/15/2004,-0.033369654
1/16/2004,0.003381711
1/19/2004,0.001544727
1/20/2004,0.029444756
1/21/2004,-0.029692182
1/22/2004,-0.010668164
1/23/2004,-0.013195233
1/26/2004,0.003594536
1/27/2004,0.0252149
1/28/2004,0.005589715
1/29/2004,-0.044330183
1/30/2004,-0.012796277
2/2/2004,-0.005744587
2/3/2004,0.05437037
2/4/2004,0.010959674
2/5/2004,-0.028908965
2/6/2004,-0.009159868
2/9/2004,-0.003033367
2/10/2004,0.036800927
2/11/2004,0.017747345
2/12/2004,0.018124399
2/13/2004,-0.034254889
2/16/2004,-0.024717218
2/17/2004,0.035509737
2/18/2004,-0.022676991
2/19/2004,-0.017260894
2/20/2004,0.005614742
2/25/2004,0.011166786
2/26/2004,-0.002123743
2/27/2004,0.013904654
3/1/2004,0.035964176
3/2/2004,-0.008239903
3/3/2004,-0.016616726
3/4/2004,-0.011495845
3/5/2004,-0.002101723
3/8/2004,-0.02064027
3/9/2004,-0.024516129
3/10/2004,-0.049235744
3/11/2004,-0.026279178
3/12/2004,0.00650897
3/15/2004,-0.004100946
3/16/2004,0.005543237
3/17/2004,0.030083478
3/18/2004,0.01559633
3/19/2004,-0.00511894
3/22/2004,-0.025423729
3/23/2004,-0.011801242
3/24/2004,-0.013827781
3/25/2004,-0.029796048
3/26/2004,0.04811956
3/29/2004,0.026950799
3/30/2004,0.022276472
3/31/2004,-0.002835821
4/1/2004,0.012572968
4/2/2004,0.026311899
4/5/2004,0.00115224
4/6/2004,0.006905481
4/7/2004,-0.024432062
4/8/2004,-0.01420621
4/12/2004,-0.010993909
4/13/2004,-0.022833108
4/14/2004,-0.018754804
4/15/2004,0.002819991
4/16/2004,0.013904077
4/19/2004,-0.011402157
4/20/2004,-0.007948878
4/22/2004,-0.042890809
4/23/2004,0.02216021
4/26/2004,-0.017665007
4/27/2004,0.012260912
4/28/2004,-0.050226098
4/29/2004,-0.002040469
4/30/2004,-0.033906969
5/3/2004,0.005996473
5/4/2004,0.023842917
5/5/2004,0.019349315
5/6/2004,-0.014110533
5/7/2004,-0.021298347
5/10/2004,-0.021587744
5/11/2004,0.023843416
5/12/2004,-0.004344804
5/13/2004,0.066852854
5/14/2004,-0.031577225
5/17/2004,-0.02787633
5/18/2004,0.074383038
5/19/2004,0.017631834
5/20/2004,0.003973931
5/21/2004,0.007916403
5/24/2004,0.017122212
5/25/2004,0.009266409
5/26/2004,0.013771997
5/27/2004,0.028226415
5/28/2004,-0.02524956
5/31/2004,0.011295181
6/1/2004,-0.00461653
6/2/2004,-0.021543986
6/3/2004,-0.020489297
6/4/2004,0.020917889
6/7/2004,0.041896024
6/8/2004,-0.007337834
6/9/2004,-0.047457126
6/11/2004,0.011950955
6/14/2004,-0.038957055
6/15/2004,-0.039578679
6/16/2004,-0.031405783
6/17/2004,0.028135186
6/18/2004,0.001668613
6/21/2004,-0.020822922
6/22/2004,0.005954406
6/23/2004,0.034500254
6/24/2004,0.019453981
6/25/2004,0.008819756
6/28/2004,-0.061198538
6/29/2004,0.015069421
6/30/2004,0
7/1/2004,-0.002001668
7/2/2004,-0.011699816
7/5/2004,0.013529511
7/6/2004,-0.019856499
7/7/2004,0.035240041
7/8/2004,-0.015293537
7/12/2004,0.009185037
7/13/2004,0.008108555
7/14/2004,0.013460276
7/15/2004,0.040006479
7/16/2004,0.027877278
7/19/2004,-0.013636364
7/20/2004,0.010906298
7/21/2004,-0.010788634
7/22/2004,-0.022119816
7/23/2004,-0.007854226
7/26/2004,-0.001424953
7/27/2004,0.018075155
7/28/2004,0.028655973
7/29/2004,0.003028009
7/30/2004,0.004377358
8/2/2004,0.008866847
8/3/2004,0.000893788
8/4/2004,-0.01160887
8/5/2004,-0.012949857
8/6/2004,0.006864989
8/9/2004,-0.005151515
8/10/2004,0.02238806
8/11/2004,-0.002085506
8/12/2004,0.021495746
8/13/2004,-0.007891276
8/16/2004,0.012372956
8/17/2004,0.034773752
8/18/2004,0.018138358
8/19/2004,0.009667173
8/20/2004,-0.011489536
8/23/2004,-0.03652968
8/24/2004,-0.007898894
8/25/2004,0.013317892
8/26/2004,-0.004571429
8/27/2004,0.015786452
8/30/2004,0.003390788
8/31/2004,0.007181076
9/1/2004,-0.009226898
9/2/2004,0.011006067
9/3/2004,-0.006559665
9/6/2004,0.023883113
9/8/2004,-0.001920966
9/9/2004,-0.003161947
9/10/2004,-0.003861536
9/13/2004,-0.001938253
9/14/2004,0.02247191
9/15/2004,0.012074345
9/16/2004,0.002949062
9/17/2004,0.020983694
9/20/2004,-0.001963608
9/21/2004,0.003934942
9/22/2004,-0.00195976
9/23/2004,-0.000523629
9/24/2004,0.010347086
9/27/2004,-0.023204563
9/28/2004,0.065428003
9/29/2004,0.033383159
9/30/2004,-0.014464802
10/1/2004,0.028253425
10/4/2004,0.01498751
10/5/2004,0.017578812
10/6/2004,-0.023954854
10/7/2004,-0.007433628
10/8/2004,-0.024488825
10/11/2004,-0.003777724
10/13/2004,-0.04733945
10/14/2004,-0.001669235
10/15/2004,0.058006431
10/18/2004,-0.011062485
10/19/2004,-0.033927474
10/20/2004,-0.011451839
10/21/2004,0.041189342
10/22/2004,-0.009889974
10/25/2004,-0.00536896
10/26/2004,0.026989706
10/27/2004,0
10/28/2004,-0.035325755
10/29/2004,0.007475925
11/1/2004,0
11/3/2004,0.007671991
11/4/2004,0.000998502
11/5/2004,0.024064838
11/8/2004,-0.011201753
11/9/2004,0.032138899
11/10/2004,0.009902171
11/11/2004,-0.011931483
11/12/2004,0.032042085
11/16/2004,-0.034638554
11/17/2004,0.040201608
11/18/2004,-0.015805261
11/19/2004,0.010901418
11/22/2004,-0.014146568
11/23/2004,-0.012585274
11/24/2004,0.007742704
11/25/2004,0.011111111
11/26/2004,0.001052139
11/29/2004,0.000116782
11/30/2004,-0.000116768
12/1/2004,0.001751723
12/2/2004,-0.020284449
12/3/2004,-0.002974774
12/6/2004,-0.000119346
12/7/2004,-0.012652184
12/8/2004,0.011726306
12/9/2004,0.0178038
12/10/2004,0.024066682
12/13/2004,0.018456953
12/14/2004,0.012044124
12/15/2004,-0.005672339
12/16/2004,0.025391499
12/17/2004,-0.005017999
12/20/2004,0.005372218
12/21/2004,0.033805889
12/22/2004,-0.003164557
12/23/2004,0.014708995
12/27/2004,-0.003337157
12/28/2004,0.020717798
12/29/2004,0.0053306
12/30/2004,0.000203936
1/3/2005,-0.024161484
1/4/2005,-0.031968241
1/5/2005,-0.015001079
1/6/2005,0.00021913
1/7/2005,0.040201555
1/10/2005,-0.009898905
1/11/2005,0.003616252
1/12/2005,0.003073336
1/13/2005,0.045219229
1/14/2005,0.035580714
1/17/2005,-0.007515861
1/18/2005,-0.004523997
1/19/2005,-0.007508398
1/20/2005,-0.005972526
1/21/2005,0.025936311
1/24/2005,0.03250366
1/26/2005,-0.011155228
1/27/2005,-0.016347992
1/28/2005,-0.014675867
1/31/2005,-0.009074768
2/1/2005,0.014433605
2/2/2005,-0.008242567
2/3/2005,-0.012070842
2/4/2005,0
2/9/2005,0.002303455
2/10/2005,-0.012989608
2/11/2005,0.003037052
2/14/2005,0.00625757
2/15/2005,0.009729188
2/16/2005,-0.010430118
2/17/2005,0.026099177
2/18/2005,0.017217766
2/21/2005,0.025678015
2/22/2005,0.043788092
2/23/2005,0.030183255
2/24/2005,0.050662714
2/25/2005,-0.027305171
2/28/2005,-0.026706485
3/1/2005,-0.028140615
3/2/2005,0.02615912
3/3/2005,0.03366737
3/4/2005,0.028573858
3/7/2005,0.004960728
3/8/2005,-0.021390374
3/9/2005,-0.003783102
3/10/2005,-0.015443038
3/11/2005,-0.007885489
3/14/2005,-0.015809935
3/15/2005,-0.010797051
3/16/2005,-0.009495075
3/17/2005,0.040404945
3/18/2005,-0.013777663
3/21/2005,-0.018685061
3/22/2005,-0.008185782
3/23/2005,-0.043240334
3/24/2005,0.040881388
3/28/2005,-0.022070084
3/29/2005,-0.041912307
3/30/2005,0.032016152
3/31/2005,0.022824669
4/1/2005,0
4/4/2005,-0.026505146
4/5/2005,-0.023577844
4/6/2005,-0.015427367
4/7/2005,0.019562044
4/8/2005,0.002768232
4/11/2005,-0.004378867
4/12/2005,-0.015680275
4/13/2005,-0.036036911
4/14/2005,-0.054615075
4/15/2005,0.001705393
4/18/2005,0.02234518
4/19/2005,0.024354704
4/20/2005,-0.014224751
4/22/2005,-0.011234797
4/25/2005,0.026373397
4/26/2005,-0.01391428
4/27/2005,-0.01740653
4/28/2005,-0.054926625
4/29/2005,0.012089618
5/2/2005,0.001534247
5/3/2005,-0.002297844
5/4/2005,0.02281202
5/5/2005,-0.023161055
5/6/2005,0.015367728
5/9/2005,0.010054054
5/10/2005,-0.021834529
5/11/2005,-0.013458803
5/12/2005,-0.041370896
5/13/2005,-0.018049288
5/16/2005,0.048780488
5/17/2005,0.006853163
5/18/2005,0.047757197
5/19/2005,0.003301384
5/20/2005,-0.022927502
5/23/2005,-0.001520913
5/24/2005,0.030138179
5/25/2005,-0.01478665
5/27/2005,0.009862779
5/30/2005,0.008386412
5/31/2005,-0.024528898
6/1/2005,0.036045759
6/2/2005,0.017604167
6/3/2005,0.006346607
6/6/2005,-0.022174753
6/7/2005,-0.028086966
6/8/2005,-0.008241464
6/9/2005,-0.020181308
6/10/2005,0.013327459
6/13/2005,-0.003043478
6/14/2005,0.016136066
6/15/2005,0.002467811
6/16/2005,0.0187306
6/17/2005,0.017650767
6/20/2005,-0.01786083
6/21/2005,-0.020918743
6/22/2005,0.001503114
6/23/2005,-0.035913379
6/24/2005,-0.013010119
6/27/2005,0.028954484
6/28/2005,0.02299354
6/29/2005,-0.013807128
6/30/2005,0.002930323
7/1/2005,0.019478411
7/4/2005,0.002653646
7/5/2005,-0.011221681
7/6/2005,0.014561028
7/7/2005,0.010658506
7/8/2005,0.038216561
7/11/2005,-0.000804586
7/12/2005,0.003120282
7/13/2005,0.015352197
7/14/2005,-0.0074118
7/15/2005,-0.028673835
7/18/2005,0.002357524
7/19/2005,0.021985888
7/20/2005,0.018711227
7/21/2005,0.020037324
7/22/2005,0.009147809
7/25/2005,-0.008778626
7/26/2005,0.00587216
7/27/2005,0.005933582
7/28/2005,0.007611074
7/29/2005,-0.015579265
8/1/2005,0.00968732
8/2/2005,0.019473734
8/3/2005,0.002795378
8/4/2005,-0.01579632
8/5/2005,-0.003965257
8/8/2005,0.028056872
8/9/2005,0.019361977
8/10/2005,0.002713459
8/11/2005,-0.012538337
8/12/2005,0.004293414
8/15/2005,0.015553939
8/16/2005,-0.023018361
8/17/2005,-0.002658599
8/18/2005,-0.016086037
8/19/2005,0.011117339
8/22/2005,0.025316456
8/23/2005,-0.017932775
8/24/2005,-0.02119655
8/25/2005,0.026436674
8/26/2005,-0.002465979
8/29/2005,0.01089544
8/30/2005,-0.002807717
8/31/2005,0.001362398
9/1/2005,0.009614512
9/2/2005,0.020393496
9/5/2005,0.014615249
9/6/2005,0.001301631
9/8/2005,-0.004679782
9/9/2005,0.0195037
9/12/2005,-0.003843198
9/13/2005,-0.010716735
9/14/2005,0.009359563
9/15/2005,0.02017687
9/16/2005,0.047971722
9/19/2005,-0.006424671
9/20/2005,0.000484966
9/21/2005,0.047503635
9/22/2005,0.004164739
9/23/2005,0.019047619
9/26/2005,0.007009346
9/27/2005,-0.003517701
9/28/2005,0.007060237
9/29/2005,0.006936158
9/30/2005,0.001999852
10/3/2005,-0.000591366
10/4/2005,-0.017381657
10/5/2005,-0.057583741
10/6/2005,-0.033546326
10/7/2005,0.009008264
10/10/2005,0.0398067
10/11/2005,0.011973218
10/13/2005,-0.043512104
10/14/2005,0.010009766
10/17/2005,0.002739505
10/18/2005,-0.02667738
10/19/2005,0.003137125
10/20/2005,-0.032672208
10/21/2005,0.041177471
10/24/2005,0.037015852
10/25/2005,-0.018753447
10/26/2005,0.016702803
10/27/2005,-0.008925045
10/28/2005,0.007570928
10/31/2005,0.041366764
11/1/2005,0.024836701
11/3/2005,0.014748388
11/4/2005,-0.017966696
11/7/2005,0.008701473
11/8/2005,-0.00560348
11/9/2005,-0.009416475
11/10/2005,-0.020359281
11/11/2005,-0.002674205
11/14/2005,-0.001532215
11/16/2005,0.011509246
11/17/2005,0.02404612
11/18/2005,-0.000518519
11/21/2005,-0.004669088
11/22/2005,0.017125838
11/23/2005,0.015666179
11/24/2005,-0.014271299
11/25/2005,0.001974261
11/28/2005,-0.019265854
11/29/2005,0.001190565
11/30/2005,-0.008844296
12/1/2005,0.027294541
12/2/2005,-0.000583942
12/5/2005,-0.012781186
12/6/2005,-0.017607457
12/7/2005,-0.035318925
12/8/2005,-0.000624512
12/9/2005,0.027339478
12/12/2005,0
12/13/2005,0.015663017
12/14/2005,0
12/15/2005,-0.017667315
12/16/2005,0.009525987
12/19/2005,-0.00309504
12/20/2005,0.003710435
12/21/2005,0.007393436
12/22/2005,-0.000823785
12/23/2005,-0.008694349
12/26/2005,-0.000831695
12/27/2005,-0.004161937
12/28/2005,0.007826748
12/29/2005,0.003015909
1/2/2006,0.003533038
1/3/2006,0.042247191
1/4/2006,0.011427339
1/5/2006,0.006892631
1/6/2006,-0.001552576
1/9/2006,-0.00204976
1/10/2006,0.006870175
1/11/2006,0.025886325
1/12/2006,0.004182666
1/13/2006,0.003345852
1/16/2006,0.016129032
1/17/2006,-0.004822182
1/18/2006,-0.014402046
1/19/2006,0.029566405
1/20/2006,-0.010810452
1/23/2006,-0.011397922
1/24/2006,0.025296711
1/26/2006,0.010847996
1/27/2006,0.004057061
1/30/2006,-0.001564129
1/31/2006,0.013968668
2/1/2006,-0.005085619
2/2/2006,-0.033840181
2/3/2006,-0.017077418
2/6/2006,0.003542958
2/7/2006,-0.024034218
2/8/2006,-0.015513043
2/9/2006,0.006783493
2/10/2006,-0.028425042
2/13/2006,-0.024705627
2/14/2006,0.010369602
2/15/2006,0.022359065
2/16/2006,-0.013122042
2/17/2006,0.002906343
2/20/2006,-0.012533507
2/21/2006,0.018635363
2/22/2006,0.005401901
2/23/2006,0.018411061
2/24/2006,0.010059088
3/1/2006,-0.008844627
3/2/2006,-0.006745363
3/3/2006,-0.001202603
3/6/2006,-0.018131596
3/7/2006,-0.049267835
3/8/2006,-0.005766313
3/9/2006,-0.031517094
3/10/2006,0.019383815
3/13/2006,0.016619
3/14/2006,0.0138382
3/15/2006,0.021973901
3/16/2006,-0.011888163
3/17/2006,0.001485332
3/20/2006,0.017204301
3/21/2006,-0.013414012
3/22/2006,0.009384468
3/23/2006,0
3/24/2006,0.024450952
3/27/2006,0.007360297
3/28/2006,0.003475917
3/29/2006,0.026862717
3/30/2006,0.026297673
3/31/2006,-0.003689294
4/3/2006,0.006328688
4/4/2006,-0.008028367
4/5/2006,0.007958454
4/6/2006,-0.002141184
4/7/2006,-0.009454838
4/10/2006,0
4/11/2006,-0.017126997
4/12/2006,0.001033129
4/13/2006,0.009288565
4/17/2006,0.009407594
4/18/2006,0.030863781
4/19/2006,-0.009499476
4/20/2006,-0.00476222
4/24/2006,0.029175251
4/25/2006,-0.001420638
4/26/2006,-0.016037248
4/27/2006,-0.027471083
4/28/2006,0.005406136
5/2/2006,0.039924721
5/3/2006,-0.009888831
5/4/2006,0.003851426
5/5/2006,0.010404474
5/8/2006,0.004118934
5/9/2006,0.014421228
5/10/2006,-0.003538257
5/11/2006,-0.003614229
5/12/2006,-0.015336642
5/15/2006,-0.038454081
5/16/2006,-0.023121387
5/17/2006,-0.02614559
5/18/2006,-0.02614102
5/19/2006,0.009358677
5/22/2006,-0.01293754
5/23/2006,-0.016165441
5/24/2006,0.023832433
5/25/2006,0.051109665
5/26/2006,0.026341128
5/29/2006,-0.012732024
5/30/2006,-0.032715672
5/31/2006,-0.005894323
6/1/2006,0.017011364
6/2/2006,-0.017629095
6/5/2006,-0.019287834
6/6/2006,-0.023197176
6/7/2006,-0.046242348
6/8/2006,-0.007500773
6/9/2006,0
6/12/2006,-0.037319829
6/13/2006,-0.034072515
6/14/2006,0.020444072
6/16/2006,0.045980787
6/19/2006,-0.02347123
6/20/2006,-0.006993569
6/21/2006,0.054642597
6/22/2006,0.017040221
6/23/2006,0.012150943
6/26/2006,0.013421818
6/27/2006,-0.026046649
6/28/2006,0.022890383
6/29/2006,0.038035451
6/30/2006,0.008893632
7/3/2006,0.023836389
7/4/2006,0.00151536
7/5/2006,-0.022971114
7/6/2006,-0.005912995
7/7/2006,-0.004107067
7/10/2006,0.005261661
7/11/2006,0.004314613
7/12/2006,-0.010423269
7/13/2006,-0.020140915
7/14/2006,-0.000944218
7/17/2006,-0.034096692
7/18/2006,0.00188168
7/19/2006,0.056569754
7/20/2006,-0.040244596
7/21/2006,-0.018076752
7/24/2006,0.021804738
7/25/2006,0.024219154
7/26/2006,-0.0141302
7/27/2006,0.005630713
7/28/2006,0.029522978
7/31/2006,-0.016174601
8/1/2006,0.002297365
8/2/2006,0.017763771
8/3/2006,0.01224576
8/4/2006,0.020788431
8/7/2006,-0.016210326
8/8/2006,-0.010246469
8/9/2006,-0.020705092
8/10/2006,-0.013071429
8/11/2006,-0.022146631
8/14/2006,-0.016653097
8/15/2006,-0.010687942
8/16/2006,0.01567255
8/17/2006,0
8/18/2006,-0.001198502
8/21/2006,-0.005774711
8/22/2006,-0.017726484
8/23/2006,-0.039010905
8/24/2006,0.013105322
8/25/2006,0.002524057
8/28/2006,0.02761605
8/29/2006,-0.000765638
8/30/2006,-0.001992185
8/31/2006,-0.016506718
9/1/2006,0.03715847
9/4/2006,0.01181695
9/5/2006,0.009596072
9/6/2006,-0.019893899
9/8/2006,-0.011351676
9/11/2006,-0.042354194
9/12/2006,0.001270446
9/13/2006,0.017842982
9/14/2006,-0.01472536
9/15/2006,-0.005614424
9/18/2006,0.012803181
9/19/2006,-0.022534548
9/20/2006,-0.027391758
9/21/2006,0.019986786
9/22/2006,-0.012793522
9/25/2006,-0.012139108
9/26/2006,0.026735304
9/27/2006,0.02992075
9/28/2006,0.012327261
9/29/2006,0.005972233
10/2/2006,0.014186584
10/3/2006,-0.036414779
10/4/2006,0.038027613
10/5/2006,0.017633199
10/6/2006,0.001419075
10/9/2006,0.013946897
10/10/2006,0.011107025
10/11/2006,0.008147825
10/13/2006,0.018617405
10/16/2006,0.015443468
10/17/2006,-0.015487652
10/18/2006,0.001842404
10/19/2006,0.012519451
10/20/2006,0.003981837
10/23/2006,0.009045366
10/24/2006,0.033512619
10/25/2006,0.01541233
10/26/2006,-0.006833563
10/27/2006,-0.008203771
10/30/2006,-0.009138817
10/31/2006,0.012319914
11/1/2006,0.027266077
11/3/2006,0.011588011
11/6/2006,0.021694612
11/7/2006,-0.007954901
11/8/2006,0.000252557
11/9/2006,0.018305769
11/10/2006,-0.009298289
11/13/2006,-0.024465023
11/14/2006,0.005387724
11/16/2006,0.004210526
11/17/2006,-0.00273172
11/21/2006,0.023060262
11/22/2006,0.004669988
11/23/2006,0.000805702
11/24/2006,-0.001238543
11/27/2006,-0.009672619
11/28/2006,-0.000187829
11/29/2006,0.030371344
11/30/2006,0.001823265
12/1/2006,-0.016440184
12/4/2006,0.050268303
12/5/2006,0.035412262
12/6/2006,-0.009471953
12/7/2006,-0.015632158
12/8/2006,-0.012739224
12/11/2006,0.020563281
12/12/2006,-0.008660008
12/13/2006,0.00512492
12/14/2006,0.013963729
12/15/2006,0.002228571
12/18/2006,-0.009806716
12/19/2006,0.004088213
12/20/2006,-0.007282945
12/21/2006,0.001501935
12/22/2006,0.011305301
12/26/2006,-0.002395483
12/27/2006,0.017837745
12/28/2006,-0.009661293
1/2/2007,0.022176848
1/3/2007,-0.041615803
1/4/2007,-0.000173692
1/5/2007,-0.039434825
1/8/2007,0.021581866
1/9/2007,-0.01634604
1/10/2007,0.027416162
1/11/2007,0.010451944
1/12/2007,0.027506501
1/15/2007,-0.004442945
1/16/2007,-0.001073325
1/17/2007,0.000169654
1/18/2007,-0.006785028
1/19/2007,0.02778094
1/22/2007,0.01988479
1/23/2007,0.040677782
1/24/2007,0.028911387
1/26/2007,-0.014861027
1/29/2007,-0.015085208
1/30/2007,0.000836383
1/31/2007,0.021257704
2/1/2007,0.006699739
2/2/2007,-0.006655151
2/5/2007,0.001534291
2/6/2007,0.023438697
2/7/2007,-0.014619299
2/8/2007,0.003291306
2/9/2007,-0.014484708
2/12/2007,-0.00583807
2/13/2007,0.036264359
2/14/2007,0.031615052
2/15/2007,0.005782297
2/16/2007,0
2/21/2007,0.020792411
2/22/2007,0.010090581
2/23/2007,-0.015751324
2/26/2007,0.006939527
2/27/2007,-0.079324895
2/28/2007,0.036510846
3/1/2007,-0.021763694
3/2/2007,-0.031086782
3/5/2007,-0.040377339
3/6/2007,0.077292859
3/7/2007,-0.005264477
3/8/2007,0.008568548
3/9/2007,0.017891054
3/12/2007,0.008346426
3/13/2007,-0.032719836
3/14/2007,0.018876472
3/15/2007,0.017242231
3/16/2007,-0.012336085
3/19/2007,0.02675059
3/20/2007,0.000478927
3/21/2007,0.008233605
3/22/2007,-0.010492831
3/23/2007,-0.0008157
3/26/2007,0.01267768
3/27/2007,-0.011096358
3/28/2007,-0.023161024
3/29/2007,0.015855874
3/30/2007,0.014158693
4/2/2007,-0.001524753
4/3/2007,0.034836555
4/4/2007,0.011390362
4/5/2007,0.003738829
4/9/2007,0.001635323
4/10/2007,0.006485261
4/11/2007,0.007344658
4/12/2007,0.01180891
4/13/2007,0.005349248
4/16/2007,0.031660877
4/17/2007,0.005711606
4/18/2007,-0.010086883
4/19/2007,-0.006893009
4/20/2007,0.018451457
4/23/2007,0.00516424
4/24/2007,-0.001137034
4/25/2007,0.001264809
4/26/2007,-0.025348436
4/27/2007,0.00241932
4/30/2007,-0.003146145
5/2/2007,0.008387376
5/3/2007,0.029926256
5/4/2007,0.021771709
5/7/2007,-0.014626197
5/8/2007,-0.011122137
5/9/2007,0.042772923
5/10/2007,-0.025060144
5/11/2007,0.012050175
5/14/2007,-0.018611834
5/15/2007,-0.006542443
5/16/2007,0.018797933
5/17/2007,-0.014687232
5/18/2007,0.006726457
5/21/2007,-0.003959416
5/22/2007,-0.011552795
5/23/2007,-0.014494575
5/24/2007,-0.029500531
5/25/2007,0.026061057
5/28/2007,0.006360454
5/29/2007,-0.0104772
5/30/2007,0.024091221
5/31/2007,0.0113018
6/1/2007,0.024130795
6/4/2007,0.004122378
6/5/2007,-0.002012477
6/6/2007,-0.024561404
6/8/2007,-0.010998098
6/11/2007,0.006187291
6/12/2007,-0.029375104
6/13/2007,0.023800351
6/14/2007,0.016891751
6/15/2007,0.015048723
6/18/2007,0.014380038
6/19/2007,-0.030349014
6/20/2007,-0.00922494
6/21/2007,0.012719262
6/22/2007,-0.006074536
6/25/2007,-0.006400727
6/26/2007,-0.015419143
6/27/2007,0.011101731
6/28/2007,-0.023212124
6/29/2007,0.019404197
7/2/2007,0.027587942
7/3/2007,0.004039332
7/4/2007,0.016173602
7/5/2007,0.009877629
7/6/2007,0.013542945
7/10/2007,-0.007735886
7/11/2007,0.025908572
7/12/2007,0.049395509
7/13/2007,-0.01203277
7/16/2007,-0.016436531
7/17/2007,0.003688509
7/18/2007,0.004312446
7/19/2007,0.008737212
7/20/2007,-0.009846017
7/23/2007,0.027028037
7/24/2007,-0.031121465
7/25/2007,-0.01333684
7/26/2007,-0.037238701
7/27/2007,-0.014158592
7/30/2007,0.038793276
7/31/2007,0.006372133
8/1/2007,-0.001266357
8/2/2007,0.007454084
8/3/2007,-0.046300534
8/6/2007,0
8/7/2007,0.026313685
8/8/2007,0.027548317
8/9/2007,-0.039171818
8/10/2007,-0.032441392
8/13/2007,0.002528961
8/14/2007,-0.049515827
8/15/2007,-0.051966953
8/16/2007,-0.007766289
8/17/2007,0.018156997
8/20/2007,0.010279789
8/21/2007,0.026190055
8/22/2007,0.054750819
8/23/2007,0.020722635
8/24/2007,0.029632003
8/27/2007,0.015984133
8/28/2007,-0.042795896
8/29/2007,0.041430057
8/30/2007,0.001766377
8/31/2007,0.024110702
9/3/2007,0.014784594
9/4/2007,0.020359988
9/5/2007,-0.014025448
9/6/2007,0.034975803
9/10/2007,-0.032624867
9/11/2007,0.029623934
9/12/2007,0.001635963
9/13/2007,0.031778157
9/14/2007,-0.012663891
9/17/2007,0.006866265
9/18/2007,0.066082803
9/19/2007,0.001915771
9/20/2007,0.002138968
9/21/2007,0.005530043
9/24/2007,0.052680668
9/25/2007,0.003635697
9/26/2007,0.017625571
9/27/2007,0.04328577
9/28/2007,-0.015082005
10/1/2007,0.065123726
10/2/2007,-0.015278651
10/3/2007,-0.077634062
10/4/2007,-0.027323884
10/5/2007,0.041951552
10/8/2007,0.002137831
10/9/2007,0.021451216
10/10/2007,-0.010877447
10/11/2007,-0.004252199
10/15/2007,0.03681343
10/16/2007,-0.03027979
10/17/2007,0.026040599
10/18/2007,0.000371132
10/19/2007,-0.046459861
10/22/2007,-0.011731961
10/23/2007,0.018897066
10/24/2007,-0.026214891
10/25/2007,0.014955895
10/26/2007,0.048657264
10/29/2007,0.045625305
10/30/2007,-0.019993418
10/31/2007,0.013908712
11/1/2007,-0.017940933
11/5/2007,-0.036706015
11/6/2007,0.042568711
11/7/2007,-0.02040131
11/8/2007,-0.000199977
11/9/2007,0.009657971
11/12/2007,-0.048959955
11/13/2007,0.01615831
11/14/2007,0.031070634
11/16/2007,-0.020903746
11/19/2007,-0.035564065
11/21/2007,-0.030920083
11/22/2007,0.00822496
11/23/2007,0.008188647
11/26/2007,-0.028366412
11/27/2007,-0.002074102
11/28/2007,0.064714218
11/29/2007,0.020792665
11/30/2007,0.001738475
12/3/2007,-0.000954502
12/4/2007,0.003821656
12/5/2007,0.021025611
12/6/2007,0.018558798
12/7/2007,-0.010677242
12/10/2007,-0.000168194
12/11/2007,-0.026046486
12/12/2007,-0.007628534
12/13/2007,-0.042293969
12/14/2007,-0.005028018
12/17/2007,-0.034308503
12/18/2007,0.019639367
12/19/2007,0.016602257
12/20/2007,0.015327535
12/21/2007,0.008746181
12/26/2007,0.022626047
12/27/2007,-0.020209059
12/28/2007,-0.002933855
1/2/2008,-0.028592659
1/3/2008,0.014196983
1/4/2008,-0.03578001
1/7/2008,-0.014517693
1/8/2008,0.018731943
1/9/2008,0.002056908
1/10/2008,0.030914689
1/11/2008,-0.031586569
1/14/2008,0.009501558
1/15/2008,-0.032340688
1/16/2008,-0.041202921
1/17/2008,0.007716614
1/18/2008,0.02558009
1/21/2008,-0.113510556
1/22/2008,0.040914867
1/23/2008,-0.061035156
1/24/2008,0.076108759
1/28/2008,0.006868938
1/29/2008,0.005656496
1/30/2008,0.021714675
1/31/2008,-0.009742426
2/1/2008,0.049797844
2/6/2008,-0.038288722
2/7/2008,-0.013482396
2/8/2008,0.018165827
2/11/2008,0.03634793
2/12/2008,0.011477302
2/13/2008,0.00481775
2/14/2008,-0.008359094
2/15/2008,-0.019403887
2/18/2008,0.050767185
2/19/2008,-0.004939491
2/20/2008,0.033538099
2/21/2008,-0.002971813
2/22/2008,0.020955019
2/25/2008,0.0017399
2/26/2008,-0.001736878
2/27/2008,0.003892657
2/28/2008,0.022413489
2/29/2008,-0.050280132
3/3/2008,-0.004416881
3/4/2008,-0.018748671
3/5/2008,0.018084975
3/6/2008,-0.02138338
3/7/2008,-0.011966556
3/10/2008,-0.03941739
3/11/2008,0.052759129
3/12/2008,-0.003919617
3/13/2008,0.00518426
3/14/2008,0.001242776
3/17/2008,-0.043412152
3/18/2008,0.02582152
3/19/2008,-0.072131044
3/20/2008,-0.001363234
3/24/2008,0.04750529
3/25/2008,0.027660129
3/26/2008,0.045620264
3/27/2008,0.005002729
3/28/2008,0.004012429
3/31/2008,0.011748798
4/1/2008,0.021858573
4/2/2008,-0.011567414
4/3/2008,0.007792055
4/4/2008,0.000962829
4/7/2008,0.004838663
4/8/2008,0
4/9/2008,-0.015200302
4/10/2008,-0.005066423
4/11/2008,-0.009000207
4/14/2008,-0.018970514
4/15/2008,0.026280529
4/16/2008,0.025577876
4/17/2008,0.002141018
4/18/2008,-0.001934348
4/22/2008,0.024182817
4/23/2008,-0.004716715
4/24/2008,-0.028292517
4/25/2008,0.005665557
4/28/2008,0.015536067
4/29/2008,-0.024648995
4/30/2008,0.050573163
5/2/2008,-0.001674387
5/5/2008,0.013082127
5/6/2008,0.018431654
5/7/2008,-0.022460038
5/8/2008,0.01391314
5/9/2008,-0.00530301
5/12/2008,0.014317514
5/13/2008,0.005987537
5/14/2008,-0.005036223
5/15/2008,0.028773278
5/16/2008,0.031310022
5/19/2008,0.001377656
5/20/2008,-0.001885302
5/21/2008,-0.028843454
5/23/2008,-0.013194207
5/26/2008,-0.006232521
5/27/2008,-0.019886897
5/28/2008,0.02029041
5/29/2008,-0.042990003
5/30/2008,0.017979668
6/2/2008,0.000165066
6/3/2008,-0.035318388
6/4/2008,-0.030481024
6/5/2008,0.041468149
6/6/2008,-0.025669265
6/9/2008,-0.017447758
6/10/2008,-0.041031238
6/11/2008,-0.020978161
6/12/2008,-0.001445268
6/13/2008,-0.013277956
6/16/2008,0.001945153
6/17/2008,0.032112282
6/18/2008,0.008263953
6/19/2008,-0.00409811
6/20/2008,-0.040044221
6/23/2008,0.016058861
6/24/2008,0.014734589
6/25/2008,0.026528079
6/26/2008,-0.049690192
6/27/2008,0.000826946
6/30/2008,0.013601551
7/1/2008,-0.034801693
7/2/2008,-0.057333117
7/3/2008,-0.015885596
7/4/2008,0.011695087
7/7/2008,0.003461046
7/8/2008,0.004173421
7/10/2008,-0.010338669
7/11/2008,-0.003262416
7/14/2008,0.022110798
7/15/2008,-0.009777202
7/16/2008,-0.020022706
7/17/2008,-0.05399333
7/18/2008,-0.003451219
7/21/2008,0.030870634
7/22/2008,-0.036231622
7/23/2008,0.002998501
7/24/2008,-0.0504858
7/25/2008,-0.00051163
7/28/2008,0.004488896
7/29/2008,0.022265778
7/30/2008,0.066914641
7/31/2008,-0.018258276
8/1/2008,-0.058758924
8/4/2008,-0.071528588
8/5/2008,0.009551338
8/6/2008,0.018589983
8/7/2008,0.001059193
8/8/2008,-0.014935091
8/11/2008,-0.043956044
8/12/2008,-0.000259269
8/13/2008,0.027748963
8/14/2008,0.026705358
8/15/2008,-0.022201286
8/18/2008,-0.022412132
8/19/2008,0.015212547
8/20/2008,0.069688911
8/21/2008,0.023755031
8/22/2008,-0.018038853
8/25/2008,-0.025474957
8/26/2008,-0.003222298
8/27/2008,0.040287712
8/28/2008,0.005166252
8/29/2008,-0.018085559
9/1/2008,-0.013144949
9/2/2008,-0.016271186
9/3/2008,-0.006486399
9/4/2008,-0.031133962
9/5/2008,0.016635782
9/8/2008,-0.034632752
9/9/2008,-0.043342059
9/10/2008,0.057282555
9/11/2008,0.041154009
9/12/2008,0.016340668
9/15/2008,-0.098672868
9/16/2008,0.0375
9/17/2008,-0.076834026
9/18/2008,0.074543681
9/19/2008,0.06474758
9/22/2008,-0.0377527
9/23/2008,-0.054421195
9/24/2008,0.018782904
9/25/2008,0.048916138
9/26/2008,-0.037157649
9/29/2008,-0.121455208
9/30/2008,0.079512364
10/1/2008,-0.000320044
10/2/2008,-0.100891836
10/3/2008,-0.014954982
10/6/2008,-0.068060935
10/7/2008,-0.036681997
10/8/2008,-0.007650273
10/9/2008,-0.04845815
10/10/2008,-0.010173002
10/13/2008,0.130038772
10/14/2008,0.008713648
10/15/2008,-0.151603499
10/16/2008,-0.021318569
10/17/2008,0.035828077
10/20/2008,0.126993095
10/21/2008,0.011474405
10/22/2008,-0.086733851
10/23/2008,-0.033224795
10/24/2008,-0.053639369
10/27/2008,-0.082119554
10/28/2008,0.133912544
10/29/2008,0.023999493
10/30/2008,0.072351741
10/31/2008,0.007900352
11/3/2008,0.034672159
11/4/2008,0.054799823
11/5/2008,-0.070353866
11/6/2008,-0.037669881
11/7/2008,-0.020158219
11/10/2008,0.039112493
11/11/2008,0.012258993
11/12/2008,-0.066522629
11/13/2008,0.015958095
11/14/2008,0.010731415
11/17/2008,-0.008185539
11/18/2008,-0.047724418
11/19/2008,-0.027632984
11/21/2008,-0.077827294
11/24/2008,0.129640006
11/25/2008,0.019654039
11/26/2008,0.022193847
11/27/2008,-0.009458093
11/28/2008,0.012851309
12/1/2008,-0.066109332
12/2/2008,-0.017459209
12/3/2008,-0.00135694
12/4/2008,-0.022258169
12/5/2008,-0.020978095
12/8/2008,0.102811951
12/9/2008,0.000429053
12/10/2008,0.066597231
12/11/2008,-0.020908725
12/12/2008,0.0112643
12/15/2008,-0.013169345
12/16/2008,0.048971193
12/17/2008,0.017710026
12/18/2008,-0.04091635
12/19/2008,-0.004306385
12/22/2008,-0.044057436
12/23/2008,-0.036556675
12/26/2008,0.029741406
12/29/2008,-0.004195549
12/30/2008,0.003785797
1/2/2009,0.096721212
1/5/2009,0.068667147
1/6/2009,0.033944049
1/7/2009,-0.050449275
1/8/2009,0.03711144
1/9/2009,-0.00978693
1/12/2009,-0.072634613
1/13/2009,0.021759645
1/14/2009,-0.039224208
1/15/2009,0.027198191
1/16/2009,0.007596609
1/19/2009,-0.007921766
1/20/2009,-0.041301834
1/21/2009,0.026480556
1/22/2009,-0.004588696
1/23/2009,0.017371262
1/26/2009,0.024755484
1/27/2009,0.036344028
1/28/2009,0.051563557
1/29/2009,-0.029638793
1/30/2009,-0.017184233
2/2/2009,-0.009287123
2/3/2009,0.045037968
2/4/2009,0.036231521
2/5/2009,0.043234355
2/6/2009,0.03606527
2/9/2009,-0.029574944
2/10/2009,-0.019964037
2/11/2009,-0.019429808
2/12/2009,-0.016168498
2/13/2009,0.029844923
2/16/2009,0.007529122
2/17/2009,-0.060158857
2/18/2009,0.018902835
2/19/2009,0.00608589
2/20/2009,-0.066783746
2/25/2009,-0.046419237
2/26/2009,0.001863831
2/27/2009,0.010177282
3/2/2009,-0.058877695
3/3/2009,0.021755396
3/4/2009,0.096941362
3/5/2009,-0.038872343
3/6/2009,-0.023187477
3/9/2009,-0.03008259
3/10/2009,0.062087633
3/11/2009,0.00398216
3/12/2009,-0.013802951
3/13/2009,-0.018447018
3/16/2009,0.004152098
3/17/2009,0.01273123
3/18/2009,-0.003330826
3/19/2009,0.012613195
3/20/2009,-0.007345896
3/23/2009,0.047940798
3/24/2009,-0.034131614
3/25/2009,0.009112583
3/26/2009,0.022418229
3/27/2009,-0.018024032
3/30/2009,-0.040683993
3/31/2009,0.003379667
4/1/2009,0.011245722
4/2/2009,0.06097561
4/3/2009,0.015696997
4/6/2009,-0.01749838
4/7/2009,-0.015019282
4/8/2009,0.002472697
4/9/2009,0.05020555
4/13/2009,0.024220776
4/14/2009,-0.002627556
4/15/2009,0.002011783
4/16/2009,0.007505139
4/17/2009,-0.00996394
4/20/2009,-0.022476756
4/22/2009,0.00755013
4/23/2009,0.024524354
4/24/2009,0.015958205
4/27/2009,-0.027815436
4/28/2009,-0.006732064
4/29/2009,0.020333075
4/30/2009,0.012620991
5/4/2009,0.087620654
5/5/2009,-0.007840772
5/6/2009,0.007902736
5/7/2009,-0.032310874
5/8/2009,0.020879708
5/11/2009,0.002180454
5/12/2009,-0.017405683
5/13/2009,-0.03564944
5/14/2009,0.009000735
5/15/2009,-0.006690333
5/18/2009,0.062909507
5/19/2009,0.005431503
5/20/2009,-0.00030012
5/21/2009,-0.029763692
5/22/2009,0.004331875
5/25/2009,0.006161701
5/26/2009,0.013822667
5/27/2009,-0.02239289
5/28/2009,0.016726984
5/29/2009,-0.012197769
6/1/2009,0.039725787
6/2/2009,-0.024852071
6/3/2009,-0.0379681
6/4/2009,0.022706794
6/5/2009,0.00246696
6/8/2009,0.015424503
6/9/2009,0.002423508
6/10/2009,0.011181626
6/12/2009,-0.008965929
6/15/2009,-0.013613648
6/16/2009,-0.015897973
6/17/2009,-0.009320078
6/18/2009,-0.010034943
6/19/2009,-0.003484478
6/22/2009,-0.048317515
6/23/2009,0.008684449
6/24/2009,-0.023511046
6/25/2009,0.041032846
6/26/2009,-0.019219135
6/29/2009,0.006642627
6/30/2009,-0.014847285
7/1/2009,0.00904263
7/2/2009,-0.002323376
7/3/2009,-0.00432489
7/6/2009,-0.018042959
7/7/2009,-0.055463737
7/8/2009,0.015130462
7/10/2009,-0.004258555
7/13/2009,0.007127947
7/14/2009,-0.014154997
7/15/2009,0.083277781
7/16/2009,-0.002319527
7/17/2009,0.002657051
7/20/2009,0.030475109
7/21/2009,0.014786921
7/22/2009,-0.012987601
7/23/2009,0.024070423
7/24/2009,0.008775072
7/27/2009,0.007766732
7/28/2009,-0.000924825
7/29/2009,-0.016970819
7/30/2009,0.005022196
7/31/2009,0.012180431
8/3/2009,0.020100503
8/4/2009,-0.00030248
8/5/2009,0.002118003
8/6/2009,-0.012120428
8/7/2009,0.009824041
8/10/2009,0.001210654
8/11/2009,-0.0221109
8/12/2009,0.008655715
8/13/2009,0.025481611
8/14/2009,0.008965929
8/17/2009,-0.042103927
8/18/2009,-0.004019967
8/19/2009,-0.001552382
8/20/2009,0.009639732
8/21/2009,0.022527279
8/24/2009,0.012349398
8/25/2009,-0.00595061
8/26/2009,0
8/27/2009,-0.001496558
8/28/2009,0.007494005
8/31/2009,-0.020827135
9/1/2009,-0.009766897
9/2/2009,-0.01166053
9/3/2009,0.010866673
9/4/2009,0.015093677
9/8/2009,0.02269289
9/9/2009,-0.001183432
9/10/2009,0.019253555
9/11/2009,-0.00726533
9/14/2009,0.009953162
9/15/2009,0.010144928
9/16/2009,0.014634146
9/17/2009,-0.00989819
9/18/2009,0.01285347
9/21/2009,0.018330513
9/22/2009,0.025477707
9/23/2009,-0.01242236
9/24/2009,-0.011211375
9/25/2009,0.003318584
9/28/2009,0.0146086
9/29/2009,-0.007334963
9/30/2009,0.001915709
10/1/2009,-0.025402895
10/2/2009,0.025504484
10/5/2009,0.015304728
10/6/2009,0.001884253
10/7/2009,0.020994857
10/8/2009,0.016052028
10/9/2009,0.004143851
10/13/2009,-0.003352985
10/14/2009,0.04606455
10/15/2009,0.006927019
10/16/2009,-0.001193359
10/19/2009,0.031134694
10/20/2009,-0.021742835
10/21/2009,0.00668873
10/22/2009,0.022805135
10/23/2009,-0.016781703
10/26/2009,0.012422574
10/27/2009,-0.044797933
10/28/2009,-0.045404405
10/29/2009,0.085846349
10/30/2009,-0.04013045
11/3/2009,0.038267587
11/4/2009,0.015156212
11/5/2009,0.007668556
11/6/2009,-0.006903054
11/9/2009,0.033398888
11/10/2009,-0.008137284
11/11/2009,-0.007509345
11/12/2009,-0.040863942
11/13/2009,0.012301918
11/16/2009,0.037487127
11/17/2009,0.015485408
11/18/2009,-0.023101988
11/19/2009,0.004736333
11/23/2009,0.008697673
11/24/2009,0.005364489
11/25/2009,0.006252455
11/26/2009,-0.020495136
11/27/2009,0.00986416
11/30/2009,-0.012333092
12/1/2009,0.012487097
12/2/2009,-0.009077156
12/3/2009,-0.004945237
12/4/2009,-0.02244755
12/7/2009,0.004810973
12/8/2009,-0.010085232
12/9/2009,0.008987377
12/10/2009,0.018800571
12/11/2009,0.009677312
12/14/2009,0.011501471
12/15/2009,0.000457442
12/16/2009,-0.006499233
12/17/2009,-0.03425378
12/18/2009,0
12/21/2009,-0.013241201
12/22/2009,0.028355583
12/23/2009,0.002381671
12/28/2009,0.005454789
12/29/2009,0.000232984
12/30/2009,-0.004725143
1/4/2010,0.031293882
1/5/2010,0.014005057
1/6/2010,0.019726325
1/7/2010,0.00664681
1/8/2010,0.005512817
1/11/2010,0.004398464
1/12/2010,0.002189601
1/13/2010,0.014401329
1/14/2010,-0.002790839
1/15/2010,-0.005171417
1/18/2010,0.012139559
1/19/2010,0.011752266
1/20/2010,-0.017767028
1/21/2010,-0.035538396
1/22/2010,-0.022568952
1/26/2010,-0.026282692
1/27/2010,-0.0150361
1/28/2010,0.004539341
1/29/2010,-0.00023431
2/1/2010,0.03461899
2/2/2010,0.001391496
2/3/2010,-0.003199224
2/4/2010,-0.052162355
2/5/2010,-0.010910832
2/8/2010,0.011031192
2/9/2010,0.023737046
2/10/2010,-0.000701614
2/11/2010,0.018956871
2/12/2010,-0.00603734
2/17/2010,0.036245997
2/18/2010,0.020547291
2/19/2010,-0.002216257
2/22/2010,-0.015735961
2/23/2010,-0.013508359
2/24/2010,0.010052518
2/25/2010,0.00724106
2/26/2010,-0.002248543
3/1/2010,0.004507221
3/2/2010,0.01880115
3/3/2010,-0.003287637
3/4/2010,0.014531989
3/5/2010,0.029353127
3/8/2010,-0.00294994
3/9/2010,0.009742686
3/10/2010,-0.012785983
3/11/2010,-0.008094738
3/12/2010,-0.005773009
3/15/2010,0.00626254
3/16/2010,0.024169184
3/17/2010,-0.003746313
3/18/2010,-0.006514079
3/19/2010,-0.011414777
3/22/2010,0.01112451
3/23/2010,0.025999583
3/24/2010,-0.001046177
3/25/2010,-0.006807273
3/26/2010,0.00790838
3/29/2010,0.018744006
3/30/2010,0.00182565
3/31/2010,0
4/1/2010,0.008058087
4/5/2010,-0.00319182
4/6/2010,0.003598753
4/7/2010,0.00460231
4/8/2010,0.01495222
4/9/2010,0.001772264
4/12/2010,-0.005694383
4/13/2010,0.003947734
4/14/2010,0.007642889
4/15/2010,0.005523799
4/16/2010,-0.012298778
4/19/2010,-0.006724038
4/20/2010,-0.016324939
4/22/2010,0.005664118
4/23/2010,-0.008645452
4/26/2010,-0.005283641
4/27/2010,-0.049376017
4/28/2010,-0.006008171
4/29/2010,0.033456238
4/30/2010,-0.027577131
5/3/2010,-0.025351859
5/4/2010,-0.048505045
5/5/2010,0.024321432
5/6/2010,-0.023300725
5/7/2010,-0.000453794
5/10/2010,0.046340435
5/11/2010,-0.016611913
5/12/2010,0
5/13/2010,-0.015757958
5/14/2010,-0.029971182
5/17/2010,-0.018419489
5/18/2010,-0.038673662
5/19/2010,-0.025012244
5/20/2010,-0.038462918
5/21/2010,0.074405761
5/24/2010,-0.012155732
5/25/2010,0.01002004
5/26/2010,-0.014654692
5/27/2010,0.062846646
5/28/2010,-0.003556471
5/31/2010,0.022182194
6/1/2010,-0.020526041
6/2/2010,0.021422622
6/4/2010,-0.046610999
6/7/2010,-0.026172637
6/8/2010,0.010785554
6/9/2010,0.00399708
6/10/2010,0.019767361
6/11/2010,0.010693553
6/14/2010,0.000940481
6/15/2010,0.012013423
6/16/2010,-0.009483387
6/17/2010,-0.013892608
6/18/2010,-0.013341481
6/21/2010,0.029039361
6/22/2010,-0.006687174
6/23/2010,0.012488219
6/24/2010,-0.019947472
6/25/2010,0.016248855
6/28/2010,-0.021730423
6/29/2010,-0.04828198
6/30/2010,-0.028682059
7/1/2010,0.007123874
7/2/2010,-0.004727872
7/5/2010,-0.010531743
7/6/2010,0.009341273
7/7/2010,0.026326463
7/8/2010,0.001544818
7/12/2010,-0.017433101
7/13/2010,0.0057316
7/14/2010,-0.006461215
7/15/2010,-0.00968178
7/16/2010,-0.010809415
7/19/2010,0.026144035
7/20/2010,0.062331904
7/21/2010,0.006089842
7/22/2010,0.017512837
7/23/2010,0.008121115
7/26/2010,-0.002618929
7/27/2010,-0.003556471
7/28/2010,0.013109176
7/29/2010,0.000460951
7/30/2010,0.003554268
8/2/2010,0.03351479
8/3/2010,-0.000920168
8/4/2010,-0.002731286
8/5/2010,0.003662304
8/6/2010,-0.000475949
8/9/2010,0.001587251
8/10/2010,-0.012456024
8/11/2010,-0.027986392
8/12/2010,0.008023509
8/13/2010,0.0039962
8/16/2010,0.011418877
8/17/2010,0.013612464
8/18/2010,0.007033065
8/19/2010,-0.008564025
8/20/2010,-0.012526695
8/23/2010,-0.024241446
8/24/2010,-0.022925006
8/25/2010,-0.009683099
8/26/2010,-0.005606838
8/27/2010,0.030702056
8/30/2010,-0.029787518
8/31/2010,0.017912398
9/1/2010,0.04515824
9/2/2010,-0.010405895
9/3/2010,-0.003037032
9/6/2010,-0.004913361
9/8/2010,-0.018795879
9/9/2010,0.001409018
9/10/2010,-0.007638191
9/13/2010,0.026298022
9/14/2010,-0.006578731
9/15/2010,0.005662064
9/16/2010,-0.005630186
9/17/2010,-0.010430118
9/20/2010,0.01867095
9/21/2010,0.00187229
9/22/2010,0.015704403
9/23/2010,0.001839897
9/24/2010,0.028321036
9/27/2010,0.02105527
9/28/2010,0.006566834
9/29/2010,0.00435949
9/30/2010,0.004340568
10/1/2010,0.009701402
10/4/2010,0.000209524
10/5/2010,0.0124192
10/6/2010,0.002098667
10/7/2010,0.001061884
10/8/2010,-0.004007307
10/11/2010,0.002130051
10/13/2010,0.00504812
10/14/2010,0.00966368
10/15/2010,0.004945598
10/18/2010,0.027616952
10/19/2010,-0.020761733
10/20/2010,0.025373263
10/21/2010,-0.019667256
10/22/2010,-0.001860226
10/25/2010,0.005390372
10/26/2010,0.014430344
10/27/2010,-0.009755138
10/28/2010,-0.016835112
10/29/2010,-0.003147469
11/1/2010,0.012368924
11/3/2010,-0.002060145
11/4/2010,0.022995097
11/5/2010,-0.000588582
11/8/2010,0.008918055
11/9/2010,-0.001417612
11/10/2010,0.003228949
11/11/2010,0.002802364
11/12/2010,-0.017597255
11/16/2010,-0.017518166
11/17/2010,0.001232657
11/18/2010,0.023620695
11/19/2010,0.002209667
11/22/2010,-0.005246853
11/23/2010,-0.02230452
11/24/2010,0.026974288
11/25/2010,-0.005057561
11/26/2010,-0.014828545
11/29/2010,-0.000399099
11/30/2010,-0.010323685
12/1/2010,0.025617382
12/2/2010,0.005506855
12/3/2010,0.009081256
12/6/2010,0.005593554
12/7/2010,-0.000578273
12/8/2010,-0.018928749
12/9/2010,0.004268824
12/10/2010,0.010906345
12/13/2010,0.018396083
12/14/2010,-0.00372141
12/15/2010,-0.007688742
12/16/2010,-0.008737464
12/17/2010,-0.000803836
12/20/2010,-0.001192854
12/21/2010,0.011026246
12/22/2010,-0.001977913
12/23/2010,-0.003991192
12/27/2010,-0.018985768
12/28/2010,-0.016282607
12/29/2010,0.004352806
12/30/2010,-0.000199589
1/3/2011,0.028860687
1/4/2011,0.018626826
1/5/2011,0.014367738
1/6/2011,-0.004667758
1/7/2011,-0.008166456
1/10/2011,0.002934783
1/11/2011,0.008047036
1/12/2011,0.018653407
1/13/2011,-0.003245468
1/14/2011,0.005744388
1/17/2011,0.012054852
1/18/2011,0.01040285
1/19/2011,-0.013667602
1/20/2011,-0.010621086
1/21/2011,0.007464458
1/24/2011,0.004398366
1/26/2011,-0.005317485
1/27/2011,-0.006865828
1/28/2011,-0.020159375
1/31/2011,-0.001157968
2/1/2011,0.01725486
2/2/2011,-0.013887785
2/3/2011,0.000994437
2/4/2011,-0.015841478
2/7/2011,-0.00139139
2/8/2011,-0.008141409
2/9/2011,-0.024431896
2/10/2011,0.004517477
2/11/2011,0.015543313
2/14/2011,0.018515956
2/15/2011,-0.008913043
2/16/2011,0.006388462
2/17/2011,0.002969623
2/18/2011,-0.007307003
2/21/2011,-0.020686824
2/22/2011,-0.018301713
2/23/2011,0.019667558
2/24/2011,0
2/25/2011,0.000195394
2/28/2011,0.006921188
3/1/2011,-0.015133038
3/2/2011,0.012495075
3/3/2011,0.002835066
3/4/2011,-0.011086475
3/9/2011,-0.028951794
3/10/2011,-0.032961007
3/11/2011,0.014744068
3/14/2011,-0.002117709
3/15/2011,-0.016741828
3/16/2011,-0.025300519
3/17/2011,0.027310472
3/18/2011,0.019818579
3/21/2011,0.001056803
3/22/2011,-0.004252075
3/23/2011,0.014783838
3/24/2011,-0.009925126
3/25/2011,-0.000439676
3/28/2011,-0.008738747
3/29/2011,0.018489483
3/30/2011,-0.005489718
3/31/2011,0.006805105
4/1/2011,-0.005482711
4/4/2011,0.023539364
4/5/2011,0.001253918
4/6/2011,-0.009107987
4/7/2011,-0.009191704
4/8/2011,0.000202934
4/11/2011,-0.002115881
4/12/2011,-0.018996166
4/13/2011,-0.010984781
4/14/2011,0.010987037
4/15/2011,-0.003494226
4/18/2011,-0.009865684
4/19/2011,0.011734694
4/20/2011,0.0168491
4/25/2011,0.005571925
4/26/2011,0.000667247
4/27/2011,-0.011132694
4/28/2011,-0.00474948
4/29/2011,0.000441865
5/2/2011,-0.01757847
5/3/2011,-0.014805934
5/4/2011,-0.01636701
5/5/2011,0.013886741
5/6/2011,-0.0026844
5/9/2011,0.002263412
5/10/2011,0.001342773
5/11/2011,-0.030110935
5/12/2011,-0.002796631
5/13/2011,-0.018118796
5/16/2011,-0.002824134
5/17/2011,0.011875644
5/18/2011,0.003753061
5/19/2011,0.015177921
5/20/2011,0.006679568
5/23/2011,-0.001147216
5/24/2011,0.009840137
5/25/2011,-0.001813599
5/26/2011,0.01656761
5/27/2011,0.003786617
5/30/2011,-0.003561082
5/31/2011,0.001120601
6/1/2011,-0.008016941
6/2/2011,0.00515401
6/3/2011,-0.004915198
6/6/2011,-0.009208159
6/7/2011,0.000215418
6/8/2011,-0.000215371
6/9/2011,0.00861671
6/10/2011,-0.009000763
6/13/2011,-0.014963054
6/14/2011,0.002531725
6/15/2011,-0.005518316
6/16/2011,-0.011348674
6/17/2011,-0.001617199
6/20/2011,0.013816103
6/21/2011,0.008082707
6/22/2011,0.004568339
6/24/2011,0.005723125
6/27/2011,-0.001384189
6/28/2011,0.010442014
6/29/2011,-0.00201195
6/30/2011,0.005192742
7/1/2011,0.044578826
7/4/2011,0.008989091
7/5/2011,-0.015309653
7/6/2011,-0.00040992
7/7/2011,0.004305926
7/8/2011,-0.00880826
7/11/2011,-0.010622646
7/12/2011,0.002409065
7/13/2011,0.014419653
7/14/2011,-0.012489032
7/15/2011,0.001747475
7/18/2011,0.003695819
7/19/2011,0.002179869
7/20/2011,-0.005202669
7/21/2011,0.002186503
7/22/2011,0.003243116
7/25/2011,0.001939579
7/26/2011,-0.001935824
7/27/2011,-0.006700364
7/28/2011,0.009142012
7/29/2011,-0.014248439
8/1/2011,-0.000654314
8/2/2011,-0.017112586
8/3/2011,-0.026585115
8/4/2011,-0.053875824
8/5/2011,-0.024953972
8/8/2011,-0.091748997
8/9/2011,0.050935551
8/10/2011,0.002578776
8/11/2011,0.042880801
8/12/2011,-0.001452801
8/15/2011,0.017628151
8/16/2011,-0.002526932
8/17/2011,0.013833333
8/18/2011,-0.049613677
8/19/2011,-0.025842386
8/22/2011,0.005362406
8/23/2011,0.029035676
8/24/2011,0.002334203
8/25/2011,-0.010068493
8/26/2011,0.018785027
8/29/2011,0.019219668
8/30/2011,0.006796602
8/31/2011,0.015255303
9/1/2011,0.008344198
9/2/2011,-0.015612878
9/5/2011,-0.016615769
9/6/2011,0.024710322
9/8/2011,0.018444292
9/9/2011,-0.011582888
9/12/2011,0.008546178
9/13/2011,0.006772589
9/14/2011,0.014219218
9/15/2011,0.013516912
9/16/2011,0.006544259
9/19/2011,0.013496441
9/20/2011,0.009637895
9/21/2011,-0.012496989
9/22/2011,-0.04305797
9/23/2011,-0.013925624
9/26/2011,-0.012215615
9/27/2011,0.007917294
9/28/2011,-0.005875097
9/29/2011,-0.011852287
9/30/2011,-0.021675919
10/3/2011,-0.024993245
10/4/2011,-0.010461411
10/5/2011,0.02247427
10/6/2011,0.015509449
10/7/2011,-0.0252183
10/10/2011,0.032372981
10/11/2011,0.017220007
10/13/2011,0.017883608
10/14/2011,0.005629975
10/17/2011,-0.03542471
10/18/2011,0.001534407
10/19/2011,-0.028609492
10/20/2011,-0.012720291
10/21/2011,0.017746136
10/24/2011,0.05940763
10/25/2011,-0.009469514
10/26/2011,0.024908139
10/27/2011,0.023573083
10/28/2011,-0.00024797
10/31/2011,-0.02111366
11/1/2011,-0.009818516
11/3/2011,0.032178614
11/4/2011,0.013201525
11/7/2011,0.009236886
11/8/2011,-0.00445495
11/9/2011,-0.015799087
11/10/2011,-0.004299279
11/11/2011,0.013233101
11/14/2011,-0.004292109
11/16/2011,0.007389618
11/17/2011,-0.021975671
11/18/2011,-0.002437576
11/21/2011,-0.002412205
11/22/2011,-0.006563246
11/23/2011,-0.025193615
11/24/2011,0
11/25/2011,-0.021337311
11/28/2011,0.012823062
11/29/2011,-0.016455655
11/30/2011,0.00462347
12/1/2011,0.006919842
12/2/2011,0.015520189
12/5/2011,0.014797306
12/6/2011,0.000733863
12/7/2011,-0.036283637
12/8/2011,-0.014325415
12/9/2011,0.016111167
12/12/2011,-0.014567436
12/13/2011,0.000268168
12/14/2011,-0.014544236
12/15/2011,-0.01183432
12/16/2011,-0.002408975
12/19/2011,-0.017593487
12/20/2011,0.036414074
12/21/2011,0.000779265
12/22/2011,0.013880425
12/23/2011,0.006444504
12/26/2011,-0.006403238
12/27/2011,0.003105383
12/28/2011,-0.026031091
12/29/2011,0.00027342
1/2/2012,0.028564595
1/3/2012,0.040361426
1/4/2012,0.007886838
1/5/2012,-0.025249485
1/6/2012,-0.007540302
1/9/2012,0.001015195
1/10/2012,0.00026172
1/11/2012,0.007587899
1/12/2012,-0.011296134
1/13/2012,-0.010440264
1/16/2012,0.008991075
1/17/2012,0.040970669
1/18/2012,0.005369891
1/19/2012,-0.00194797
1/20/2012,-0.001448089
1/23/2012,0.001450189
1/24/2012,0.012938362
1/26/2012,-0.008422165
1/27/2012,0.002162603
1/30/2012,0.007505864
1/31/2012,0.025485023
2/1/2012,0.020129556
2/2/2012,0.002996944
2/3/2012,0.00343175
2/6/2012,0.002034318
2/7/2012,0.001147498
2/8/2012,-0.007288544
2/9/2012,-0.006187459
2/10/2012,-0.017277846
2/13/2012,0.025796478
2/14/2012,-0.019414894
2/15/2012,-0.018684266
2/16/2012,0.006664005
2/17/2012,-0.008724832
2/22/2012,-0.000246199
2/23/2012,0.019546882
2/24/2012,0.003955195
2/27/2012,-0.01094671
2/28/2012,0.00942593
2/29/2012,-0.009337912
3/1/2012,0.010611773
3/2/2012,0.008153564
3/5/2012,-0.029097529
3/6/2012,-0.044508653
3/7/2012,-0.000482548
3/8/2012,-0.00125523
3/9/2012,-0.004221585
3/12/2012,-0.011521036
3/13/2012,0.053693033
3/14/2012,-0.011776038
3/15/2012,0.008520673
3/16/2012,0.010849233
3/19/2012,0.001202813
3/20/2012,-0.008347965
3/21/2012,-0.003354871
3/22/2012,-0.02075801
3/23/2012,-0.002196193
3/26/2012,0.0120897
3/27/2012,0.008541351
3/28/2012,-0.016688022
3/29/2012,0.008358494
3/30/2012,0.011220373
4/2/2012,0.026274779
4/3/2012,-0.016673247
4/4/2012,-0.018160479
4/5/2012,0.000975149
4/9/2012,-0.008516389
4/10/2012,-0.011030111
4/11/2012,0.000737132
4/12/2012,0.060720576
4/13/2012,0.001147308
4/16/2012,-0.012937664
4/17/2012,0.019645585
4/18/2012,0.004494651
4/19/2012,-0.003997256
4/20/2012,-0.003354398
4/23/2012,-0.005469243
4/24/2012,0
4/25/2012,-0.014624566
4/26/2012,0.016773481
4/27/2012,-0.006695217
4/30/2012,-0.001214477
5/2/2012,0.008450875
5/3/2012,-0.006209682
5/4/2012,-0.026480223
5/7/2012,-0.0012463
5/8/2012,-0.025237872
5/9/2012,-0.003808487
5/10/2012,0
5/11/2012,-0.03113053
5/14/2012,-0.016844618
5/15/2012,-0.004249578
5/16/2012,-0.029603035
5/17/2012,-0.036544503
5/18/2012,0.026446401
5/21/2012,0.032223909
5/22/2012,-0.011420365
5/23/2012,0.010168788
5/24/2012,-0.013045265
5/25/2012,-0.016235906
5/28/2012,0.010332546
5/29/2012,0.013856894
5/30/2012,-0.004096809
5/31/2012,0.007432246
6/1/2012,-0.016367567
6/4/2012,-0.002755878
6/5/2012,-0.001958932
6/6/2012,0.029511759
6/8/2012,0.008647397
6/11/2012,-0.011813548
6/12/2012,0.022509137
6/13/2012,0.004776857
6/14/2012,-0.001063865
6/15/2012,0.014277632
6/18/2012,0.008071925
6/19/2012,0.025844672
6/20/2012,0.003522021
6/21/2012,-0.025105132
6/22/2012,-0.001037849
6/25/2012,-0.01493458
6/26/2012,0.018325039
6/27/2012,-0.002330323
6/28/2012,-0.013138686
6/29/2012,0.021663379
7/2/2012,-0.000772226
7/3/2012,0.018676542
7/4/2012,0.003761656
7/5/2012,0.012250425
7/6/2012,-0.01533771
7/10/2012,-0.022559242
7/11/2012,-0.005624515
7/12/2012,-0.003868409
7/13/2012,0.018372875
7/16/2012,-0.013747356
7/17/2012,-0.001007246
7/18/2012,-0.003610226
7/19/2012,-0.000783418
7/20/2012,-0.017902061
7/23/2012,-0.02637794
7/24/2012,-0.046908097
7/25/2012,-0.000860308
7/26/2012,0.007677681
7/27/2012,0.039840496
7/30/2012,-0.002431007
7/31/2012,-0.008443453
8/1/2012,0.004119215
8/2/2012,-0.012858522
8/3/2012,0.011629125
8/6/2012,0.01094311
8/7/2012,0.000273177
8/8/2012,0.009763425
8/9/2012,0.007505325
8/10/2012,0.002952921
8/13/2012,0
8/14/2012,-0.03770618
8/15/2012,-0.020443641
8/16/2012,0.011854902
8/17/2012,-0.028132454
8/20/2012,0.018912871
8/21/2012,-0.008430747
8/22/2012,0.001143184
8/23/2012,-0.031722809
8/24/2012,-0.007923346
8/27/2012,-0.015601783
8/28/2012,-0.000301887
8/29/2012,-0.027555488
8/30/2012,-0.004308672
8/31/2012,0.026587657
9/3/2012,-0.002696237
9/4/2012,-0.02931993
9/5/2012,0.01369057
9/6/2012,0.046979606
9/10/2012,0.029643319
9/11/2012,0.026779625
9/12/2012,0.00664266
9/13/2012,0.027853992
9/14/2012,0.010981585
9/17/2012,0.009291444
9/18/2012,0.005265249
9/19/2012,-0.011002405
9/20/2012,-0.007127869
9/21/2012,-0.022878996
9/24/2012,0.003810897
9/25/2012,-0.027430057
9/26/2012,0.003094669
9/27/2012,-0.00252419
9/28/2012,-0.01616758
10/1/2012,-0.000857388
10/2/2012,-0.002538616
10/3/2012,-0.01311969
10/4/2012,0.009516545
10/5/2012,-0.001115389
10/8/2012,0.029428716
10/9/2012,0.007488016
10/10/2012,-0.011843156
10/11/2012,0.009770842
10/15/2012,0.000278455
10/16/2012,0.020425917
10/17/2012,0.015583973
10/18/2012,-0.004969445
10/19/2012,-0.017142471
10/22/2012,-0.003673694
10/23/2012,-0.023708605
10/24/2012,-0.007835939
10/25/2012,0.055711694
10/26/2012,-0.006908172
10/29/2012,0.003902273
10/30/2012,0.00777421
10/31/2012,-0.000570183
11/1/2012,0.022551849
11/5/2012,-0.006432557
11/6/2012,0.007299993
11/7/2012,-0.010493524
11/8/2012,-0.02038111
11/9/2012,0.007510149
11/12/2012,-0.008260023
11/13/2012,0.007482394
11/14/2012,-0.01844944
11/16/2012,-0.027492468
11/19/2012,0.012110544
11/21/2012,0.010539497
11/22/2012,-0.000550737
11/23/2012,0.013810442
11/26/2012,-0.004993715
11/27/2012,0
11/28/2012,-0.014271082
11/29/2012,0.039172901
11/30/2012,0.00273306
12/3/2012,-0.000531826
12/4/2012,-0.016927733
12/5/2012,0.017489851
12/6/2012,-0.002726336
12/7/2012,0.0090015
12/10/2012,0.013844375
12/11/2012,0.020010429
12/12/2012,0.005239951
12/13/2012,0.003909478
12/14/2012,0.031660598
12/17/2012,0.014086236
12/18/2012,0.017128677
12/19/2012,-0.011960726
12/20/2012,0.007407854
12/21/2012,-0.007592515
12/26/2012,0.004698795
12/27/2012,0.002698165
12/28/2012,0.00170424
1/2/2013,0.042354416
1/3/2013,-0.011969532
1/4/2013,-0.021881521
1/7/2013,-0.019911701
1/8/2013,-0.00619766
1/9/2013,0.004989048
1/10/2013,0.006719942
1/11/2013,-0.025647964
1/14/2013,0.006079309
1/15/2013,-0.003036624
1/16/2013,0.00076916
1/17/2013,0.001752336
1/18/2013,-0.013840724
1/21/2013,-0.001244787
1/22/2013,0.01121705
1/23/2013,-0.00228015
1/24/2013,-0.022019765
1/28/2013,-0.024315534
1/29/2013,0.011651617
1/30/2013,-0.02201107
1/31/2013,0.037816088
2/1/2013,0.012892041
2/4/2013,-0.011452045
2/5/2013,-0.016778946
2/6/2013,0.010501713
2/7/2013,-0.027027027
2/8/2013,0.007489905
2/13/2013,-0.008759454
2/14/2013,-0.017641113
2/15/2013,-0.007601407
2/18/2013,-0.001371375
2/19/2013,-0.009076902
2/20/2013,-0.035727565
2/21/2013,0.000560852
2/22/2013,-0.020669843
2/25/2013,0.005258639
2/26/2013,0.025372763
2/27/2013,0.008537516
2/28/2013,0.031039229
3/1/2013,-0.035578399
3/4/2013,-0.034018549
3/5/2013,-0.007057643
3/6/2013,0.059748882
3/7/2013,-0.007830587
3/8/2013,-0.02333402
3/11/2013,0.014405172
3/12/2013,-0.016174841
3/13/2013,-0.037246964
3/14/2013,0.008081325
3/15/2013,-0.001160766
3/18/2013,0.003268449
3/19/2013,-0.038876421
3/20/2013,0.020375113
3/21/2013,0.00394936
3/22/2013,0.000588235
3/25/2013,-0.016865079
3/26/2013,0.010726165
3/27/2013,0.019375832
3/28/2013,-0.011571387
4/1/2013,-0.024991743
4/2/2013,-0.017577537
4/3/2013,0.05842688
4/4/2013,-0.039781365
4/5/2013,0.007426396
4/8/2013,0.003068403
4/9/2013,0.042192047
4/10/2013,-0.034613595
4/11/2013,-0.015202076
4/12/2013,0.016378012
4/15/2013,-0.064678644
4/16/2013,0.027565448
4/17/2013,0.006629408
4/18/2013,-0.017421603
4/19/2013,0.006585613
4/22/2013,0.017266076
4/23/2013,0.022148647
4/24/2013,0.007222905
4/25/2013,0.014009537
4/26/2013,-0.026720618
4/29/2013,0.010712012
4/30/2013,0.019381138
5/2/2013,-0.027264796
5/3/2013,0.014163988
5/6/2013,0.002468954
5/7/2013,0.023856786
5/8/2013,0.002118264
5/9/2013,0.000931499
5/10/2013,-0.019614861
5/13/2013,-0.020920044
5/14/2013,-0.02356714
5/15/2013,-0.020278786
5/16/2013,-0.024323692
5/17/2013,0.007071514
5/20/2013,0.038124331
5/21/2013,0.010317946
5/22/2013,-0.013730237
5/23/2013,-0.01810163
5/24/2013,-0.007577237
5/27/2013,0.003345271
5/28/2013,-0.015886091
5/29/2013,-0.013113317
5/31/2013,-0.024838449
6/3/2013,0.045392421
6/4/2013,0.011687334
6/5/2013,-0.037319862
6/6/2013,0.014074767
6/7/2013,-0.017569899
6/10/2013,-0.015842554
6/11/2013,-0.02866863
6/12/2013,-0.013668204
6/13/2013,0.045600208
6/14/2013,-0.01292193
6/17/2013,0.00427978
6/18/2013,0.024608314
6/19/2013,-0.020592073
6/20/2013,0.004912777
6/21/2013,-0.006628827
6/24/2013,-0.054844226
6/25/2013,0.02268114
6/26/2013,-0.027269589
6/27/2013,-0.001863023
6/28/2013,0.013109946
7/1/2013,0.008509892
7/2/2013,-0.043277804
7/3/2013,-0.003818876
7/4/2013,0.037285506
7/5/2013,-0.019270535
7/8/2013,-0.01399668
7/10/2013,0.013831385
7/11/2013,0.041601221
7/12/2013,-0.017449375
7/15/2013,0.011094058
7/16/2013,0.018648625
7/17/2013,0.010388283
7/18/2013,0.002148997
7/19/2013,-0.010301476
7/22/2013,0.018650692
7/23/2013,0.016140468
7/24/2013,0.001067148
7/25/2013,0.006888069
7/26/2013,0.003786953
7/29/2013,-0.01196706
7/30/2013,-0.018681228
7/31/2013,-0.007405548
8/1/2013,0.014205024
8/2/2013,-0.005610739
8/5/2013,0.011995319
8/6/2013,-0.013257341
8/7/2013,0.025071154
8/8/2013,0.029929362
8/9/2013,0.032389788
8/12/2013,0.011981107
8/13/2013,0.009296854
8/14/2013,0.001240695
8/15/2013,-0.001577109
8/16/2013,0.019669788
8/19/2013,0.00556949
8/20/2013,-0.028096688
8/21/2013,-0.010529494
8/22/2013,0.041498207
8/23/2013,-0.003735443
8/26/2013,-0.002462873
8/27/2013,-0.014592623
8/28/2013,-0.015145283
8/29/2013,-0.014390948
8/30/2013,0.009746889
9/2/2013,0.029568867
9/3/2013,0.004076339
9/4/2013,-0.000332165
9/5/2013,0.005611755
9/6/2013,-0.003708055
9/9/2013,0.027011092
9/10/2013,0.01844277
9/11/2013,-0.021667136
9/12/2013,0.007598401
9/13/2013,-0.002716226
9/16/2013,-0.000895929
9/17/2013,-0.00304889
9/18/2013,0.000611643
9/19/2013,-0.012117507
9/20/2013,-0.007061222
9/23/2013,0.011766862
9/24/2013,-0.014673381
9/25/2013,0.010553023
9/26/2013,0.001528217
9/27/2013,-0.015949137
9/30/2013,-0.018644318
10/1/2013,0.010157631
10/2/2013,-0.001266247
10/3/2013,-0.011634411
10/4/2013,0.014299189
10/7/2013,-0.015994644
10/8/2013,-0.00669086
10/9/2013,-0.022757545
10/10/2013,0.002959617
10/11/2013,0.015065036
10/14/2013,0.040278468
10/15/2013,-0.002169437
10/16/2013,0.003427055
10/17/2013,0.014836577
10/18/2013,-0.004957661
10/21/2013,0.021456886
10/22/2013,0.013280165
10/23/2013,-0.017990162
10/24/2013,0.001216545
10/25/2013,0
10/28/2013,0.012436566
10/29/2013,-0.006141899
10/30/2013,0.003693706
10/31/2013,0.008280255
11/1/2013,0.018600407
11/4/2013,0.023015436
11/5/2013,-0.007308366
11/6/2013,0.013842239
11/7/2013,-0.032526855
11/8/2013,-0.013800975
11/11/2013,0.011854658
11/12/2013,-0.024644714
11/13/2013,-0.011407655
11/14/2013,0.010604644
11/18/2013,0.020666596
11/19/2013,-0.009374782
11/21/2013,-0.014036939
11/22/2013,0.01113252
11/25/2013,-0.021102407
11/26/2013,-0.03442682
11/27/2013,0.018779167
11/28/2013,0.027044855
11/29/2013,0.01516449
12/2/2013,-0.004569259
12/3/2013,-0.013170439
12/4/2013,0.005581795
12/5/2013,0.014197267
12/6/2013,0.00305231
12/9/2013,0.005456453
12/10/2013,-0.00845335
12/11/2013,-0.019787391
12/12/2013,-0.007766921
12/13/2013,-0.002200418
12/16/2013,-0.002819855
12/17/2013,-0.001558931
12/18/2013,0.004720407
12/19/2013,0.014419949
12/20/2013,-0.014535609
12/23/2013,-0.002494487
12/26/2013,0.003153088
12/27/2013,0.015968785
12/30/2013,0.00988585
1/2/2014,-0.024754393
1/3/2014,-0.015670133
1/6/2014,0.005098672
1/7/2014,-0.021532061
1/8/2014,0.005818507
1/9/2014,-0.037008195
1/10/2014,0.005352536
1/13/2014,-0.009613911
1/14/2014,0
1/15/2014,0.014425494
1/16/2014,0.001982463
1/17/2014,-0.008903432
1/20/2014,-0.02833231
1/21/2014,-0.023666535
1/22/2014,0.015094492
1/23/2014,-0.026271727
1/24/2014,0.017072671
1/27/2014,-0.003180098
1/28/2014,0.011912935
1/29/2014,0.037433155
1/30/2014,-0.006693337
1/31/2014,0.008055147
2/3/2014,-0.030003842
2/4/2014,0.016515506
2/5/2014,0.01215616
2/6/2014,0.028716606
2/7/2014,-0.004527765
2/10/2014,-0.007179641
2/11/2014,0.010828411
2/12/2014,0.000674208
2/13/2014,-0.0009732
2/14/2014,0.006481828
2/17/2014,-0.007110152
2/18/2014,-0.004536593
2/19/2014,0.009792475
2/20/2014,-0.010033195
2/21/2014,0.00067817
2/24/2014,-0.027786145
2/25/2014,-0.025520874
2/26/2014,0.000675595
2/27/2014,0.010007943
2/28/2014,-0.007510223
3/5/2014,-0.033714988
3/6/2014,0
3/7/2014,-0.036285363
3/10/2014,-0.026547543
3/11/2014,-0.01027053
3/12/2014,0.013821425
3/13/2014,-0.021168169
3/14/2014,0.007698127
3/17/2014,-0.00379758
3/18/2014,0.021143617
3/19/2014,0.000737943
3/20/2014,0.002645962
3/21/2014,0.021025308
3/24/2014,-0.001482988
3/25/2014,0.016549266
3/26/2014,-0.003965604
3/27/2014,0.012740455
3/28/2014,-0.001448376
3/31/2014,0.019436386
4/1/2014,-0.003211513
4/2/2014,0.038947798
4/3/2014,0.006476938
4/4/2014,-0.002379095
4/7/2014,0.019351812
4/8/2014,0.000997162
4/9/2014,-0.004329502
4/10/2014,-0.008696656
4/11/2014,0.005745119
4/14/2014,0.008684241
4/15/2014,-0.046223311
4/16/2014,0.010029688
4/17/2014,0.013862409
4/22/2014,-0.017512243
4/23/2014,-0.012122179
4/24/2014,0.016226689
4/25/2014,-0.023077534
4/28/2014,-0.027281968
4/29/2014,-0.000752383
4/30/2014,-0.011587049
5/2/2014,0.03521097
5/5/2014,-0.007317771
5/6/2014,-0.008113006
5/7/2014,0.011542454
5/8/2014,-0.015063826
5/9/2014,-0.012293716
5/12/2014,0.042614236
5/13/2014,-0.001092631
5/14/2014,0.023578026
5/15/2014,-0.002849679
5/16/2014,-0.021989363
5/19/2014,-0.033035714
5/20/2014,-0.022916142
5/21/2014,0.005756014
5/22/2014,0.016827539
5/23/2014,0.00562836
5/26/2014,0.004469134
5/27/2014,-0.008524263
5/28/2014,-0.004151988
5/29/2014,0.003411244
5/30/2014,-0.037522035
6/2/2014,0.021018664
6/3/2014,-0.010677373
6/4/2014,-0.003842169
6/5/2014,-0.00312026
6/6/2014,0.015954441
6/9/2014,0.018356868
6/10/2014,-0.007899492
6/11/2014,0
6/13/2014,-0.024607175
6/16/2014,-0.010898828
6/17/2014,0.000790202
6/18/2014,0.013729877
6/20/2014,-0.002293379
6/23/2014,0.015136401
6/24/2014,-0.014141673
6/25/2014,0.000780065
6/26/2014,0.021651583
6/27/2014,-0.006442589
6/30/2014,0.005375197
7/1/2014,0.011753723
7/2/2014,0.020256668
7/3/2014,0.021293213
7/4/2014,0.002897967
7/7/2014,-0.00718385
7/8/2014,0.002910502
7/10/2014,-0.000725514
7/11/2014,-0.004356244
7/14/2014,0.007980878
7/15/2014,0.007194245
7/16/2014,0.017837191
7/17/2014,-0.012623986
7/18/2014,-0.000357356
7/21/2014,0.0042898
7/22/2014,0.00953172
7/23/2014,0
7/24/2014,0.014378061
7/25/2014,0
7/28/2014,0.014174262
7/29/2014,-0.00034274
7/30/2014,-0.01432381
7/31/2014,0.006918142
8/1/2014,-0.02026638
8/4/2014,0.005602351
8/5/2014,-0.013908368
8/6/2014,0.003516258
8/7/2014,-0.010551181
8/8/2014,0.002108865
8/11/2014,0.010680961
8/12/2014,0.002789345
8/13/2014,-0.023819785
8/14/2014,-0.021551551
8/15/2014,0.010664479
8/18/2014,0.005438312
8/19/2014,0.002179705
8/20/2014,0.019091348
8/21/2014,-0.003912734
8/22/2014,-0.009205253
8/25/2014,-0.007889151
8/26/2014,-0.002179705
8/27/2014,-0.014118123
8/28/2014,-0.041073407
8/29/2014,-0.006118956
9/1/2014,-0.008481509
9/2/2014,-0.009726444
9/3/2014,0.009032711
9/4/2014,-0.010863897
9/5/2014,-0.017704947
9/8/2014,-0.008005725
9/9/2014,0.013300271
9/10/2014,-0.00596218
9/11/2014,0.000402847
9/12/2014,0.010022371
9/15/2014,0.01701072
9/16/2014,0.001568081
9/17/2014,-0.006219014
9/18/2014,0.001969279
9/19/2014,-0.02734102
9/22/2014,-0.041356084
9/23/2014,0.007119771
9/24/2014,0.014976048
9/25/2014,-0.006186134
9/26/2014,-0.019780524
9/29/2014,-0.019756338
9/30/2014,0.0205864
10/1/2014,-0.005031033
10/2/2014,0.026180237
10/3/2014,-0.016854709
10/6/2014,-0.001264696
10/7/2014,0.007128787
10/8/2014,-0.001257334
10/9/2014,-0.019210146
10/10/2014,-0.022914191
10/13/2014,0.048703352
10/14/2014,0.029043333
10/15/2014,-0.006853021
10/16/2014,-0.028826948
10/17/2014,0.005749544
10/20/2014,-0.0091095
10/21/2014,0.010506567
10/22/2014,0.003481248
10/23/2014,0.018964799
10/24/2014,0.003813155
10/27/2014,-0.043865599
10/28/2014,-0.001749988
10/29/2014,-0.051738842
10/30/2014,-0.044718697
10/31/2014,0.051205607
11/3/2014,-0.002786347
11/4/2014,-0.032082626
11/5/2014,-0.002422805
11/6/2014,-0.019274494
11/7/2014,0.01722957
11/10/2014,-0.025121724
11/11/2014,-0.036661176
11/12/2014,0
11/13/2014,-0.003640174
11/14/2014,0.02219762
11/17/2014,-0.003519983
11/18/2014,-0.045595348
11/19/2014,0.004213643
11/21/2014,0.069290088
11/24/2014,0.008908686
11/25/2014,0.008830022
11/26/2014,-0.040325102
11/27/2014,0
11/28/2014,0.012649294
12/1/2014,-0.039993567
12/2/2014,-0.023957112
12/3/2014,0.003718961
12/4/2014,-0.016473807
12/5/2014,0.010780109
12/8/2014,-0.034231651
12/9/2014,-0.023214392
12/10/2014,-0.037442256
12/11/2014,-0.029426623
12/12/2014,-0.016395576
12/15/2014,-0.012964678
12/16/2014,0.037528481
12/17/2014,0.021702622
12/18/2014,0.02294854
12/19/2014,0.082442371
12/22/2014,-0.006908364
12/23/2014,0.045532942
12/26/2014,-0.014846585
12/29/2014,0.005749051
12/30/2014,-0.004661746
1/2/2015,-0.026038472
1/5/2015,-0.010648042
1/6/2015,0.041025344
1/7/2015,0.036240342
1/8/2015,0.005524862
1/9/2015,-0.01392297
1/12/2015,-0.002001623
1/13/2015,0.008564614
1/14/2015,-0.077663119
1/15/2015,0.008099761
1/16/2015,0.036705202
1/19/2015,-0.006802342
1/20/2015,0.005782294
1/21/2015,0.012502791
1/22/2015,-0.005126792
1/23/2015,-0.053249848
1/26/2015,-0.045826993
1/27/2015,-0.028031651
1/28/2015,-0.008267071
1/29/2015,-0.039198218
1/30/2015,0.022253129
2/2/2015,0.040492387
2/3/2015,0.048194271
2/4/2015,-0.012712368
2/5/2015,-0.009566787
2/6/2015,0.009051698
2/9/2015,0.044912703
2/10/2015,-0.047822079
2/11/2015,0.028803098
2/12/2015,0.019174215
2/13/2015,0.040916436
2/18/2015,0.010866552
2/19/2015,-0.025064444
2/20/2015,0.020477048
2/23/2015,-0.035997795
2/24/2015,0.020815463
2/25/2015,0
2/26/2015,-0.038653297
2/27/2015,0.00594371
3/2/2015,-0.031338701
3/3/2015,0.008372204
3/4/2015,-0.023247539
3/5/2015,-0.040740741
3/6/2015,0.009430977
3/9/2015,-0.001191372
3/10/2015,-0.029819825
3/11/2015,-0.014494629
3/12/2015,-0.001838477
3/13/2015,0.011051177
3/16/2015,-0.003057905
3/17/2015,0.046270313
3/18/2015,-0.023827345
3/19/2015,-0.010734824
3/20/2015,0.046957757
3/23/2015,-0.003454871
3/24/2015,-0.02420603
3/25/2015,0.00647126
3/26/2015,-0.034669692
3/27/2015,-0.027425885
3/30/2015,0.005035585
3/31/2015,-0.037410649
4/1/2015,-0.028454438
4/2/2015,0.030002143
4/6/2015,0.005825647
4/7/2015,0.032751844
4/8/2015,-0.025504073
4/9/2015,-0.003836668
4/10/2015,-0.014786795
4/13/2015,-0.01556719
4/14/2015,0.050205645
4/15/2015,0.013909521
4/16/2015,-0.019379329
4/17/2015,-0.01582343
4/20/2015,0.00269114
4/22/2015,0.098066203
4/23/2015,0.065617949
4/24/2015,0.066694113
4/27/2015,-0.004796824
4/28/2015,-0.003767313
4/29/2015,-0.078689801
4/30/2015,0.061990704
5/4/2015,0.063373877
5/5/2015,0.051793255
5/6/2015,-0.04532981
5/7/2015,-0.009262217
5/8/2015,-0.035944552
5/11/2015,0.029203589
5/12/2015,-0.027833433
5/13/2015,-0.026457974
5/14/2015,-0.008353359
5/15/2015,-0.005019617
5/18/2015,-0.045520441
5/19/2015,-0.005285541
5/20/2015,-0.01893361
5/21/2015,0.015688228
5/22/2015,0.01305547
5/25/2015,0.017606486
5/26/2015,0.005767287
5/27/2015,0.007448569
5/28/2015,-0.021652388
5/29/2015,-0.025550291
6/1/2015,0
6/2/2015,0.074536838
6/3/2015,-0.019418032
6/5/2015,-0.002803902
6/8/2015,-0.03180833
6/9/2015,-0.003509197
6/10/2015,0.047662417
6/11/2015,0.012344248
6/12/2015,-0.007785665
6/15/2015,-0.024001846
6/16/2015,-0.024651218
6/17/2015,-0.010000606
6/18/2015,0.032019101
6/19/2015,0.001186451
6/22/2015,-0.028737335
6/23/2015,0.008906784
6/24/2015,-0.000604668
6/25/2015,-0.032248306
6/26/2015,0.01212879
6/29/2015,-0.026993638
6/30/2015,-0.041201117
7/1/2015,-0.010262862
7/2/2015,0.002609045
7/3/2015,-0.014879562
7/6/2015,-0.017068545
7/7/2015,0.011990077
7/8/2015,-0.040242408
7/10/2015,-0.00893934
7/13/2015,0.065931706
7/14/2015,-0.032572196
7/15/2015,-0.024227699
7/16/2015,0.022766079
7/17/2015,-0.015511964
7/20/2015,-0.01236487
7/21/2015,0.014594363
7/22/2015,-0.028063743
7/23/2015,0.009866512
7/24/2015,-0.022988506
7/27/2015,-0.002132353
7/28/2015,0.061454572
7/29/2015,0.016799722
7/30/2015,-0.046289343
7/31/2015,0.016608204
8/3/2015,-0.018378987
8/4/2015,0.029842181
8/5/2015,0.039217052
8/6/2015,0.018164756
8/7/2015,-0.048518762
8/10/2015,0.036255449
8/11/2015,-0.051145089
8/12/2015,0.01639575
8/13/2015,-0.018831349
8/14/2015,-0.019122213
8/17/2015,-0.007697288
8/18/2015,-0.026678266
8/19/2015,-0.026739163
8/20/2015,0.024489171
8/21/2015,-0.026070068
8/24/2015,-0.079536739
8/25/2015,-0.008915924
8/26/2015,0.029342526
8/27/2015,0.086335049
8/28/2015,-0.00075188
8/31/2015,0.032129421
9/1/2015,-0.026171903
9/2/2015,0.058017667
9/3/2015,0.042524588
9/4/2015,-0.030880956
9/8/2015,0.042790111
9/9/2015,0
9/10/2015,0.041638684
9/11/2015,-0.02063185
9/14/2015,-0.019749835
9/15/2015,-0.035862995
9/16/2015,0.022290332
9/17/2015,0.032365767
9/18/2015,0.010230348
9/21/2015,-0.005684045
9/22/2015,-0.022274788
9/23/2015,-0.028024194
9/24/2015,-0.010717002
9/25/2015,-0.035225049
9/28/2015,-0.07374674
9/29/2015,0.002268106
9/30/2015,0.007569255
10/1/2015,0.045074349
10/2/2015,0.038757967
10/5/2015,0.015909253
10/6/2015,0.015660112
10/7/2015,0.062366037
10/8/2015,0.005662219
10/9/2015,0.020062128
10/13/2015,-0.078733663
10/14/2015,0.013359961
10/15/2015,0.016445804
10/16/2015,0.008892158
10/19/2015,-0.035520212
10/20/2015,-0.020475471
10/21/2015,0.027146465
10/22/2015,0.006146281
10/23/2015,0.010113351
10/26/2015,-0.042064239
10/27/2015,-0.025813692
10/28/2015,-0.030025922
10/29/2015,-0.01699948
10/30/2015,0.052560036
11/3/2015,0.026330894
11/4/2015,-0.02222999
11/5/2015,-0.016300851
11/6/2015,-0.057053565
11/9/2015,-0.01225528
11/10/2015,-0.013187671
11/11/2015,-0.002293215
11/12/2015,-0.010303559
11/13/2015,0.015135741
11/16/2015,-0.020353424
11/17/2015,-0.034385569
11/18/2015,-0.009173547
11/19/2015,0.015066072
11/23/2015,-0.025538972
11/24/2015,0.016933288
11/25/2015,-0.027445402
11/26/2015,0.005162178
11/27/2015,-0.057861851
11/30/2015,-0.040610521
12/1/2015,-0.024431818
12/2/2015,0.001941371
12/3/2015,-0.011625654
12/4/2015,-0.027249559
12/7/2015,-0.015014107
12/8/2015,-0.052787724
12/9/2015,0.035424992
12/10/2015,0.038281006
12/11/2015,-0.042897328
12/14/2015,0.029180225
12/15/2015,0.041509434
12/16/2015,0.019486878
12/17/2015,-0.023820959
12/18/2015,0.018596871
12/21/2015,-0.065301391
12/22/2015,0.031831335
12/23/2015,0.04677484
12/28/2015,-0.040857334
12/29/2015,0.002893057
12/30/2015,0.012931463
1/4/2016,-0.024452519
1/5/2016,-0.009965774
1/6/2016,-0.075749873
1/7/2016,-0.059075908
1/8/2016,-0.047585642
1/11/2016,-0.034127179
1/12/2016,-0.083375699
1/13/2016,-0.030227399
1/14/2016,0.068201315
1/15/2016,-0.030651854
1/18/2016,-0.04667219
1/19/2016,0.013035921
1/20/2016,-0.012868173
1/21/2016,-0.012891078
1/22/2016,-0.018928833
1/26/2016,0.013311397
1/27/2016,0.052841328
1/28/2016,-0.012617412
1/29/2016,0.021155757
2/1/2016,0.001390434
2/2/2016,-0.093723966
2/3/2016,0.059292171
2/4/2016,0.113537749
2/5/2016,0.00519548
2/10/2016,-0.00775294
2/11/2016,-0.041411642
2/12/2016,0.020241815
2/15/2016,0.030492676
2/16/2016,0.060343714
2/17/2016,0.039970753
2/18/2016,-0.028005625
2/19/2016,0.040747438
2/22/2016,0.081663385
2/23/2016,-0.042514457
2/24/2016,-0.044514036
2/25/2016,-0.05232354
2/26/2016,-0.008522727
2/29/2016,0.059424443
3/1/2016,0.079374412
3/2/2016,0.081163525
3/3/2016,0.097138251
3/4/2016,0.069342395
3/7/2016,0.090440608
3/8/2016,-0.120510397
3/9/2016,-0.032061616
3/10/2016,-0.068930422
3/11/2016,0.001987479
3/14/2016,-0.044332044
3/15/2016,-0.001037775
3/16/2016,0.088821941
3/17/2016,0.036923958
3/18/2016,0.030180346
3/21/2016,-0.006252233
3/22/2016,0.008987956
3/23/2016,-0.070817745
3/24/2016,0.082830026
3/28/2016,0.001770695
3/29/2016,-0.006981882
3/30/2016,0.035332859
3/31/2016,-0.02819565
4/1/2016,0.043078284
4/4/2016,-0.047150611
4/5/2016,0.032662869
4/6/2016,-0.023959321
4/7/2016,-0.013156733
4/8/2016,0.08357194
4/11/2016,0.050041288
4/12/2016,0.109389745
4/13/2016,0.042248529
4/14/2016,-0.067605251
4/15/2016,0.035524108
4/18/2016,0.019582981
4/19/2016,0.087190825
4/20/2016,0.052999492
4/22/2016,-0.082136391
4/25/2016,-0.075087119
4/26/2016,0.045923082
4/27/2016,0.031060966
4/28/2016,0.018325643
4/29/2016,0.012234593
5/2/2016,-0.007034597
5/3/2016,-0.065241193
5/4/2016,-0.05339672
5/5/2016,-0.040468739
5/6/2016,0.018812107
5/9/2016,-0.086516268
5/10/2016,0.063167332
5/11/2016,-0.008432996
5/12/2016,-0.019947425
5/13/2016,-0.054039129
5/16/2016,-0.001667918
5/17/2016,0.028986718
5/18/2016,-0.034664718
5/19/2016,-0.010007569
5/20/2016,-0.037971458
5/23/2016,0.008741722
5/24/2016,-0.013042717
5/25/2016,0.024745011
5/27/2016,-0.020685477
5/30/2016,-0.001767565
5/31/2016,-0.011420983
6/1/2016,0.008866201
6/2/2016,0.03355526
6/3/2016,0.076784334
6/6/2016,0.030868629
6/7/2016,-0.001470133
6/8/2016,0.012320806
6/9/2016,-0.049448867
6/10/2016,-0.047994846
6/13/2016,0.017594316
6/14/2016,-0.024771405
6/15/2016,0.03221957
6/16/2016,-0.000825764
6/17/2016,0.006528926
6/20/2016,0.016339601
6/21/2016,-0.00161577
6/22/2016,0.024923127
6/23/2016,0.051002684
6/24/2016,-0.089543269
6/27/2016,-0.017244224
6/28/2016,0.0475191
6/29/2016,0.024685421
6/30/2016,0.012436449
7/1/2016,0.016146477
7/4/2016,0.02037558
7/5/2016,-0.045153118
7/6/2016,0.022473664
7/7/2016,-0.031061589
7/8/2016,0.018746062
7/11/2016,0.036879542
7/12/2016,0.034822161
7/13/2016,0.014339242
7/14/2016,-0.024721176
7/15/2016,-0.005754243
7/18/2016,0.024688645
7/19/2016,-0.028383499
7/20/2016,-0.003679176
7/21/2016,0.030132939
7/22/2016,-0.007169487
7/25/2016,0.00361063
7/26/2016,0.042883868
7/27/2016,0.03360011
7/28/2016,-0.007943395
7/29/2016,0.003296999
8/1/2016,-0.030648515
8/2/2016,0.00761035
8/3/2016,0.055204614
8/4/2016,0.000650703
8/5/2016,0.009038887
8/8/2016,0.007733454
8/9/2016,0.01585982
8/10/2016,-0.036890148
8/11/2016,0.022681221
8/12/2016,-0.019621629
8/15/2016,0.03103201
8/16/2016,0.011318369
8/17/2016,0.001250469
8/18/2016,-0.009928812
8/19/2016,0.013181962
8/22/2016,-0.037101594
8/23/2016,0.015386605
8/24/2016,-0.032280657
8/25/2016,0.007237318
8/26/2016,-0.022078516
8/29/2016,0.023912898
8/30/2016,-0.020092635
8/31/2016,-0.043006458
9/1/2016,0.029704348
9/2/2016,0.039589245
9/5/2016,-0.023849753
9/6/2016,0.021170361
9/8/2016,-0.014929265
9/9/2016,-0.047319656
9/12/2016,0.024800278
9/13/2016,-0.069346529
9/14/2016,0.022434263
9/15/2016,0.001424806
9/16/2016,-0.014156648
9/19/2016,0.021503825
9/20/2016,0.007770557
9/21/2016,0.063367447
9/22/2016,-0.001977587
9/23/2016,0.005878468
9/26/2016,-0.009783965
9/27/2016,0.00464191
9/28/2016,0.036039604
9/29/2016,-0.015800204
9/30/2016,-0.009645262
10/3/2016,0.025295771
10/4/2016,-0.015172766
10/5/2016,0.010939927
10/6/2016,-0.005122623
10/7/2016,0.024972646
10/10/2016,0.059843014
10/11/2016,-0.01765612
10/13/2016,-0.028166466
10/14/2016,0.018494383
10/17/2016,0.023642679
10/18/2016,0.026013453
10/19/2016,-0.010965421
10/20/2016,0.044289318
10/21/2016,0.040164027
10/24/2016,0.028460334
10/25/2016,0.065217391
10/26/2016,0.018584245
10/27/2016,-0.003823259
10/28/2016,0.002866304
10/31/2016,-0.007217943
11/1/2016,0.006782473
11/3/2016,-0.015363738
11/4/2016,0.002411892
11/7/2016,0.082445372
11/8/2016,0.018054799
11/9/2016,0.018581232
11/10/2016,0.082112078
11/11/2016,-0.051786869
11/14/2016,0.04702622
11/16/2016,-0.07366235
11/17/2016,-0.016572157
11/18/2016,-0.014214196
11/21/2016,0.05540945
11/22/2016,0.061479636
11/23/2016,0.012830372
11/24/2016,-0.017862852
11/25/2016,0.045286243
11/28/2016,0.063409887
11/29/2016,-0.041802409
11/30/2016,-0.030370172
12/1/2016,-0.009770704
12/2/2016,0.050767884
12/5/2016,0.007951534
12/6/2016,0.014274981
12/7/2016,0.031111111
12/8/2016,-0.03987069
12/9/2016,-0.006734007
12/12/2016,-0.012052731
12/13/2016,-0.041174228
12/14/2016,-0.021868787
12/15/2016,0.017886179
12/16/2016,-0.028354633
12/19/2016,-0.063296342
12/20/2016,0.015357613
12/21/2016,-0.007346586
12/22/2016,-0.051806704
12/23/2016,0.022497704
12/26/2016,0.024696902
12/27/2016,0.012269939
12/28/2016,0.03030303
12/29/2016,-0.019327731
1/2/2017,-0.020994002
1/3/2017,0.055142232
1/4/2017,-0.01907922
1/5/2017,0.047357294
1/6/2017,-0.026645135
1/9/2017,0.021153049
1/10/2017,0.062956946
1/11/2017,0.028276653
1/12/2017,0.021181717
1/13/2017,0.024017467
1/16/2017,0.032693674
1/17/2017,-0.019614591
1/18/2017,0.033345033
1/19/2017,-0.025475543
1/20/2017,0.047403276
1/23/2017,0.048252912
1/24/2017,0.027936508
1/26/2017,-0.015441631
1/27/2017,0.006900878
1/30/2017,-0.051713396
1/31/2017,0.003613666
2/1/2017,0.027495908
2/2/2017,-0.022937241
2/3/2017,-0.054124552
2/6/2017,-0.014133058
2/7/2017,0.012237762
2/8/2017,0.008981002
2/9/2017,0.003423485
2/10/2017,0.065506653
2/13/2017,0.067883445
2/14/2017,-0.033583208
2/15/2017,-0.009928638
2/16/2017,-0.001880288
2/17/2017,0.01255887
2/20/2017,0.061705426
2/21/2017,-0.01489486
2/22/2017,-0.021049511
2/23/2017,-0.041490006
2/24/2017,-0.004423381
3/1/2017,0.011424944
3/2/2017,-0.048321305
3/3/2017,0
3/6/2017,-0.030992417
3/7/2017,0.002041511
3/8/2017,-0.027164686
3/9/2017,0.006980803
3/10/2017,-0.02287695
3/13/2017,0.040085137
3/14/2017,0.010572988
3/15/2017,0.069186635
3/16/2017,-0.026515152
3/17/2017,-0.030479896
3/20/2017,0.010033445
3/21/2017,-0.084768212
